ISO-10303-21;
HEADER;
FILE_DESCRIPTION (( 'STEP AP214' ),
    '1' );
FILE_NAME ('JZ400.STEP',
    '2025-01-26T09:31:26',
    ( '' ),
    ( '' ),
    'SwSTEP 2.0',
    'SolidWorks 2016',
    '' );
FILE_SCHEMA (( 'AUTOMOTIVE_DESIGN' ));
ENDSEC;

DATA;
#1 = CARTESIAN_POINT ( 'NONE',  ( 0.2285999999996929900, 1.445203729341800100, 0.6722767983249122700 ) ) ;
#2 = CARTESIAN_POINT ( 'NONE',  ( 0.4191000000053055600, 0.6695393597595905600, -1.552930020166260800 ) ) ;
#3 = ORIENTED_EDGE ( 'NONE', *, *, #3943, .T. ) ;
#4 = FACE_OUTER_BOUND ( 'NONE', #4655, .T. ) ;
#6 = CARTESIAN_POINT ( 'NONE',  ( 1.514738666078486500, 0.6908799999999996100, -0.5159523364485985000 ) ) ;
#5 = AXIS2_PLACEMENT_3D ( 'NONE', #6984, #3293, #7594 ) ;
#7 = ADVANCED_FACE ( 'NONE', ( #3154 ), #5817, .T. ) ;
#8 = ORIENTED_EDGE ( 'NONE', *, *, #3614, .F. ) ;
#9 = CARTESIAN_POINT ( 'NONE',  ( -0.4416971632238544400, 0.6603999999999997600, 1.569720000000000000 ) ) ;
#10 = CARTESIAN_POINT ( 'NONE',  ( 1.353112248377910700E-016, 0.6604000000000002100, 1.104900000000000000 ) ) ;
#11 = EDGE_CURVE ( 'NONE', #6102, #3438, #4601, .T. ) ;
#12 = EDGE_LOOP ( 'NONE', ( #3520, #2168, #5242, #833 ) ) ;
#13 = CARTESIAN_POINT ( 'NONE',  ( -2.235274770618868300, -2.009275520751769000E-016, -1.587574770618867400 ) ) ;
#14 = CARTESIAN_POINT ( 'NONE',  ( 0.3886199999999957500, 0.6934199999999997000, 1.600200000000000100 ) ) ;
#15 = DIRECTION ( 'NONE',  ( 0.7071067811865441300, 0.0000000000000000000, 0.7071067811865507900 ) ) ;
#16 = ORIENTED_EDGE ( 'NONE', *, *, #5284, .T. ) ;
#17 = DIRECTION ( 'NONE',  ( -0.0000000000000000000, -1.000000000000000000, -0.0000000000000000000 ) ) ;
#18 = CARTESIAN_POINT ( 'NONE',  ( -2.235274770618868300, 0.6477747706188679000, 1.600199999999999600 ) ) ;
#19 = FACE_OUTER_BOUND ( 'NONE', #6680, .T. ) ;
#20 = DIRECTION ( 'NONE',  ( 1.000000000000000000, -0.0000000000000000000, 0.0000000000000000000 ) ) ;
#21 = DIRECTION ( 'NONE',  ( 1.000000000000000000, 0.0000000000000000000, -0.0000000000000000000 ) ) ;
#22 = CARTESIAN_POINT ( 'NONE',  ( -1.484294868104226700, 1.442227999587952600, 0.8582852406834503600 ) ) ;
#23 = ORIENTED_EDGE ( 'NONE', *, *, #6507, .F. ) ;
#24 = LINE ( 'NONE', #7057, #1790 ) ;
#25 = DIRECTION ( 'NONE',  ( 0.0000000000000000000, 0.0000000000000000000, -1.000000000000000000 ) ) ;
#26 = CIRCLE ( 'NONE', #2355, 0.03047999999999991000 ) ;
#27 = CARTESIAN_POINT ( 'NONE',  ( 2.217132737020558700, 0.6603986462950808300, -0.7672287482557533800 ) ) ;
#28 = AXIS2_PLACEMENT_3D ( 'NONE', #3351, #3025, #3004 ) ;
#29 = ORIENTED_EDGE ( 'NONE', *, *, #7862, .T. ) ;
#30 = EDGE_LOOP ( 'NONE', ( #7383, #7400, #1612 ) ) ;
#31 = EDGE_CURVE ( 'NONE', #6993, #328, #6241, .T. ) ;
#32 = AXIS2_PLACEMENT_3D ( 'NONE', #5603, #4107, #5020 ) ;
#33 = EDGE_CURVE ( 'NONE', #2344, #7823, #1321, .T. ) ;
#34 = LINE ( 'NONE', #6316, #1429 ) ;
#35 = LINE ( 'NONE', #989, #3254 ) ;
#36 = ORIENTED_EDGE ( 'NONE', *, *, #1059, .F. ) ;
#37 = CARTESIAN_POINT ( 'NONE',  ( 0.0000000000000000000, 0.6603999999999998800, -1.569720000000000000 ) ) ;
#38 = ORIENTED_EDGE ( 'NONE', *, *, #3232, .F. ) ;
#39 = ADVANCED_FACE ( 'NONE', ( #4409 ), #7487, .T. ) ;
#40 = CARTESIAN_POINT ( 'NONE',  ( -2.217420000000000200, 0.03048000000000004900, 1.600200000000000100 ) ) ;
#41 = CARTESIAN_POINT ( 'NONE',  ( -0.4191000000044061700, 0.6671945750195271700, 1.555508593007487500 ) ) ;
#42 = CARTESIAN_POINT ( 'NONE',  ( 2.217420000000001100, 0.6299199999999998100, 0.5257799999999996900 ) ) ;
#43 = DIRECTION ( 'NONE',  ( -0.7071067811865509000, 0.0000000000000000000, 0.7071067811865442400 ) ) ;
#44 = VECTOR ( 'NONE', #4162, 1000.000000000000000 ) ;
#45 = CARTESIAN_POINT ( 'NONE',  ( 1.554692307483178200, 0.9144000000000002100, 0.3810000000000000600 ) ) ;
#46 = DIRECTION ( 'NONE',  ( 0.0000000000000000000, 0.0000000000000000000, 1.000000000000000000 ) ) ;
#47 = DIRECTION ( 'NONE',  ( -0.0000000000000000000, -1.000000000000000000, -0.0000000000000000000 ) ) ;
#48 = ADVANCED_FACE ( 'NONE', ( #2966 ), #4215, .T. ) ;
#49 = CARTESIAN_POINT ( 'NONE',  ( -1.489779957083530600, 1.417319999999999700, 0.8739425149700598100 ) ) ;
#50 = CARTESIAN_POINT ( 'NONE',  ( 0.1905000000000001400, 0.9144000000000002100, -6.762205290378619100E-018 ) ) ;
#51 = EDGE_CURVE ( 'NONE', #2087, #673, #6040, .T. ) ;
#52 = CARTESIAN_POINT ( 'NONE',  ( -0.2286000000000001100, 1.447800000000000000, -0.6600335521774631800 ) ) ;
#53 =( BOUNDED_SURFACE ( )  B_SPLINE_SURFACE ( 3, 3, (
 ( #7892, #6713, #3033, #7333 ),
 ( #3657, #13, #4271, #587 ),
 ( #4888, #1192, #5496, #1812 ),
 ( #6132, #2423, #6739, #3062 ) ),
 .UNSPECIFIED., .F., .F., .F. )
 B_SPLINE_SURFACE_WITH_KNOTS ( ( 4, 4 ),
 ( 4, 4 ),
 ( 0.0000000000000000000, 1.000000000000000000 ),
 ( 0.0000000000000000000, 1.000000000000000000 ),
 .UNSPECIFIED. )
 GEOMETRIC_REPRESENTATION_ITEM ( )  RATIONAL_B_SPLINE_SURFACE ( (
 ( 1.000000000000000000, 0.8047378541243617200, 0.8047378541243617200, 1.000000000000000000),
 ( 0.8047378541243652700, 0.6476030138606853100, 0.6476030138606853100, 0.8047378541243652700),
 ( 0.8047378541243652700, 0.6476030138606853100, 0.6476030138606853100, 0.8047378541243652700),
 ( 1.000000000000000000, 0.8047378541243617200, 0.8047378541243617200, 1.000000000000000000) ) )
 REPRESENTATION_ITEM ( '' )  SURFACE ( )  );
#54 = ORIENTED_EDGE ( 'NONE', *, *, #1523, .F. ) ;
#55 = CARTESIAN_POINT ( 'NONE',  ( 0.4190999999999958100, 0.6607081245621814200, 1.569720000142649000 ) ) ;
#56 = ORIENTED_EDGE ( 'NONE', *, *, #2138, .F. ) ;
#57 = EDGE_CURVE ( 'NONE', #7190, #4605, #1125, .T. ) ;
#58 = CARTESIAN_POINT ( 'NONE',  ( 1.418627385309442900, 0.6603999999999998800, 1.591272614690565600 ) ) ;
#59 = FILL_AREA_STYLE_COLOUR ( '', #6322 ) ;
#60 = CARTESIAN_POINT ( 'NONE',  ( -2.217420000000000200, 0.6299199999999998100, -1.569720000000000000 ) ) ;
#61 = ORIENTED_EDGE ( 'NONE', *, *, #5701, .T. ) ;
#62 = ORIENTED_EDGE ( 'NONE', *, *, #6064, .T. ) ;
#63 = DIRECTION ( 'NONE',  ( 0.0000000000000000000, -0.0000000000000000000, 1.000000000000000000 ) ) ;
#64 = AXIS2_PLACEMENT_3D ( 'NONE', #5416, #5391, #5367 ) ;
#65 = ORIENTED_EDGE ( 'NONE', *, *, #1021, .F. ) ;
#66 = CARTESIAN_POINT ( 'NONE',  ( 1.586257729522444500, 1.277778633242117900, 0.2242766392067672400 ) ) ;
#67 = CIRCLE ( 'NONE', #5315, 0.03047999999999983000 ) ;
#68 = DIRECTION ( 'NONE',  ( 0.0000000000000000000, 0.0000000000000000000, -1.000000000000000000 ) ) ;
#70 = ADVANCED_FACE ( 'NONE', ( #7290 ), #7245, .T. ) ;
#69 = CARTESIAN_POINT ( 'NONE',  ( -0.4334411414813528800, 0.6908799999999996100, -1.540379439252336400 ) ) ;
#71 = ORIENTED_EDGE ( 'NONE', *, *, #3654, .T. ) ;
#72 = AXIS2_PLACEMENT_3D ( 'NONE', #5505, #3089, #3069 ) ;
#73 = FACE_OUTER_BOUND ( 'NONE', #5757, .T. ) ;
#74 = CARTESIAN_POINT ( 'NONE',  ( 0.8509000000000003200, 0.08890000000000000700, 0.4952999999999996300 ) ) ;
#75 = EDGE_CURVE ( 'NONE', #5279, #3945, #5761, .T. ) ;
#76 = DIRECTION ( 'NONE',  ( 1.000000000000000000, 0.0000000000000000000, -0.0000000000000000000 ) ) ;
#77 = CARTESIAN_POINT ( 'NONE',  ( 1.516380000000000300, 1.130299999999999900, 0.3139238601954303900 ) ) ;
#78 = CARTESIAN_POINT ( 'NONE',  ( 1.543590829132131600, 0.6604000000000002100, 0.5257799993138125800 ) ) ;
#79 = LINE ( 'NONE', #1785, #1474 ) ;
#80 = LINE ( 'NONE', #5931, #6000 ) ;
#81 = CARTESIAN_POINT ( 'NONE',  ( 1.460500000000000100, 1.130299999999999900, -0.4953000000000003000 ) ) ;
#82 = CARTESIAN_POINT ( 'NONE',  ( -1.866900000000000000, 0.6299199999999998100, -1.219199999999999800 ) ) ;
#83 = ADVANCED_FACE ( 'NONE', ( #2573 ), #5569, .T. ) ;
#84 = DIRECTION ( 'NONE',  ( 0.0000000000000000000, 1.000000000000000000, 0.0000000000000000000 ) ) ;
#85 = ORIENTED_EDGE ( 'NONE', *, *, #2194, .T. ) ;
#86 = ORIENTED_EDGE ( 'NONE', *, *, #4287, .F. ) ;
#87 = VECTOR ( 'NONE', #1533, 1000.000000000000000 ) ;
#88 = ORIENTED_EDGE ( 'NONE', *, *, #5679, .T. ) ;
#89 = DIRECTION ( 'NONE',  ( 0.0000000000000000000, 0.0000000000000000000, 1.000000000000000000 ) ) ;
#90 = CARTESIAN_POINT ( 'NONE',  ( -0.4416971632238544400, 0.6603999999999997600, 1.569720000000000000 ) ) ;
#91 = ORIENTED_EDGE ( 'NONE', *, *, #2440, .T. ) ;
#92 = ORIENTED_EDGE ( 'NONE', *, *, #768, .F. ) ;
#93 = FACE_OUTER_BOUND ( 'NONE', #7300, .T. ) ;
#94 = EDGE_CURVE ( 'NONE', #439, #3573, #858, .T. ) ;
#95 = ORIENTED_EDGE ( 'NONE', *, *, #706, .F. ) ;
#96 = CARTESIAN_POINT ( 'NONE',  ( -0.4286669376602914600, 0.6908353484922931100, -1.541722833159794500 ) ) ;
#97 = ORIENTED_EDGE ( 'NONE', *, *, #2922, .F. ) ;
#98 = CARTESIAN_POINT ( 'NONE',  ( -0.2285999999999999700, 1.422400000000000800, 0.6868575179758901200 ) ) ;
#99 = CARTESIAN_POINT ( 'NONE',  ( -0.3886199999999958000, -3.388131789017201400E-018, -1.480820000000000200 ) ) ;
#100 = CARTESIAN_POINT ( 'NONE',  ( 1.516380000000000300, 0.9144000000000001000, 0.3810395180039389800 ) ) ;
#101 = VERTEX_POINT ( 'NONE', #131 ) ;
#102 = CARTESIAN_POINT ( 'NONE',  ( 6.532266026651982100E-017, 0.7238999999999995400, 1.600199999999999800 ) ) ;
#103 = CARTESIAN_POINT ( 'NONE',  ( 1.516865189599710100, 0.9877809352618639500, 0.3737886162181876000 ) ) ;
#104 = AXIS2_PLACEMENT_3D ( 'NONE', #3838, #174, #4444 ) ;
#105 = CARTESIAN_POINT ( 'NONE',  ( 1.572260000000000900, 0.1117600000000006900, 0.4952999999999996300 ) ) ;
#106 =( BOUNDED_CURVE ( )  B_SPLINE_CURVE ( 3, ( #2281, #5971, #6597, #2908 ),
 .UNSPECIFIED., .F., .F. )
 B_SPLINE_CURVE_WITH_KNOTS ( ( 4, 4 ),
 ( 4.712388980384689700, 6.283185307179586200 ),
 .UNSPECIFIED. )
 CURVE ( )  GEOMETRIC_REPRESENTATION_ITEM ( )  RATIONAL_B_SPLINE_CURVE ( ( 1.000000000000000000, 0.8047378541243649400, 0.8047378541243649400, 1.000000000000000000 ) )
 REPRESENTATION_ITEM ( '' )  );
#107 = AXIS2_PLACEMENT_3D ( 'NONE', #2310, #4185, #6658 ) ;
#108 = CARTESIAN_POINT ( 'NONE',  ( -1.489779957083530800, 0.6730252293811316300, -0.8739425149700592600 ) ) ;
#109 = LINE ( 'NONE', #4119, #5170 ) ;
#110 = DIRECTION ( 'NONE',  ( 0.0000000000000000000, -0.0000000000000000000, -1.000000000000000000 ) ) ;
#111 = CARTESIAN_POINT ( 'NONE',  ( 1.514828402163096400, 0.6604000000000002100, 0.4114799999999999600 ) ) ;
#112 = CIRCLE ( 'NONE', #6349, 0.03048000000000004900 ) ;
#113 = CARTESIAN_POINT ( 'NONE',  ( 2.217420000000001100, 0.03048000000000004900, 0.7493747706188677000 ) ) ;
#114 = CARTESIAN_POINT ( 'NONE',  ( 1.384898868760781100E-016, 1.447799999999999800, 1.135379999999999800 ) ) ;
#115 = ORIENTED_EDGE ( 'NONE', *, *, #940, .F. ) ;
#116 = DIRECTION ( 'NONE',  ( 0.0000000000000000000, -0.0000000000000000000, 1.000000000000000000 ) ) ;
#117 = ORIENTED_EDGE ( 'NONE', *, *, #6734, .T. ) ;
#118 = CARTESIAN_POINT ( 'NONE',  ( 0.0000000000000000000, 7.512325129353056000, -0.8889999999999996800 ) ) ;
#119 = VECTOR ( 'NONE', #518, 1000.000000000000000 ) ;
#120 = ADVANCED_FACE ( 'NONE', ( #7209 ), #3184, .F. ) ;
#121 = ORIENTED_EDGE ( 'NONE', *, *, #6784, .T. ) ;
#122 = CARTESIAN_POINT ( 'NONE',  ( -0.4191000001234629900, 0.6907460454768802300, -1.544342977257723300 ) ) ;
#123 = CARTESIAN_POINT ( 'NONE',  ( -2.235274770618868300, 1.118083490375676400E-016, 0.4952999999999996300 ) ) ;
#124 = LINE ( 'NONE', #7532, #1709 ) ;
#125 = FACE_OUTER_BOUND ( 'NONE', #1418, .T. ) ;
#126 = ORIENTED_EDGE ( 'NONE', *, *, #4634, .T. ) ;
#127 = CARTESIAN_POINT ( 'NONE',  ( 0.0000000000000000000, 0.08890000000000000700, -1.541780000000000400 ) ) ;
#128 = CARTESIAN_POINT ( 'NONE',  ( 1.418728709932699500, 0.6425796973760767900, 1.591170811457688300 ) ) ;
#129 = ORIENTED_EDGE ( 'NONE', *, *, #5255, .T. ) ;
#130 = EDGE_CURVE ( 'NONE', #6900, #5205, #4392, .T. ) ;
#131 = CARTESIAN_POINT ( 'NONE',  ( 0.4190999999999958600, 0.03047999999999999300, 1.541780000000000200 ) ) ;
#132 = CARTESIAN_POINT ( 'NONE',  ( -1.668797770067633300, 0.6652825239825529400, -0.4953000000006391700 ) ) ;
#133 = DIRECTION ( 'NONE',  ( -2.188980764154056600E-016, -0.0000000000000000000, -1.000000000000000000 ) ) ;
#134 = CARTESIAN_POINT ( 'NONE',  ( 1.527301356511757000, 1.093693306366331200, 0.3358034316901971100 ) ) ;
#135 = DIRECTION ( 'NONE',  ( -0.0000000000000000000, -0.0000000000000000000, -1.000000000000000000 ) ) ;
#136 = DIRECTION ( 'NONE',  ( -1.000000000000000000, -0.0000000000000000000, 0.0000000000000000000 ) ) ;
#137 = CARTESIAN_POINT ( 'NONE',  ( -0.2092467760618337600, 0.7238999992708106100, 1.587319261142515300 ) ) ;
#138 = VERTEX_POINT ( 'NONE', #4157 ) ;
#139 = DIRECTION ( 'NONE',  ( 0.0000000000000000000, 0.0000000000000000000, 1.000000000000000000 ) ) ;
#140 = VERTEX_POINT ( 'NONE', #4963 ) ;
#141 = CARTESIAN_POINT ( 'NONE',  ( 1.418728709932699300, 0.01782030262392305900, 1.591170811457688600 ) ) ;
#142 = SHAPE_DEFINITION_REPRESENTATION ( #1137, #2955 ) ;
#143 = VERTEX_POINT ( 'NONE', #6174 ) ;
#144 = CARTESIAN_POINT ( 'NONE',  ( -1.670038258121945700, 0.6603999999999994300, -0.4878155852370099100 ) ) ;
#145 = VERTEX_POINT ( 'NONE', #4366 ) ;
#146 = EDGE_LOOP ( 'NONE', ( #260, #3530 ) ) ;
#147 = CARTESIAN_POINT ( 'NONE',  ( 1.397074770618876900, 0.6299199999999999200, 1.600199999999999800 ) ) ;
#148 = CARTESIAN_POINT ( 'NONE',  ( 0.05284196156714248600, 0.7238999999784177000, -1.600199999999999600 ) ) ;
#149 = FACE_OUTER_BOUND ( 'NONE', #1490, .T. ) ;
#150 = CARTESIAN_POINT ( 'NONE',  ( 0.4495799999999962600, 0.1193800000000000400, -1.600200000000000100 ) ) ;
#151 = EDGE_CURVE ( 'NONE', #7018, #2273, #7023, .T. ) ;
#152 = ADVANCED_FACE ( 'NONE', ( #5380 ), #4931, .F. ) ;
#153 = ORIENTED_EDGE ( 'NONE', *, *, #537, .T. ) ;
#154 = CARTESIAN_POINT ( 'NONE',  ( -0.4190999999999958100, 0.6818036056048948400, -1.545730233571723100 ) ) ;
#155 = CARTESIAN_POINT ( 'NONE',  ( 1.388147385309442600, 0.03048000000000004900, -1.578647385309434300 ) ) ;
#156 = CARTESIAN_POINT ( 'NONE',  ( 0.0000000000000000000, 0.6603999999999998800, -0.9194799999999996300 ) ) ;
#157 = CARTESIAN_POINT ( 'NONE',  ( 0.0000000000000000000, 0.7238999999999995400, 0.0000000000000000000 ) ) ;
#158 = CARTESIAN_POINT ( 'NONE',  ( 1.526689624153546400, 0.6603999999999997600, -0.5200230879780291000 ) ) ;
#159 = ORIENTED_EDGE ( 'NONE', *, *, #978, .F. ) ;
#160 = DIRECTION ( 'NONE',  ( 1.000000000000000000, -0.0000000000000000000, 0.0000000000000000000 ) ) ;
#161 = VECTOR ( 'NONE', #3442, 1000.000000000000000 ) ;
#162 = CARTESIAN_POINT ( 'NONE',  ( 1.412927103711797000, 0.01436392618269409300, 1.597027355825621800 ) ) ;
#163 = ORIENTED_EDGE ( 'NONE', *, *, #2010, .F. ) ;
#164 = AXIS2_PLACEMENT_3D ( 'NONE', #5546, #6795, #6662 ) ;
#165 = EDGE_CURVE ( 'NONE', #2056, #2363, #2481, .T. ) ;
#166 = CARTESIAN_POINT ( 'NONE',  ( -0.2285999999999999700, 1.422399999999999900, 0.2199704525612474800 ) ) ;
#167 = LINE ( 'NONE', #2487, #7733 ) ;
#168 = ORIENTED_EDGE ( 'NONE', *, *, #5175, .F. ) ;
#169 = EDGE_CURVE ( 'NONE', #1895, #6134, #3754, .T. ) ;
#170 = EDGE_CURVE ( 'NONE', #2303, #592, #670, .T. ) ;
#171 =( BOUNDED_CURVE ( )  B_SPLINE_CURVE ( 3, ( #4912, #3679, #6740, #1224 ),
 .UNSPECIFIED., .F., .F. )
 B_SPLINE_CURVE_WITH_KNOTS ( ( 4, 4 ),
 ( 4.712388980384689700, 6.283185307179586200 ),
 .UNSPECIFIED. )
 CURVE ( )  GEOMETRIC_REPRESENTATION_ITEM ( )  RATIONAL_B_SPLINE_CURVE ( ( 1.000000000000000000, 0.8047378541243649400, 0.8047378541243649400, 1.000000000000000000 ) )
 REPRESENTATION_ITEM ( '' )  );
#172 = VECTOR ( 'NONE', #1251, 1000.000000000000000 ) ;
#173 = DIRECTION ( 'NONE',  ( 0.0000000000000000000, -1.000000000000000000, -0.0000000000000000000 ) ) ;
#174 = DIRECTION ( 'NONE',  ( 0.0000000000000000000, 1.000000000000000000, 0.0000000000000000000 ) ) ;
#175 = PLANE ( 'NONE',  #1061 ) ;
#176 = ORIENTED_EDGE ( 'NONE', *, *, #441, .T. ) ;
#177 = CARTESIAN_POINT ( 'NONE',  ( -1.672110705452322100, 0.6634503033236209800, -0.4953000000001114300 ) ) ;
#178 = CARTESIAN_POINT ( 'NONE',  ( 0.4416971632238546600, 0.6603999999999997600, 1.569720000000000000 ) ) ;
#179 = VERTEX_POINT ( 'NONE', #4339 ) ;
#180 = VECTOR ( 'NONE', #3818, 1000.000000000000000 ) ;
#181 = EDGE_LOOP ( 'NONE', ( #1809, #947, #1722, #361 ) ) ;
#182 = EDGE_LOOP ( 'NONE', ( #5439, #2160, #5739, #6173 ) ) ;
#183 = CARTESIAN_POINT ( 'NONE',  ( 0.0000000000000000000, 7.512325129353056000, -1.104900000000000000 ) ) ;
#184 = CIRCLE ( 'NONE', #3063, 0.03048000000000003500 ) ;
#185 = ORIENTED_EDGE ( 'NONE', *, *, #2475, .F. ) ;
#186 = CARTESIAN_POINT ( 'NONE',  ( 1.397074770618876900, 0.0000000000000000000, -1.569720000000000000 ) ) ;
#187 = CARTESIAN_POINT ( 'NONE',  ( 0.9825054945054951800, 1.447800000000000000, -0.3989213776896757300 ) ) ;
#188 = VERTEX_POINT ( 'NONE', #6150 ) ;
#189 = EDGE_CURVE ( 'NONE', #4148, #1896, #5183, .T. ) ;
#190 = AXIS2_PLACEMENT_3D ( 'NONE', #414, #3489, #7786 ) ;
#191 = ADVANCED_FACE ( 'NONE', ( #2289 ), #6634, .T. ) ;
#192 = ORIENTED_EDGE ( 'NONE', *, *, #1946, .T. ) ;
#193 = CIRCLE ( 'NONE', #3149, 0.03048000000000003500 ) ;
#194 = EDGE_LOOP ( 'NONE', ( #652, #6840, #6922, #4416, #1643 ) ) ;
#195 = EDGE_CURVE ( 'NONE', #2158, #5500, #304, .T. ) ;
#196 = DIRECTION ( 'NONE',  ( 0.0000000000000000000, 0.0000000000000000000, -1.000000000000000000 ) ) ;
#197 = CARTESIAN_POINT ( 'NONE',  ( -0.4495799999999958700, 0.1193799999999999900, -1.600200000000000100 ) ) ;
#198 = DIRECTION ( 'NONE',  ( 0.0000000000000000000, 1.000000000000000000, 0.0000000000000000000 ) ) ;
#199 = DIRECTION ( 'NONE',  ( -0.0000000000000000000, 0.0000000000000000000, 1.000000000000000000 ) ) ;
#200 = EDGE_LOOP ( 'NONE', ( #1094, #3281, #6428 ) ) ;
#201 = DIRECTION ( 'NONE',  ( 0.0000000000000000000, 0.0000000000000000000, -1.000000000000000000 ) ) ;
#202 = CARTESIAN_POINT ( 'NONE',  ( -1.675582088861891300, 0.6622385228949452300, -0.4953000000001114300 ) ) ;
#203 = LINE ( 'NONE', #1761, #6526 ) ;
#204 = CARTESIAN_POINT ( 'NONE',  ( -1.460500000000000100, 0.1117600000000006900, 0.4952999999999996300 ) ) ;
#205 = CIRCLE ( 'NONE', #335, 0.03047999999999999300 ) ;
#206 = VERTEX_POINT ( 'NONE', #2524 ) ;
#207 = CARTESIAN_POINT ( 'NONE',  ( 0.0000000000000000000, 0.6603999999999998800, 0.0000000000000000000 ) ) ;
#208 = CARTESIAN_POINT ( 'NONE',  ( -2.235274770618868700, 1.270221856575271200E-016, 1.587574770618868500 ) ) ;
#209 = EDGE_LOOP ( 'NONE', ( #5351, #192, #5378, #2876, #4053 ) ) ;
#210 = ORIENTED_EDGE ( 'NONE', *, *, #5604, .F. ) ;
#211 = VECTOR ( 'NONE', #5182, 1000.000000000000000 ) ;
#212 = CARTESIAN_POINT ( 'NONE',  ( -2.247900000000000000, 0.6299199999999997000, -1.587574770618868100 ) ) ;
#213 = CARTESIAN_POINT ( 'NONE',  ( 0.0000000000000000000, 1.422400000000000800, 0.0000000000000000000 ) ) ;
#214 = VECTOR ( 'NONE', #5778, 1000.000000000000000 ) ;
#215 = EDGE_LOOP ( 'NONE', ( #3560, #2825, #4964, #1969, #6692 ) ) ;
#216 = CARTESIAN_POINT ( 'NONE',  ( 1.516380000000000500, 0.6603999999999998800, 0.4952999999999996300 ) ) ;
#217 = EDGE_LOOP ( 'NONE', ( #1916, #1959, #1070, #2425 ) ) ;
#218 = DIRECTION ( 'NONE',  ( 0.0000000000000000000, 1.000000000000000000, 0.0000000000000000000 ) ) ;
#219 = CARTESIAN_POINT ( 'NONE',  ( -1.039312762538662400, 1.422400000000000300, -0.4305577035952895000 ) ) ;
#220 = EDGE_CURVE ( 'NONE', #3427, #3096, #5005, .T. ) ;
#221 = DIRECTION ( 'NONE',  ( -0.0000000000000000000, -0.0000000000000000000, -1.000000000000000000 ) ) ;
#222 = CYLINDRICAL_SURFACE ( 'NONE', #5486, 1.727200000000000100 ) ;
#223 = CARTESIAN_POINT ( 'NONE',  ( -1.321554598097102400, 1.435174770618868000, -0.9022934579439249000 ) ) ;
#224 = CARTESIAN_POINT ( 'NONE',  ( 2.247900000000001300, 0.01249151612450914000, -0.7493747706188677000 ) ) ;
#225 = DIRECTION ( 'NONE',  ( 0.0000000000000000000, 0.0000000000000000000, -1.000000000000000000 ) ) ;
#226 = EDGE_CURVE ( 'NONE', #901, #5077, #3557, .T. ) ;
#227 = CARTESIAN_POINT ( 'NONE',  ( -1.679051226570898800, 0.6610275263888928400, -0.4953000000001114300 ) ) ;
#228 = DIRECTION ( 'NONE',  ( 1.000000000000000000, 0.0000000000000000000, -0.0000000000000000000 ) ) ;
#229 = ADVANCED_FACE ( 'NONE', ( #491 ), #4790, .T. ) ;
#230 = CARTESIAN_POINT ( 'NONE',  ( 0.8509000000000003200, 0.08890000000000000700, -0.4953000000000003000 ) ) ;
#231 = ORIENTED_EDGE ( 'NONE', *, *, #2214, .F. ) ;
#232 = ORIENTED_EDGE ( 'NONE', *, *, #7556, .F. ) ;
#233 = CARTESIAN_POINT ( 'NONE',  ( 0.4259600306158578500, 0.6908799785229717800, 1.542484518786936300 ) ) ;
#234 = EDGE_CURVE ( 'NONE', #6360, #4577, #124, .T. ) ;
#235 = CARTESIAN_POINT ( 'NONE',  ( -0.4341116455400911300, 0.6603999999999998800, 1.570759491546730000 ) ) ;
#236 = COLOUR_RGB ( '',0.0000000000000000000, 0.5019607843137254800, 0.0000000000000000000 ) ;
#237 = CARTESIAN_POINT ( 'NONE',  ( -0.2106170807924044600, 1.447799999999999800, -0.6659900113954304600 ) ) ;
#238 = ORIENTED_EDGE ( 'NONE', *, *, #130, .T. ) ;
#239 = ORIENTED_EDGE ( 'NONE', *, *, #1864, .T. ) ;
#240 = ORIENTED_EDGE ( 'NONE', *, *, #4848, .F. ) ;
#241 = CYLINDRICAL_SURFACE ( 'NONE', #1501, 0.3810000000000000100 ) ;
#242 = CIRCLE ( 'NONE', #4907, 0.03048000000000004900 ) ;
#243 = CARTESIAN_POINT ( 'NONE',  ( 0.4190999999999960900, 0.6607081252762645500, -1.569720000285298000 ) ) ;
#244 = CARTESIAN_POINT ( 'NONE',  ( -2.209800000000000000, 1.435174770618868000, 1.104900000000000200 ) ) ;
#245 = DIRECTION ( 'NONE',  ( 0.0000000000000000000, 1.000000000000000000, 0.0000000000000000000 ) ) ;
#246 = ORIENTED_EDGE ( 'NONE', *, *, #5774, .T. ) ;
#247 = FACE_OUTER_BOUND ( 'NONE', #5544, .T. ) ;
#248 = DIRECTION ( 'NONE',  ( 0.0000000000000000000, 0.0000000000000000000, 1.000000000000000000 ) ) ;
#249 = EDGE_CURVE ( 'NONE', #358, #6718, #1902, .T. ) ;
#250 = DIRECTION ( 'NONE',  ( -0.0000000000000000000, -0.0000000000000000000, -1.000000000000000000 ) ) ;
#251 = ORIENTED_EDGE ( 'NONE', *, *, #2636, .F. ) ;
#252 = PLANE ( 'NONE',  #2394 ) ;
#253 = DIRECTION ( 'NONE',  ( 0.0000000000000000000, 0.0000000000000000000, 1.000000000000000000 ) ) ;
#254 = LINE ( 'NONE', #516, #4747 ) ;
#255 = DIRECTION ( 'NONE',  ( -1.000000000000000000, 0.0000000000000000000, 0.0000000000000000000 ) ) ;
#256 = VECTOR ( 'NONE', #7649, 1000.000000000000000 ) ;
#257 = DIRECTION ( 'NONE',  ( -1.000000000000000000, 0.0000000000000000000, 0.0000000000000000000 ) ) ;
#258 = ORIENTED_EDGE ( 'NONE', *, *, #7832, .F. ) ;
#259 = VERTEX_POINT ( 'NONE', #2361 ) ;
#260 = ORIENTED_EDGE ( 'NONE', *, *, #6479, .F. ) ;
#261 = DIRECTION ( 'NONE',  ( 0.0000000000000000000, 0.0000000000000000000, -1.000000000000000000 ) ) ;
#262 = DIRECTION ( 'NONE',  ( -1.000000000000000000, 0.0000000000000000000, 0.0000000000000000000 ) ) ;
#263 = ADVANCED_FACE ( 'NONE', ( #6439 ), #3735, .F. ) ;
#264 = AXIS2_PLACEMENT_3D ( 'NONE', #3095, #7401, #3724 ) ;
#265 = EDGE_CURVE ( 'NONE', #3427, #756, #7857, .T. ) ;
#266 = DIRECTION ( 'NONE',  ( -0.0000000000000000000, -1.000000000000000000, -0.0000000000000000000 ) ) ;
#267 = EDGE_LOOP ( 'NONE', ( #3609, #7182, #628 ) ) ;
#268 = EDGE_CURVE ( 'NONE', #6964, #1667, #2962, .T. ) ;
#269 = CARTESIAN_POINT ( 'NONE',  ( -0.4238864882852845800, 0.6907906969845865100, -1.543044031380338000 ) ) ;
#270 = VERTEX_POINT ( 'NONE', #3233 ) ;
#271 = FACE_OUTER_BOUND ( 'NONE', #4727, .T. ) ;
#272 = DIRECTION ( 'NONE',  ( 0.0000000000000000000, -1.000000000000000000, 0.0000000000000000000 ) ) ;
#273 = EDGE_LOOP ( 'NONE', ( #185, #3224, #1780, #7800 ) ) ;
#274 = CARTESIAN_POINT ( 'NONE',  ( -1.572260000000000900, 5.421010862427522200E-017, 0.4952999999999996300 ) ) ;
#275 = CARTESIAN_POINT ( 'NONE',  ( -2.247900000000000000, 0.6934199999999998100, 1.600200000000000100 ) ) ;
#276 = CARTESIAN_POINT ( 'NONE',  ( 1.039312762538662400, 1.437278975515723600, 0.4305577035952891100 ) ) ;
#277 = CARTESIAN_POINT ( 'NONE',  ( -1.682776546323001600, 0.6603999999999995400, -0.4953000000000008000 ) ) ;
#278 = PLANE ( 'NONE',  #6054 ) ;
#279 = EDGE_LOOP ( 'NONE', ( #6643, #452, #5884, #4128 ) ) ;
#280 = FACE_OUTER_BOUND ( 'NONE', #1099, .T. ) ;
#281 =( BOUNDED_SURFACE ( )  B_SPLINE_SURFACE ( 3, 3, (
 ( #3150, #7456, #128, #4395 ),
 ( #709, #5018, #1317, #5625 ),
 ( #1929, #6253, #2552, #6867 ),
 ( #3181, #7484, #3810, #147 ) ),
 .UNSPECIFIED., .F., .F., .F. )
 B_SPLINE_SURFACE_WITH_KNOTS ( ( 4, 4 ),
 ( 4, 4 ),
 ( 0.0000000000000000000, 1.000000000000000000 ),
 ( 0.0000000000000000000, 1.000000000000000000 ),
 .UNSPECIFIED. )
 GEOMETRIC_REPRESENTATION_ITEM ( )  RATIONAL_B_SPLINE_SURFACE ( (
 ( 1.000000000000000000, 0.8025111867385920100, 0.8025111867385920100, 1.000000000000000000),
 ( 0.9486501948152650200, 0.7613023936409948300, 0.7613023936409948300, 0.9486501948152650200),
 ( 0.9486501948152650200, 0.7613023936409948300, 0.7613023936409948300, 0.9486501948152650200),
 ( 1.000000000000000000, 0.8025111867385920100, 0.8025111867385920100, 1.000000000000000000) ) )
 REPRESENTATION_ITEM ( '' )  SURFACE ( )  );
#282 = VERTEX_POINT ( 'NONE', #55 ) ;
#283 = CARTESIAN_POINT ( 'NONE',  ( 0.3886199999999958000, -3.388131789017201400E-018, 1.480820000000000000 ) ) ;
#284 = DIRECTION ( 'NONE',  ( -0.0000000000000000000, -1.000000000000000000, -0.0000000000000000000 ) ) ;
#285 = CARTESIAN_POINT ( 'NONE',  ( 2.217420000000001100, 1.084202172485504400E-016, -0.7493747706188677000 ) ) ;
#286 = CARTESIAN_POINT ( 'NONE',  ( 1.522558634467377200, 0.6908799999999996100, -0.4929943853950239900 ) ) ;
#287 = CARTESIAN_POINT ( 'NONE',  ( -0.3108362295486162300, 0.7238999999999995400, 1.569720000000000200 ) ) ;
#288 = CARTESIAN_POINT ( 'NONE',  ( -1.572260000000000900, 0.6603999999999998800, -0.4953000000000003000 ) ) ;
#289 = FACE_OUTER_BOUND ( 'NONE', #883, .T. ) ;
#290 = FACE_OUTER_BOUND ( 'NONE', #3937, .T. ) ;
#291 = AXIS2_PLACEMENT_3D ( 'NONE', #3836, #173, #4442 ) ;
#292 = ORIENTED_EDGE ( 'NONE', *, *, #577, .F. ) ;
#293 = ORIENTED_EDGE ( 'NONE', *, *, #5299, .F. ) ;
#294 = CARTESIAN_POINT ( 'NONE',  ( 1.569125987930860800, 1.447800000000000000, 0.04317999999999980200 ) ) ;
#295 = EDGE_CURVE ( 'NONE', #1379, #4192, #1524, .T. ) ;
#296 = CIRCLE ( 'NONE', #7776, 0.03048000000000004900 ) ;
#297 = CARTESIAN_POINT ( 'NONE',  ( 1.588582653546968000, 1.301773722607236100, 0.01269999999999993200 ) ) ;
#298 = CARTESIAN_POINT ( 'NONE',  ( 1.533812672252936800, 0.6293330548018565300, -0.4561345486107245600 ) ) ;
#299 = CARTESIAN_POINT ( 'NONE',  ( -0.6096000000000000300, 1.346199999999999800, -6.664329519124522100E-017 ) ) ;
#300 = VERTEX_POINT ( 'NONE', #555 ) ;
#301 = CARTESIAN_POINT ( 'NONE',  ( 0.2182758837303102900, 1.437278975515723600, 0.6902078299916277700 ) ) ;
#302 = CARTESIAN_POINT ( 'NONE',  ( 2.217420000000001100, 0.6603999999999996500, 0.0000000000000000000 ) ) ;
#303 = CARTESIAN_POINT ( 'NONE',  ( 0.0000000000000000000, 0.08890000000000000700, 0.0000000000000000000 ) ) ;
#304 = CIRCLE ( 'NONE', #3699, 1.727200000000000100 ) ;
#305 = ADVANCED_FACE ( 'NONE', ( #1334 ), #6050, .T. ) ;
#306 = VECTOR ( 'NONE', #4259, 1000.000000000000000 ) ;
#307 = ORIENTED_EDGE ( 'NONE', *, *, #130, .F. ) ;
#308 = DIRECTION ( 'NONE',  ( 0.0000000000000000000, 0.0000000000000000000, -1.000000000000000000 ) ) ;
#309 = AXIS2_PLACEMENT_3D ( 'NONE', #6282, #6258, #6229 ) ;
#310 = ORIENTED_EDGE ( 'NONE', *, *, #5155, .T. ) ;
#311 = CARTESIAN_POINT ( 'NONE',  ( 0.0000000000000000000, 0.0000000000000000000, 0.4952999999999996300 ) ) ;
#312 = DIRECTION ( 'NONE',  ( -0.0000000000000000000, 1.000000000000000000, 0.0000000000000000000 ) ) ;
#313 = DIRECTION ( 'NONE',  ( 0.0000000000000000000, -0.0000000000000000000, 1.000000000000000000 ) ) ;
#314 = CARTESIAN_POINT ( 'NONE',  ( 1.563028151724421300, 0.6296265274009281700, 0.4953014128635593900 ) ) ;
#315 = ADVANCED_FACE ( 'NONE', ( #3165 ), #2781, .F. ) ;
#316 = CARTESIAN_POINT ( 'NONE',  ( -1.463489722546762500, 0.6603999999999997600, -0.9194799999999996300 ) ) ;
#317 = B_SPLINE_CURVE_WITH_KNOTS ( 'NONE', 3,
 ( #2799, #2769, #2885, #2900, #3359, #3384, #3413, #3443 ),
 .UNSPECIFIED., .F., .F.,
 ( 4, 2, 2, 4 ),
 ( 0.0000000000000000000, 0.2499999999999997800, 0.4999999999999995600, 1.000000000000000000 ),
 .UNSPECIFIED. ) ;
#318 = CARTESIAN_POINT ( 'NONE',  ( 0.4191000001234631600, 0.6907460454768802300, 1.544342977257723300 ) ) ;
#319 = EDGE_CURVE ( 'NONE', #1426, #7018, #2977, .T. ) ;
#320 = EDGE_CURVE ( 'NONE', #4894, #4783, #4421, .T. ) ;
#321 =( LENGTH_UNIT ( ) NAMED_UNIT ( * ) SI_UNIT ( .MILLI., .METRE. ) );
#322 = VERTEX_POINT ( 'NONE', #682 ) ;
#323 = CARTESIAN_POINT ( 'NONE',  ( 1.552855177801553800, 1.230927678512723900, -0.2121973938110242300 ) ) ;
#324 = ORIENTED_EDGE ( 'NONE', *, *, #334, .T. ) ;
#325 = DIRECTION ( 'NONE',  ( 0.0000000000000000000, 1.000000000000000000, 0.0000000000000000000 ) ) ;
#326 = CARTESIAN_POINT ( 'NONE',  ( -1.866900000000000000, 0.5968999999999998800, -1.219199999999999800 ) ) ;
#327 = VECTOR ( 'NONE', #3174, 1000.000000000000000 ) ;
#328 = VERTEX_POINT ( 'NONE', #5103 ) ;
#329 = ORIENTED_EDGE ( 'NONE', *, *, #1128, .F. ) ;
#330 = EDGE_LOOP ( 'NONE', ( #3915, #6980, #643, #5357 ) ) ;
#331 = LINE ( 'NONE', #692, #1549 ) ;
#332 = CARTESIAN_POINT ( 'NONE',  ( 2.247900000000000900, 0.03047999999999999300, 0.7493747706188675900 ) ) ;
#333 = DIRECTION ( 'NONE',  ( 0.0000000000000000000, 0.0000000000000000000, -1.000000000000000000 ) ) ;
#334 = EDGE_CURVE ( 'NONE', #3378, #7499, #5860, .T. ) ;
#335 = AXIS2_PLACEMENT_3D ( 'NONE', #2079, #6394, #2707 ) ;
#336 = CARTESIAN_POINT ( 'NONE',  ( 1.531404489643474600, 0.6603999959238825400, -0.4641453609236939100 ) ) ;
#337 = ORIENTED_EDGE ( 'NONE', *, *, #1158, .F. ) ;
#338 = CARTESIAN_POINT ( 'NONE',  ( 1.409700000000008600, 0.6299199999999998100, 1.600200000000000100 ) ) ;
#339 = FACE_OUTER_BOUND ( 'NONE', #6607, .T. ) ;
#340 = CARTESIAN_POINT ( 'NONE',  ( 0.2285999999999999700, 1.425134306529171500, -0.6868575179758900100 ) ) ;
#341 = FILL_AREA_STYLE ('',( #2135 ) ) ;
#342 = ADVANCED_FACE ( 'NONE', ( #7685 ), #7304, .F. ) ;
#343 = CARTESIAN_POINT ( 'NONE',  ( 1.545809574138806300, 1.199485599963401300, 0.2527110693664445500 ) ) ;
#344 =( BOUNDED_SURFACE ( )  B_SPLINE_SURFACE ( 3, 2, (
 ( #7434, #6819, #6793 ),
 ( #6259, #6204, #6179 ),
 ( #5635, #5610, #5581 ),
 ( #4999, #4969, #4400 ) ),
 .UNSPECIFIED., .F., .F., .F. )
 B_SPLINE_SURFACE_WITH_KNOTS ( ( 4, 4 ),
 ( 3, 3 ),
 ( 0.0000000000000000000, 2.370184178858251300E-005 ),
 ( 0.0000000000000000000, 1.000000000000000000 ),
 .UNSPECIFIED. )
 GEOMETRIC_REPRESENTATION_ITEM ( )  RATIONAL_B_SPLINE_SURFACE ( (
 ( 1.000000000000000000, 0.7071067811865487900, 1.000000000000000000),
 ( 1.000000000000000000, 0.7190828104055606600, 1.000000000000000000),
 ( 1.000000000000000000, 0.7304825694760382900, 1.000000000000000000),
 ( 1.000000000000000000, 0.7413783898880407200, 1.000000000000000000) ) )
 REPRESENTATION_ITEM ( '' )  SURFACE ( )  );
#345 = CARTESIAN_POINT ( 'NONE',  ( 1.528714598115201500, 1.103805691828696300, -0.3302445171296128900 ) ) ;
#346 = CARTESIAN_POINT ( 'NONE',  ( 0.0000000000000000000, 7.512325129353056000, 0.0000000000000000000 ) ) ;
#347 = LINE ( 'NONE', #1576, #3405 ) ;
#348 = CARTESIAN_POINT ( 'NONE',  ( -1.866900000000000000, 0.6603999999999997600, -1.503680000000000100 ) ) ;
#349 = CARTESIAN_POINT ( 'NONE',  ( -1.572260000000000900, 0.05588000000000031800, -0.4953000000000003000 ) ) ;
#350 = CARTESIAN_POINT ( 'NONE',  ( -1.460500000000000400, 0.0000000000000000000, 0.4952999999999997400 ) ) ;
#351 = AXIS2_PLACEMENT_3D ( 'NONE', #1633, #1585, #1905 ) ;
#352 = ADVANCED_FACE ( 'NONE', ( #1134 ), #175, .F. ) ;
#353 = CARTESIAN_POINT ( 'NONE',  ( 0.0000000000000000000, 0.6604000000000002100, 0.0000000000000000000 ) ) ;
#354 = ORIENTED_EDGE ( 'NONE', *, *, #7807, .T. ) ;
#355 = CARTESIAN_POINT ( 'NONE',  ( -1.686450975391814000, 0.6603999999999996500, -0.4952999999999998500 ) ) ;
#356 = VECTOR ( 'NONE', #4435, 1000.000000000000000 ) ;
#357 = DIRECTION ( 'NONE',  ( 0.0000000000000000000, 0.0000000000000000000, -1.000000000000000000 ) ) ;
#358 = VERTEX_POINT ( 'NONE', #3891 ) ;
#359 = CARTESIAN_POINT ( 'NONE',  ( 2.235120421975475200, 0.03048000000012463000, 0.7800229518704353500 ) ) ;
#360 = CARTESIAN_POINT ( 'NONE',  ( 1.529967306738012800, 0.6603999999999360400, 0.4876494687752782600 ) ) ;
#361 = ORIENTED_EDGE ( 'NONE', *, *, #5913, .T. ) ;
#362 = ORIENTED_EDGE ( 'NONE', *, *, #2983, .F. ) ;
#363 = DIRECTION ( 'NONE',  ( -1.094490382077028800E-016, 0.0000000000000000000, 1.000000000000000000 ) ) ;
#364 = CARTESIAN_POINT ( 'NONE',  ( -1.297939999999999900, 0.6603999999999997600, 1.503680000000000800 ) ) ;
#365 = ORIENTED_EDGE ( 'NONE', *, *, #2214, .T. ) ;
#366 = CIRCLE ( 'NONE', #2229, 0.03047999999999991000 ) ;
#367 = CARTESIAN_POINT ( 'NONE',  ( -0.4191000001234631000, 0.6907460454768802300, 1.544342977257723500 ) ) ;
#368 = ORIENTED_EDGE ( 'NONE', *, *, #6839, .F. ) ;
#369 = EDGE_CURVE ( 'NONE', #2755, #6798, #7497, .T. ) ;
#370 = CARTESIAN_POINT ( 'NONE',  ( 1.520733397243613700, 1.037743842883334800, -0.3601460343109075300 ) ) ;
#371 = AXIS2_PLACEMENT_3D ( 'NONE', #3616, #4103, #4152 ) ;
#372 = DIRECTION ( 'NONE',  ( 1.000000000000000000, 0.0000000000000000000, 0.0000000000000000000 ) ) ;
#373 = CARTESIAN_POINT ( 'NONE',  ( 2.217420000000001100, 0.0000000000000000000, 0.0000000000000000000 ) ) ;
#374 = ORIENTED_EDGE ( 'NONE', *, *, #6480, .T. ) ;
#375 = CARTESIAN_POINT ( 'NONE',  ( -1.463489722546762200, 1.447800000000000000, -0.8585199999999996200 ) ) ;
#376 = CARTESIAN_POINT ( 'NONE',  ( 2.247900000000000900, 3.614007241618347900E-017, -0.4953000000000003000 ) ) ;
#377 = CARTESIAN_POINT ( 'NONE',  ( -0.3108362295486155100, 0.6934200000011602200, -1.600200000000000100 ) ) ;
#378 =( BOUNDED_CURVE ( )  B_SPLINE_CURVE ( 3, ( #5329, #5629, #5219, #5195 ),
 .UNSPECIFIED., .F., .T. )
 B_SPLINE_CURVE_WITH_KNOTS ( ( 4, 4 ),
 ( 0.0000000000000000000, 1.000000000000000000 ),
 .UNSPECIFIED. )
 CURVE ( )  GEOMETRIC_REPRESENTATION_ITEM ( )  RATIONAL_B_SPLINE_CURVE ( ( 1.000000000000000000, 0.9228459245378354300, 0.9228459245378354300, 1.000000000000000000 ) )
 REPRESENTATION_ITEM ( '' )  );
#379 = EDGE_LOOP ( 'NONE', ( #7121, #2801, #1555, #726, #4729 ) ) ;
#380 = EDGE_CURVE ( 'NONE', #7046, #7771, #2582, .T. ) ;
#381 = DIRECTION ( 'NONE',  ( -1.000000000000000000, -0.0000000000000000000, 2.753879025871233800E-016 ) ) ;
#382 = VERTEX_POINT ( 'NONE', #3261 ) ;
#383 = CARTESIAN_POINT ( 'NONE',  ( 1.959679807995591400E-016, 0.7238999999999998800, -1.600200000000000100 ) ) ;
#384 = VECTOR ( 'NONE', #5785, 1000.000000000000000 ) ;
#385 = CARTESIAN_POINT ( 'NONE',  ( -1.346727066632285700, 7.512325129353056000, -0.8889999999999996800 ) ) ;
#386 = CARTESIAN_POINT ( 'NONE',  ( 1.528859244194139100, 0.6603999999999989900, 0.4795126257319669600 ) ) ;
#387 = FACE_OUTER_BOUND ( 'NONE', #5411, .T. ) ;
#388 =( BOUNDED_SURFACE ( )  B_SPLINE_SURFACE ( 3, 3, (
 ( #2794, #3408, #364, #4643 ),
 ( #957, #5257, #1572, #5881 ),
 ( #2190, #6504, #2818, #7127 ),
 ( #3434, #7731, #4052, #392 ) ),
 .UNSPECIFIED., .F., .F., .F. )
 B_SPLINE_SURFACE_WITH_KNOTS ( ( 4, 4 ),
 ( 4, 4 ),
 ( 0.0000000000000000000, 1.000000000000000000 ),
 ( 0.0000000000000000000, 1.000000000000000000 ),
 .UNSPECIFIED. )
 GEOMETRIC_REPRESENTATION_ITEM ( )  RATIONAL_B_SPLINE_SURFACE ( (
 ( 1.000000000000000000, 0.3333333333333332000, 0.3333333333333332000, 1.000000000000000000),
 ( 0.8047378541243641600, 0.2682459513747879600, 0.2682459513747879600, 0.8047378541243641600),
 ( 0.8047378541243641600, 0.2682459513747879600, 0.2682459513747879600, 0.8047378541243641600),
 ( 1.000000000000000000, 0.3333333333333332000, 0.3333333333333332000, 1.000000000000000000) ) )
 REPRESENTATION_ITEM ( '' )  SURFACE ( )  );
#389 = ORIENTED_EDGE ( 'NONE', *, *, #468, .T. ) ;
#390 = CARTESIAN_POINT ( 'NONE',  ( 1.600149602380977600, 1.417319999999999700, -0.01270000000000027200 ) ) ;
#391 = ADVANCED_FACE ( 'NONE', ( #4033 ), #2007, .F. ) ;
#392 = CARTESIAN_POINT ( 'NONE',  ( -1.866900000000000200, 0.6299199999999998100, 1.473200000000000500 ) ) ;
#393 = EDGE_LOOP ( 'NONE', ( #2780, #5993 ) ) ;
#394 = VECTOR ( 'NONE', #3410, 1000.000000000000000 ) ;
#395 = VECTOR ( 'NONE', #2055, 1000.000000000000000 ) ;
#396 = ORIENTED_EDGE ( 'NONE', *, *, #4697, .T. ) ;
#397 = AXIS2_PLACEMENT_3D ( 'NONE', #3163, #716, #7469 ) ;
#398 = CARTESIAN_POINT ( 'NONE',  ( 2.217420000000001100, 0.0000000000000000000, 0.7493747706188677000 ) ) ;
#399 = CARTESIAN_POINT ( 'NONE',  ( 0.0000000000000000000, 0.0000000000000000000, -0.4953000000000003000 ) ) ;
#400 = VERTEX_POINT ( 'NONE', #2134 ) ;
#401 = DIRECTION ( 'NONE',  ( -0.0000000000000000000, -1.000000000000000000, -0.0000000000000000000 ) ) ;
#402 = EDGE_CURVE ( 'NONE', #6801, #7614, #1869, .T. ) ;
#403 = CARTESIAN_POINT ( 'NONE',  ( 1.110020776777872300, 1.447799999999999800, -0.6879138144735438300 ) ) ;
#404 = B_SPLINE_CURVE_WITH_KNOTS ( 'NONE', 3,
 ( #122, #269, #96, #69 ),
 .UNSPECIFIED., .F., .F.,
 ( 4, 4 ),
 ( 0.0000000000000000000, 1.000000000000000000 ),
 .UNSPECIFIED. ) ;
#405 = FACE_OUTER_BOUND ( 'NONE', #4890, .T. ) ;
#406 = CARTESIAN_POINT ( 'NONE',  ( -0.4243295412377323100, -3.388131789017201400E-018, 1.480820000000000000 ) ) ;
#407 = PLANE ( 'NONE',  #1004 ) ;
#408 = CARTESIAN_POINT ( 'NONE',  ( -0.4190999999999957500, 0.03047999999999999000, -1.511300000000000300 ) ) ;
#409 = CARTESIAN_POINT ( 'NONE',  ( -1.782306548403440200, 1.447799999999999800, -0.3150438456690243200 ) ) ;
#410 = CARTESIAN_POINT ( 'NONE',  ( 1.544242576822357800, 1.021400346317246500, -0.4194697890540600200 ) ) ;
#411 = DIRECTION ( 'NONE',  ( 0.0000000000000000000, -1.000000000000000000, 0.0000000000000000000 ) ) ;
#412 = CARTESIAN_POINT ( 'NONE',  ( 1.600149602380977400, 1.429314721518637000, -0.01270000000000047100 ) ) ;
#413 = CARTESIAN_POINT ( 'NONE',  ( -1.346727066632285300, 0.6603999999999997600, 0.9194800000000003000 ) ) ;
#414 = CARTESIAN_POINT ( 'NONE',  ( -1.572260000000000900, 0.0000000000000000000, 0.4952999999999996300 ) ) ;
#415 = AXIS2_PLACEMENT_3D ( 'NONE', #1155, #1138, #1113 ) ;
#416 = EDGE_CURVE ( 'NONE', #2303, #2562, #758, .T. ) ;
#417 = ORIENTED_EDGE ( 'NONE', *, *, #2247, .T. ) ;
#418 = CARTESIAN_POINT ( 'NONE',  ( 0.2285999999999999700, 1.422400000000000800, -0.6868575179758900100 ) ) ;
#419 = AXIS2_PLACEMENT_3D ( 'NONE', #6256, #6119, #1376 ) ;
#420 = EDGE_CURVE ( 'NONE', #3209, #140, #469, .T. ) ;
#421 = EDGE_LOOP ( 'NONE', ( #4632, #1427, #2345, #7629 ) ) ;
#422 = DIRECTION ( 'NONE',  ( 0.5638629283489095000, 0.0000000000000000000, -0.8258683902619063900 ) ) ;
#423 = DIRECTION ( 'NONE',  ( -1.000000000000000000, -0.0000000000000000000, -0.0000000000000000000 ) ) ;
#424 = DIRECTION ( 'NONE',  ( -0.0000000000000000000, -1.000000000000000000, 0.0000000000000000000 ) ) ;
#425 = VECTOR ( 'NONE', #2936, 1000.000000000000100 ) ;
#426 = CARTESIAN_POINT ( 'NONE',  ( -0.4495799999999958700, 0.03047999999999999700, -1.569720000000000000 ) ) ;
#427 = ORIENTED_EDGE ( 'NONE', *, *, #4441, .T. ) ;
#428 = CARTESIAN_POINT ( 'NONE',  ( 1.516380000000000300, 0.6603999999999998800, 0.4952999999999998500 ) ) ;
#429 = DIRECTION ( 'NONE',  ( -0.0000000000000000000, -1.000000000000000000, -0.0000000000000000000 ) ) ;
#430 = ADVANCED_FACE ( 'NONE', ( #7117 ), #2022, .F. ) ;
#431 = ORIENTED_EDGE ( 'NONE', *, *, #2899, .T. ) ;
#432 = LINE ( 'NONE', #3079, #6757 ) ;
#433 = VECTOR ( 'NONE', #7122, 1000.000000000000000 ) ;
#434 = CARTESIAN_POINT ( 'NONE',  ( 1.516380000000000500, 1.130299999999999900, -0.4953000000000003000 ) ) ;
#435 =( BOUNDED_SURFACE ( )  B_SPLINE_SURFACE ( 3, 3, (
 ( #2619, #6284, #6928, #3240 ),
 ( #7540, #3868, #208, #4475 ),
 ( #789, #5107, #1412, #5706 ),
 ( #2011, #6333, #2647, #6951 ) ),
 .UNSPECIFIED., .F., .F., .F. )
 B_SPLINE_SURFACE_WITH_KNOTS ( ( 4, 4 ),
 ( 4, 4 ),
 ( 0.0000000000000000000, 1.000000000000000000 ),
 ( 0.0000000000000000000, 1.000000000000000000 ),
 .UNSPECIFIED. )
 GEOMETRIC_REPRESENTATION_ITEM ( )  RATIONAL_B_SPLINE_SURFACE ( (
 ( 1.000000000000000000, 0.8047378541243647200, 0.8047378541243647200, 1.000000000000000000),
 ( 0.8047378541243649400, 0.6476030138606875300, 0.6476030138606875300, 0.8047378541243649400),
 ( 0.8047378541243649400, 0.6476030138606875300, 0.6476030138606875300, 0.8047378541243649400),
 ( 1.000000000000000000, 0.8047378541243647200, 0.8047378541243647200, 1.000000000000000000) ) )
 REPRESENTATION_ITEM ( '' )  SURFACE ( )  );
#436 = CARTESIAN_POINT ( 'NONE',  ( -1.463489722546762200, 1.447800000000000000, -0.8585199999999996200 ) ) ;
#437 = CARTESIAN_POINT ( 'NONE',  ( 1.600179212630528300, 1.295312181078193100, -0.008181597756636929000 ) ) ;
#438 = CARTESIAN_POINT ( 'NONE',  ( -1.321454821362894300, 0.6908799999999999400, 0.9024405158809391000 ) ) ;
#439 = VERTEX_POINT ( 'NONE', #1469 ) ;
#440 = FACE_OUTER_BOUND ( 'NONE', #4194, .T. ) ;
#441 = EDGE_CURVE ( 'NONE', #5484, #7563, #2379, .T. ) ;
#442 = CARTESIAN_POINT ( 'NONE',  ( -0.6095999999999999200, 1.422399999999999900, -1.122633641922335100E-016 ) ) ;
#443 = ORIENTED_EDGE ( 'NONE', *, *, #3529, .F. ) ;
#444 = CARTESIAN_POINT ( 'NONE',  ( 0.0000000000000000000, 0.6603999999999998800, -0.5257800000000003600 ) ) ;
#445 = CIRCLE ( 'NONE', #6630, 1.600200000000000100 ) ;
#446 = CARTESIAN_POINT ( 'NONE',  ( 0.2285999999997457300, 1.427906278714312000, -0.6863776224884278200 ) ) ;
#447 = CYLINDRICAL_SURFACE ( 'NONE', #1730, 0.03047999999999983000 ) ;
#448 = EDGE_CURVE ( 'NONE', #4856, #1860, #948, .T. ) ;
#449 = DIRECTION ( 'NONE',  ( 2.188980764154056600E-016, 0.0000000000000000000, -1.000000000000000000 ) ) ;
#450 = ORIENTED_EDGE ( 'NONE', *, *, #7152, .T. ) ;
#451 = DIRECTION ( 'NONE',  ( 0.0000000000000000000, 1.000000000000000000, 0.0000000000000000000 ) ) ;
#452 = ORIENTED_EDGE ( 'NONE', *, *, #1505, .F. ) ;
#453 = FACE_OUTER_BOUND ( 'NONE', #667, .T. ) ;
#454 = ORIENTED_EDGE ( 'NONE', *, *, #5978, .F. ) ;
#455 = CARTESIAN_POINT ( 'NONE',  ( 0.0000000000000000000, 1.447800000000000000, -1.569719999999999800 ) ) ;
#456 = DIRECTION ( 'NONE',  ( 0.0000000000000000000, 0.0000000000000000000, -1.000000000000000000 ) ) ;
#457 = AXIS2_PLACEMENT_3D ( 'NONE', #6037, #6011, #5985 ) ;
#458 = DIRECTION ( 'NONE',  ( 0.0000000000000000000, 0.0000000000000000000, -1.000000000000000000 ) ) ;
#459 = ORIENTED_EDGE ( 'NONE', *, *, #622, .T. ) ;
#460 = ORIENTED_EDGE ( 'NONE', *, *, #6565, .T. ) ;
#461 = FACE_OUTER_BOUND ( 'NONE', #1133, .T. ) ;
#462 = CARTESIAN_POINT ( 'NONE',  ( -0.4495799999999958700, 0.08890000000000000700, 1.569720000000000000 ) ) ;
#463 = ORIENTED_EDGE ( 'NONE', *, *, #1459, .T. ) ;
#464 = CARTESIAN_POINT ( 'NONE',  ( -0.4190999999999957500, 0.08889999999999995100, 1.569720000000000000 ) ) ;
#465 = DIRECTION ( 'NONE',  ( 0.0000000000000000000, 0.0000000000000000000, -1.000000000000000000 ) ) ;
#466 = AXIS2_PLACEMENT_3D ( 'NONE', #7394, #7367, #7337 ) ;
#467 = ORIENTED_EDGE ( 'NONE', *, *, #1351, .T. ) ;
#468 = EDGE_CURVE ( 'NONE', #2648, #1616, #5462, .T. ) ;
#469 = B_SPLINE_CURVE_WITH_KNOTS ( 'NONE', 3,
 ( #318, #1392, #1700, #1971 ),
 .UNSPECIFIED., .F., .F.,
 ( 4, 4 ),
 ( 0.0000000000000000000, 1.000000000000000000 ),
 .UNSPECIFIED. ) ;
#470 = FACE_OUTER_BOUND ( 'NONE', #6873, .T. ) ;
#471 = CARTESIAN_POINT ( 'NONE',  ( 1.569125987930860800, 1.447800000000000000, -0.04318000000000001700 ) ) ;
#472 = ADVANCED_FACE ( 'NONE', ( #571 ), #1992, .T. ) ;
#473 = ORIENTED_EDGE ( 'NONE', *, *, #2668, .F. ) ;
#474 = DIRECTION ( 'NONE',  ( 0.8660254037844387100, -0.0000000000000000000, -0.4999999999999999400 ) ) ;
#475 = CARTESIAN_POINT ( 'NONE',  ( -1.296382129561919600, 1.447799999999999800, -0.8851069158878505100 ) ) ;
#476 = DIRECTION ( 'NONE',  ( -1.000000000000000000, -0.0000000000000000000, -0.0000000000000000000 ) ) ;
#477 = VECTOR ( 'NONE', #1018, 1000.000000000000000 ) ;
#478 =( BOUNDED_CURVE ( )  B_SPLINE_CURVE ( 3, ( #4249, #6075, #2889, #7185 ),
 .UNSPECIFIED., .F., .F. )
 B_SPLINE_CURVE_WITH_KNOTS ( ( 4, 4 ),
 ( 0.0000000000000000000, 1.000000000000000000 ),
 .UNSPECIFIED. )
 CURVE ( )  GEOMETRIC_REPRESENTATION_ITEM ( )  RATIONAL_B_SPLINE_CURVE ( ( 1.000000000000000000, 0.9228459245378355400, 0.9228459245378355400, 1.000000000000000000 ) )
 REPRESENTATION_ITEM ( '' )  );
#479 = LINE ( 'NONE', #1169, #5174 ) ;
#480 = ORIENTED_EDGE ( 'NONE', *, *, #1607, .T. ) ;
#481 = CARTESIAN_POINT ( 'NONE',  ( -1.346727066632285700, 0.6728915161245085900, -0.8889999999999996800 ) ) ;
#482 = CARTESIAN_POINT ( 'NONE',  ( -0.6096000000000000300, 1.346199999999999800, -1.084202172485504400E-016 ) ) ;
#483 = ORIENTED_EDGE ( 'NONE', *, *, #6176, .F. ) ;
#484 = ORIENTED_EDGE ( 'NONE', *, *, #1820, .F. ) ;
#485 = VERTEX_POINT ( 'NONE', #3225 ) ;
#486 = EDGE_CURVE ( 'NONE', #145, #3803, #2196, .T. ) ;
#487 = AXIS2_PLACEMENT_3D ( 'NONE', #6746, #3067, #7369 ) ;
#488 = ORIENTED_EDGE ( 'NONE', *, *, #5013, .T. ) ;
#489 = CARTESIAN_POINT ( 'NONE',  ( -0.4259600306158578500, 0.6908799785229717800, -1.542484518786936300 ) ) ;
#490 = DIRECTION ( 'NONE',  ( -0.0000000000000000000, 1.000000000000000000, 0.0000000000000000000 ) ) ;
#491 = FACE_OUTER_BOUND ( 'NONE', #762, .T. ) ;
#492 = DIRECTION ( 'NONE',  ( 0.0000000000000000000, 0.0000000000000000000, -1.000000000000000000 ) ) ;
#493 = ORIENTED_EDGE ( 'NONE', *, *, #7048, .T. ) ;
#494 = CARTESIAN_POINT ( 'NONE',  ( 1.589605806332178100, 1.447799999999999800, -0.02325100484746060000 ) ) ;
#495 = CARTESIAN_POINT ( 'NONE',  ( 2.235274770618869100, 0.6299199999999997000, 0.4952999999999997400 ) ) ;
#496 = EDGE_LOOP ( 'NONE', ( #3603, #4035, #159, #3910, #4013, #3997, #1218, #5031 ) ) ;
#497 = CARTESIAN_POINT ( 'NONE',  ( 0.2285999999997457300, 1.430483927456840800, -0.6854653949095825800 ) ) ;
#498 = CARTESIAN_POINT ( 'NONE',  ( -1.336444749160919000, 1.435174770618867800, -0.8889999999999996800 ) ) ;
#499 = CARTESIAN_POINT ( 'NONE',  ( -1.670038258121945300, 0.6603999999999997600, 0.4878155852370103500 ) ) ;
#500 = DIRECTION ( 'NONE',  ( 1.000000000000000000, 0.0000000000000000000, 0.0000000000000000000 ) ) ;
#501 = ADVANCED_FACE ( 'NONE', ( #6719 ), #7008, .T. ) ;
#502 = CARTESIAN_POINT ( 'NONE',  ( 0.4191000000037267700, 0.6809261978362931600, -1.546023520227992600 ) ) ;
#503 = ORIENTED_EDGE ( 'NONE', *, *, #1472, .T. ) ;
#504 = ORIENTED_EDGE ( 'NONE', *, *, #825, .F. ) ;
#505 = CARTESIAN_POINT ( 'NONE',  ( -0.4334411414813528800, 0.6908799999999996100, -1.540379439252336400 ) ) ;
#506 = FACE_OUTER_BOUND ( 'NONE', #273, .T. ) ;
#507 = ORIENTED_EDGE ( 'NONE', *, *, #4437, .F. ) ;
#508 = ORIENTED_EDGE ( 'NONE', *, *, #7303, .T. ) ;
#509 = DIRECTION ( 'NONE',  ( 0.0000000000000000000, -1.000000000000000000, 0.0000000000000000000 ) ) ;
#510 = CARTESIAN_POINT ( 'NONE',  ( 1.527918050410569800, 0.6807199999999997700, -0.4756586834560707600 ) ) ;
#511 = EDGE_CURVE ( 'NONE', #7860, #4935, #6916, .T. ) ;
#512 = LINE ( 'NONE', #5575, #5214 ) ;
#513 = DIRECTION ( 'NONE',  ( 0.0000000000000000000, 0.0000000000000000000, 1.000000000000000000 ) ) ;
#514 = ORIENTED_EDGE ( 'NONE', *, *, #6172, .F. ) ;
#515 = VERTEX_POINT ( 'NONE', #4722 ) ;
#516 = CARTESIAN_POINT ( 'NONE',  ( 0.4495799999999958700, 0.6603999999999998800, 1.600200000000000100 ) ) ;
#517 = CIRCLE ( 'NONE', #6243, 0.03048000000000004900 ) ;
#518 = DIRECTION ( 'NONE',  ( 0.0000000000000000000, 0.0000000000000000000, -1.000000000000000000 ) ) ;
#519 = AXIS2_PLACEMENT_3D ( 'NONE', #850, #5151, #1464 ) ;
#520 =( NAMED_UNIT ( * ) SI_UNIT ( $, .STERADIAN. ) SOLID_ANGLE_UNIT ( ) );
#521 =( BOUNDED_CURVE ( )  B_SPLINE_CURVE ( 3, ( #2722, #3938, #4525, #4552 ),
 .UNSPECIFIED., .F., .T. )
 B_SPLINE_CURVE_WITH_KNOTS ( ( 4, 4 ),
 ( 0.0000000000000000000, 1.000000000000000000 ),
 .UNSPECIFIED. )
 CURVE ( )  GEOMETRIC_REPRESENTATION_ITEM ( )  RATIONAL_B_SPLINE_CURVE ( ( 1.000000000000000000, 0.3333333333333333700, 0.3333333333333333700, 1.000000000000000000 ) )
 REPRESENTATION_ITEM ( '' )  );
#522 = FACE_BOUND ( 'NONE', #1837, .T. ) ;
#523 =( NAMED_UNIT ( * ) PLANE_ANGLE_UNIT ( ) SI_UNIT ( $, .RADIAN. ) );
#524 = CARTESIAN_POINT ( 'NONE',  ( 1.397074770618876900, 0.6603999999999997600, 1.569719999999999800 ) ) ;
#525 = PLANE ( 'NONE',  #6688 ) ;
#526 = VERTEX_POINT ( 'NONE', #4701 ) ;
#527 = CARTESIAN_POINT ( 'NONE',  ( -2.217420000000000200, 0.6299199999999998100, 0.0000000000000000000 ) ) ;
#528 = CARTESIAN_POINT ( 'NONE',  ( 1.543590829132131600, 0.6604000000000002100, 0.5257799993138125800 ) ) ;
#529 = VECTOR ( 'NONE', #1311, 1000.000000000000000 ) ;
#530 = LINE ( 'NONE', #3628, #3808 ) ;
#531 = CARTESIAN_POINT ( 'NONE',  ( -0.4190999999999957500, 0.08890000000000000700, -1.600200000000000100 ) ) ;
#532 = ADVANCED_FACE ( 'NONE', ( #3456 ), #4673, .F. ) ;
#533 = DIRECTION ( 'NONE',  ( 0.0000000000000000000, 0.0000000000000000000, -1.000000000000000000 ) ) ;
#534 = ORIENTED_EDGE ( 'NONE', *, *, #3495, .F. ) ;
#535 = CARTESIAN_POINT ( 'NONE',  ( -0.2285999999952137200, 1.434730289544968300, -0.6834908537597221800 ) ) ;
#536 = ORIENTED_EDGE ( 'NONE', *, *, #1607, .F. ) ;
#537 = EDGE_CURVE ( 'NONE', #3438, #5453, #1803, .T. ) ;
#538 = FACE_OUTER_BOUND ( 'NONE', #279, .T. ) ;
#539 = ORIENTED_EDGE ( 'NONE', *, *, #1027, .T. ) ;
#540 = DIRECTION ( 'NONE',  ( 0.0000000000000000000, 1.000000000000000000, 0.0000000000000000000 ) ) ;
#541 = CARTESIAN_POINT ( 'NONE',  ( 0.4238864882852849100, 0.6907906969845865100, -1.543044031380337700 ) ) ;
#542 = CARTESIAN_POINT ( 'NONE',  ( 0.4334411414813526500, 0.6908799999999998300, 1.540379439252336400 ) ) ;
#543 = ORIENTED_EDGE ( 'NONE', *, *, #2083, .T. ) ;
#544 = CARTESIAN_POINT ( 'NONE',  ( -1.463489722546762000, 1.417319999999999700, 0.8585200000000001700 ) ) ;
#545 = LINE ( 'NONE', #4583, #4866 ) ;
#546 = PLANE ( 'NONE',  #586 ) ;
#547 = ORIENTED_EDGE ( 'NONE', *, *, #4900, .T. ) ;
#548 = CARTESIAN_POINT ( 'NONE',  ( 1.587573123324794100, 1.447799999999999500, 0.002287007282331435800 ) ) ;
#549 = CARTESIAN_POINT ( 'NONE',  ( -1.463489722546762500, 0.6908799999999996100, -0.9194799999999996300 ) ) ;
#550 = CARTESIAN_POINT ( 'NONE',  ( -1.346727066632285700, 0.6908799999999996100, -0.8889999999999995700 ) ) ;
#551 = DIRECTION ( 'NONE',  ( 0.0000000000000000000, 0.0000000000000000000, 1.000000000000000000 ) ) ;
#552 = ORIENTED_EDGE ( 'NONE', *, *, #825, .T. ) ;
#553 = VECTOR ( 'NONE', #7793, 1000.000000000000000 ) ;
#554 = EDGE_CURVE ( 'NONE', #2606, #6271, #5570, .T. ) ;
#555 = CARTESIAN_POINT ( 'NONE',  ( 1.353112248377910900E-016, 0.6604000000000002100, 1.104900000000000200 ) ) ;
#556 = VERTEX_POINT ( 'NONE', #6292 ) ;
#557 = EDGE_CURVE ( 'NONE', #4892, #1654, #6536, .T. ) ;
#558 = EDGE_CURVE ( 'NONE', #2465, #7365, #3253, .T. ) ;
#559 =( NAMED_UNIT ( * ) SI_UNIT ( $, .STERADIAN. ) SOLID_ANGLE_UNIT ( ) );
#560 = CARTESIAN_POINT ( 'NONE',  ( 0.9585390488232663500, 0.6603999999999999900, 1.405739792028320800 ) ) ;
#561 = DIRECTION ( 'NONE',  ( 1.000000000000000000, 0.0000000000000000000, 0.0000000000000000000 ) ) ;
#562 = VERTEX_POINT ( 'NONE', #5313 ) ;
#563 = CARTESIAN_POINT ( 'NONE',  ( -1.333649541237735800, 0.6603999999999998800, -1.485825229381132500 ) ) ;
#564 = CIRCLE ( 'NONE', #4593, 0.2540000000000001100 ) ;
#565 = CARTESIAN_POINT ( 'NONE',  ( 2.235274770618869100, 1.096217702687769500E-016, 0.4952999999999997400 ) ) ;
#566 = CARTESIAN_POINT ( 'NONE',  ( -0.4190999999999958600, 0.7238999999999998800, -1.569720000000000000 ) ) ;
#567 = ORIENTED_EDGE ( 'NONE', *, *, #7832, .T. ) ;
#568 = CARTESIAN_POINT ( 'NONE',  ( 0.0000000000000000000, 0.6908799999999996100, -0.9194799999999996300 ) ) ;
#569 = ORIENTED_EDGE ( 'NONE', *, *, #7453, .F. ) ;
#570 = CARTESIAN_POINT ( 'NONE',  ( 1.531987334760399200, 0.6604217792955346900, -0.4952923574342854600 ) ) ;
#571 = FACE_OUTER_BOUND ( 'NONE', #7689, .T. ) ;
#572 = ORIENTED_EDGE ( 'NONE', *, *, #829, .T. ) ;
#573 = LINE ( 'NONE', #7606, #395 ) ;
#574 = ORIENTED_EDGE ( 'NONE', *, *, #4246, .F. ) ;
#575 = ADVANCED_FACE ( 'NONE', ( #5096 ), #4146, .T. ) ;
#576 = EDGE_LOOP ( 'NONE', ( #7683, #2400, #6112, #6850 ) ) ;
#577 = EDGE_CURVE ( 'NONE', #1130, #1389, #4702, .T. ) ;
#578 = LINE ( 'NONE', #6038, #2004 ) ;
#579 = CARTESIAN_POINT ( 'NONE',  ( 0.2285999999977203800, 1.441654144850576400, 0.6775408946494923000 ) ) ;
#580 = DIRECTION ( 'NONE',  ( 1.000000000000000000, 0.0000000000000000000, 0.0000000000000000000 ) ) ;
#581 = EDGE_CURVE ( 'NONE', #2273, #5077, #34, .T. ) ;
#582 = CARTESIAN_POINT ( 'NONE',  ( -2.247900000000000000, 0.03048000000000004900, 1.600200000000000100 ) ) ;
#583 = CARTESIAN_POINT ( 'NONE',  ( 1.572260000000000900, 0.1117600000000006900, 0.4952999999999996300 ) ) ;
#584 = CARTESIAN_POINT ( 'NONE',  ( 0.0000000000000000000, 0.1193800000000000000, 1.569720000000000000 ) ) ;
#585 = CARTESIAN_POINT ( 'NONE',  ( -1.463489722546762200, 1.417319999999999500, 0.8585199999999999500 ) ) ;
#586 = AXIS2_PLACEMENT_3D ( 'NONE', #4837, #5450, #1759 ) ;
#587 = CARTESIAN_POINT ( 'NONE',  ( -2.235274770618868300, 0.03048000000000004500, -1.600200000000000100 ) ) ;
#588 = CARTESIAN_POINT ( 'NONE',  ( 1.460500000000000600, 1.130299999999999900, -0.4953000000000003000 ) ) ;
#589 = CARTESIAN_POINT ( 'NONE',  ( -2.247900000000000000, 0.6477747706188677900, 1.569720000000000000 ) ) ;
#590 = VERTEX_POINT ( 'NONE', #434 ) ;
#591 = DIRECTION ( 'NONE',  ( -1.000000000000000000, 0.0000000000000000000, 0.0000000000000000000 ) ) ;
#592 = VERTEX_POINT ( 'NONE', #524 ) ;
#593 = CARTESIAN_POINT ( 'NONE',  ( -1.484294868104226700, 1.432020690595662300, 0.8834291058733582100 ) ) ;
#594 = ADVANCED_FACE ( 'NONE', ( #4507 ), #2882, .T. ) ;
#595 = AXIS2_PLACEMENT_3D ( 'NONE', #6806, #6779, #6401 ) ;
#596 = ORIENTED_EDGE ( 'NONE', *, *, #3981, .T. ) ;
#597 = DIRECTION ( 'NONE',  ( -1.000000000000000000, 0.0000000000000000000, -1.778546870875168800E-015 ) ) ;
#598 = EDGE_CURVE ( 'NONE', #5064, #300, #6337, .T. ) ;
#599 = DIRECTION ( 'NONE',  ( 0.0000000000000000000, -1.000000000000000000, 0.0000000000000000000 ) ) ;
#600 = CARTESIAN_POINT ( 'NONE',  ( 1.572260000000000900, 0.1117600000000006900, 0.4952999999999996300 ) ) ;
#601 = CARTESIAN_POINT ( 'NONE',  ( 1.516379999999999800, 0.9569456811515697500, 0.3791307446255912100 ) ) ;
#602 = ORIENTED_EDGE ( 'NONE', *, *, #4457, .T. ) ;
#603 = FACE_OUTER_BOUND ( 'NONE', #6021, .T. ) ;
#604 = CARTESIAN_POINT ( 'NONE',  ( 0.0000000000000000000, 1.257299999999999900, 0.0000000000000000000 ) ) ;
#605 = VECTOR ( 'NONE', #7062, 1000.000000000000000 ) ;
#606 = DIRECTION ( 'NONE',  ( 1.000000000000000000, -0.0000000000000000000, -0.0000000000000000000 ) ) ;
#607 = ADVANCED_FACE ( 'NONE', ( #7772 ), #5951, .F. ) ;
#608 = EDGE_CURVE ( 'NONE', #4894, #1580, #3068, .T. ) ;
#609 = VERTEX_POINT ( 'NONE', #2893 ) ;
#610 = DIRECTION ( 'NONE',  ( -1.000000000000000000, 0.0000000000000000000, 0.0000000000000000000 ) ) ;
#611 = CIRCLE ( 'NONE', #5152, 0.03047999999999983000 ) ;
#612 = CARTESIAN_POINT ( 'NONE',  ( -0.4191000000044061700, 0.6634179419016502700, 1.561297716228385200 ) ) ;
#613 = CARTESIAN_POINT ( 'NONE',  ( 2.217420000000001100, 0.6603999999999998800, 0.5257799999999996900 ) ) ;
#614 = DIRECTION ( 'NONE',  ( -1.000000000000000000, 0.0000000000000000000, 0.0000000000000000000 ) ) ;
#615 = ORIENTED_EDGE ( 'NONE', *, *, #7662, .T. ) ;
#616 = DIRECTION ( 'NONE',  ( -0.0000000000000000000, -1.000000000000000000, -0.0000000000000000000 ) ) ;
#617 = FACE_OUTER_BOUND ( 'NONE', #2891, .T. ) ;
#618 = DIRECTION ( 'NONE',  ( 1.000000000000000000, -0.0000000000000000000, 0.0000000000000000000 ) ) ;
#619 = DIRECTION ( 'NONE',  ( -0.0000000000000000000, -1.000000000000000000, -0.0000000000000000000 ) ) ;
#620 = CYLINDRICAL_SURFACE ( 'NONE', #919, 0.03047999999999991000 ) ;
#621 = AXIS2_PLACEMENT_3D ( 'NONE', #2346, #6667, #2985 ) ;
#622 = EDGE_CURVE ( 'NONE', #6674, #6670, #2676, .T. ) ;
#623 = CARTESIAN_POINT ( 'NONE',  ( -1.814324031308891300, 1.417319999999999900, 0.3207033159505043300 ) ) ;
#624 = ORIENTED_EDGE ( 'NONE', *, *, #75, .T. ) ;
#625 = ORIENTED_EDGE ( 'NONE', *, *, #5750, .T. ) ;
#626 = DIRECTION ( 'NONE',  ( 0.0000000000000000000, 0.0000000000000000000, -1.000000000000000000 ) ) ;
#627 = VECTOR ( 'NONE', #4607, 1000.000000000000000 ) ;
#628 = ORIENTED_EDGE ( 'NONE', *, *, #1864, .F. ) ;
#629 = CARTESIAN_POINT ( 'NONE',  ( 2.217420000000001100, 0.6299199999999998100, 0.7493747706188677000 ) ) ;
#630 = DIRECTION ( 'NONE',  ( 0.0000000000000000000, 0.0000000000000000000, -1.000000000000000000 ) ) ;
#631 = CARTESIAN_POINT ( 'NONE',  ( 1.516380330703346800, 0.9778855377320940800, 0.3755876187038631500 ) ) ;
#632 = CARTESIAN_POINT ( 'NONE',  ( 1.563028992053581600, 0.6299199999995417400, 0.4952999946780460300 ) ) ;
#633 = ORIENTED_EDGE ( 'NONE', *, *, #4050, .F. ) ;
#634 = ORIENTED_EDGE ( 'NONE', *, *, #800, .T. ) ;
#635 = CIRCLE ( 'NONE', #6771, 0.1117600000000006800 ) ;
#636 = AXIS2_PLACEMENT_3D ( 'NONE', #7192, #465, #4740 ) ;
#637 = VERTEX_POINT ( 'NONE', #1715 ) ;
#638 = ORIENTED_EDGE ( 'NONE', *, *, #1997, .T. ) ;
#639 = ADVANCED_FACE ( 'NONE', ( #7580 ), #2712, .F. ) ;
#640 = CARTESIAN_POINT ( 'NONE',  ( 0.4495799999999958700, 0.03047999999999999000, 1.569720000000000000 ) ) ;
#641 = DIRECTION ( 'NONE',  ( 1.000000000000000000, 0.0000000000000000000, 0.0000000000000000000 ) ) ;
#642 = EDGE_CURVE ( 'NONE', #282, #4787, #4129, .T. ) ;
#643 = ORIENTED_EDGE ( 'NONE', *, *, #7323, .T. ) ;
#644 = CARTESIAN_POINT ( 'NONE',  ( 1.447934514222578400E-016, 0.6299199999999998100, 0.5257800000000003600 ) ) ;
#645 = CARTESIAN_POINT ( 'NONE',  ( 1.397074770618876900, 0.6603999999999998800, 1.569720000000000000 ) ) ;
#646 = VECTOR ( 'NONE', #3503, 1000.000000000000000 ) ;
#647 = VERTEX_POINT ( 'NONE', #5953 ) ;
#648 = CARTESIAN_POINT ( 'NONE',  ( 1.599664800945073400, 1.293138757011094400, 0.1094113580194690000 ) ) ;
#649 = CARTESIAN_POINT ( 'NONE',  ( -0.4190999999999958100, 0.7238999999999999900, 1.587574770618868300 ) ) ;
#650 = CARTESIAN_POINT ( 'NONE',  ( 0.2285999999999999700, 1.447800000000000000, 0.6868575179758901200 ) ) ;
#651 = ADVANCED_FACE ( 'NONE', ( #2474 ), #3307, .T. ) ;
#652 = ORIENTED_EDGE ( 'NONE', *, *, #6222, .F. ) ;
#653 = DIRECTION ( 'NONE',  ( 0.0000000000000000000, -0.0000000000000000000, -1.000000000000000000 ) ) ;
#654 = CIRCLE ( 'NONE', #1044, 0.03048000000000004900 ) ;
#655 = VECTOR ( 'NONE', #474, 1000.000000000000000 ) ;
#656 = B_SPLINE_CURVE_WITH_KNOTS ( 'NONE', 3,
 ( #471, #494, #412, #390 ),
 .UNSPECIFIED., .F., .F.,
 ( 4, 4 ),
 ( 0.0000000000000000000, 1.000000000000000000 ),
 .UNSPECIFIED. ) ;
#657 = AXIS2_PLACEMENT_3D ( 'NONE', #50, #4313, #626 ) ;
#658 = ORIENTED_EDGE ( 'NONE', *, *, #5589, .F. ) ;
#659 = ORIENTED_EDGE ( 'NONE', *, *, #7553, .F. ) ;
#660 = EDGE_CURVE ( 'NONE', #7822, #1988, #1277, .T. ) ;
#661 = AXIS2_PLACEMENT_3D ( 'NONE', #4446, #6091, #1267 ) ;
#662 = EDGE_CURVE ( 'NONE', #901, #6360, #849, .T. ) ;
#663 = FACE_OUTER_BOUND ( 'NONE', #7450, .T. ) ;
#664 = VECTOR ( 'NONE', #4223, 1000.000000000000100 ) ;
#665 = ORIENTED_EDGE ( 'NONE', *, *, #5565, .F. ) ;
#666 =( BOUNDED_SURFACE ( )  B_SPLINE_SURFACE ( 3, 3, (
 ( #5730, #806, #2032, #6355 ),
 ( #2666, #6970, #3284, #7585 ),
 ( #3916, #244, #4524, #831 ),
 ( #5142, #1453, #5756, #2063 ) ),
 .UNSPECIFIED., .F., .F., .F. )
 B_SPLINE_SURFACE_WITH_KNOTS ( ( 4, 4 ),
 ( 4, 4 ),
 ( 0.0000000000000000000, 1.000000000000000000 ),
 ( 0.0000000000000000000, 1.000000000000000000 ),
 .UNSPECIFIED. )
 GEOMETRIC_REPRESENTATION_ITEM ( )  RATIONAL_B_SPLINE_SURFACE ( (
 ( 1.000000000000000000, 0.3333333333333334300, 0.3333333333333334300, 1.000000000000000000),
 ( 0.8047378541243649400, 0.2682459513747884100, 0.2682459513747884100, 0.8047378541243649400),
 ( 0.8047378541243649400, 0.2682459513747884100, 0.2682459513747884100, 0.8047378541243649400),
 ( 1.000000000000000000, 0.3333333333333334300, 0.3333333333333334300, 1.000000000000000000) ) )
 REPRESENTATION_ITEM ( '' )  SURFACE ( )  );
#667 = EDGE_LOOP ( 'NONE', ( #543, #374, #2374, #6039, #2999, #2330 ) ) ;
#668 = PLANE ( 'NONE',  #5353 ) ;
#669 = DIRECTION ( 'NONE',  ( 1.000000000000000000, 0.0000000000000000000, 0.0000000000000000000 ) ) ;
#670 = LINE ( 'NONE', #4467, #6826 ) ;
#671 = AXIS2_PLACEMENT_3D ( 'NONE', #42, #4299, #614 ) ;
#672 = ORIENTED_EDGE ( 'NONE', *, *, #1591, .T. ) ;
#673 = VERTEX_POINT ( 'NONE', #464 ) ;
#674 = CARTESIAN_POINT ( 'NONE',  ( -2.235274770618868300, 0.6603999999999997600, 0.4952999999999996300 ) ) ;
#675 = DIRECTION ( 'NONE',  ( 0.0000000000000000000, 1.000000000000000000, 0.0000000000000000000 ) ) ;
#676 = AXIS2_PLACEMENT_3D ( 'NONE', #1011, #5309, #1624 ) ;
#677 = AXIS2_PLACEMENT_3D ( 'NONE', #4289, #3017, #3666 ) ;
#678 = CARTESIAN_POINT ( 'NONE',  ( -0.4495799999999958700, -3.388131789017201400E-018, -1.506070458762264400 ) ) ;
#679 = CARTESIAN_POINT ( 'NONE',  ( 0.4191000000044066100, 0.6653392910455501200, -1.558352519647930900 ) ) ;
#680 = CARTESIAN_POINT ( 'NONE',  ( 0.05183253677047182400, 0.7166784970013948500, 1.600199999999996500 ) ) ;
#681 = ORIENTED_EDGE ( 'NONE', *, *, #6935, .T. ) ;
#682 = CARTESIAN_POINT ( 'NONE',  ( -0.4495799999999958700, 0.0000000000000000000, -1.569720000000000000 ) ) ;
#683 = VERTEX_POINT ( 'NONE', #4070 ) ;
#684 = EDGE_CURVE ( 'NONE', #1117, #647, #3934, .T. ) ;
#685 = CARTESIAN_POINT ( 'NONE',  ( 1.517636247960035800, 1.000074878867139900, 0.3711099033920355900 ) ) ;
#686 = CARTESIAN_POINT ( 'NONE',  ( 0.2285999999999999700, 1.257300000000000300, -0.7620000000000000100 ) ) ;
#687 = ADVANCED_FACE ( 'NONE', ( #5561 ), #525, .F. ) ;
#688 =( BOUNDED_SURFACE ( )  B_SPLINE_SURFACE ( 3, 3, (
 ( #6888, #141, #3200, #7503 ),
 ( #3829, #162, #4436, #754 ),
 ( #5065, #1364, #5675, #1973 ),
 ( #6293, #2599, #6912, #3227 ) ),
 .UNSPECIFIED., .F., .F., .F. )
 B_SPLINE_SURFACE_WITH_KNOTS ( ( 4, 4 ),
 ( 4, 4 ),
 ( 0.0000000000000000000, 1.000000000000000000 ),
 ( 0.0000000000000000000, 1.000000000000000000 ),
 .UNSPECIFIED. )
 GEOMETRIC_REPRESENTATION_ITEM ( )  RATIONAL_B_SPLINE_SURFACE ( (
 ( 1.000000000000000000, 0.8025111867385916800, 0.8025111867385916800, 1.000000000000000000),
 ( 0.9486501948152654700, 0.7613023936409948300, 0.7613023936409948300, 0.9486501948152654700),
 ( 0.9486501948152654700, 0.7613023936409948300, 0.7613023936409948300, 0.9486501948152654700),
 ( 1.000000000000000000, 0.8025111867385916800, 0.8025111867385916800, 1.000000000000000000) ) )
 REPRESENTATION_ITEM ( '' )  SURFACE ( )  );
#689 =( NAMED_UNIT ( * ) PLANE_ANGLE_UNIT ( ) SI_UNIT ( $, .RADIAN. ) );
#690 = CYLINDRICAL_SURFACE ( 'NONE', #3471, 0.03048000000000004900 ) ;
#691 = CARTESIAN_POINT ( 'NONE',  ( -1.474565169401948400, 0.6730252293811316300, -0.8889999999999996800 ) ) ;
#692 = CARTESIAN_POINT ( 'NONE',  ( -0.4190999999999958600, 0.08890000000000000700, -1.541780000000000400 ) ) ;
#693 = ORIENTED_EDGE ( 'NONE', *, *, #4176, .T. ) ;
#694 = VERTEX_POINT ( 'NONE', #1055 ) ;
#695 = CLOSED_SHELL ( 'NONE', ( #2003, #6621, #3562, #7387, #2479, #342, #3229, #2036, #1889, #5245, #3722, #4199, #391, #4838, #3921, #120, #2096, #4281, #4557, #7504, #48, #6937, #5566, #39, #1123, #229, #7147, #5548, #3308, #5326, #6860, #892, #3672, #2293, #4002, #6451, #3881, #6503, #4971, #532, #5480, #732, #4401, #3963, #3952, #6899, #7069, #1525, #7849, #1570, #7378, #2662, #687, #575, #7785, #3801, #6142, #3342, #5855, #6778, #4799, #5894, #3108, #5720, #1282, #3637, #841, #6422, #6415, #7817, #1532, #3990, #2489, #6055, #6548, #3145, #3026, #2255, #6260, #607, #4720, #5812, #5804, #765, #2793, #5844, #7262, #6820, #3704, #1448, #3474, #1808, #2085, #5973, #5202, #2124, #5089, #594, #3264, #6982, #5169, #7344, #1052, #5520, #2615, #798, #5287, #4242, #6371, #4565, #7025, #4606, #7061, #2992, #5611, #2405, #3189, #305, #5684, #6128, #1719, #1486, #5369, #5403, #83, #4908, #4952, #7702, #6180, #6661, #2830, #6168, #7309, #5937, #6736, #472, #5052, #4599, #4163, #7537, #4641, #3057, #2217, #7467, #6460, #920, #967, #4310, #7576, #7, #2696, #7188, #1760, #2531, #2909, #2131, #6013, #7114, #4438, #4921, #2952, #1408, #2432, #3599, #4079, #6217, #6095, #7666, #1084, #4473, #5507, #4684, #639, #6701, #2873, #1920, #4045, #1830, #5126, #7034, #1204, #3093, #1156, #1962, #2449, #501, #651, #1611, #3763, #70, #5762, #7615, #2748, #5197, #3353, #6294, #352 ) ) ;
#696 = DIRECTION ( 'NONE',  ( 1.000000000000000000, 0.0000000000000000000, 0.0000000000000000000 ) ) ;
#697 = CARTESIAN_POINT ( 'NONE',  ( 1.116124991307614800, 1.447799999999999800, 0.6559101169918847300 ) ) ;
#698 = MANIFOLD_SOLID_BREP ( 'Pin 2', #3572 ) ;
#699 = AXIS2_PLACEMENT_3D ( 'NONE', #6924, #6789, #6520 ) ;
#700 = PLANE ( 'NONE',  #5014 ) ;
#701 = CARTESIAN_POINT ( 'NONE',  ( -1.866900000000000000, 0.6299199999999998100, 1.473200000000000300 ) ) ;
#702 = ORIENTED_EDGE ( 'NONE', *, *, #4966, .T. ) ;
#703 = DIRECTION ( 'NONE',  ( 0.0000000000000000000, -1.000000000000000000, 0.0000000000000000000 ) ) ;
#704 = ORIENTED_EDGE ( 'NONE', *, *, #7603, .F. ) ;
#705 = LINE ( 'NONE', #3346, #7059 ) ;
#706 = EDGE_CURVE ( 'NONE', #6896, #7728, #7013, .T. ) ;
#707 = EDGE_CURVE ( 'NONE', #4874, #3502, #6413, .T. ) ;
#708 = EDGE_CURVE ( 'NONE', #282, #3209, #3369, .T. ) ;
#709 = CARTESIAN_POINT ( 'NONE',  ( 1.412927103711796800, 0.6572261430270017700, 1.569462638044778000 ) ) ;
#710 = CARTESIAN_POINT ( 'NONE',  ( 0.2586050209406713400, 0.6934202049374862400, -1.600200000000000100 ) ) ;
#711 = VECTOR ( 'NONE', #7386, 1000.000000000000000 ) ;
#712 = CARTESIAN_POINT ( 'NONE',  ( 1.572260000000000900, 0.1117600000000006900, -0.4953000000000003000 ) ) ;
#713 = CARTESIAN_POINT ( 'NONE',  ( 1.528137434727634200, 1.099707719239015000, 0.3325394459390919000 ) ) ;
#714 = ORIENTED_EDGE ( 'NONE', *, *, #3020, .F. ) ;
#715 = CARTESIAN_POINT ( 'NONE',  ( 1.572260000000000900, 0.05587999999999991600, -0.4953000000000003000 ) ) ;
#716 = DIRECTION ( 'NONE',  ( 0.0000000000000000000, -1.000000000000000000, 0.0000000000000000000 ) ) ;
#717 = ORIENTED_EDGE ( 'NONE', *, *, #4114, .F. ) ;
#718 = LINE ( 'NONE', #4414, #7073 ) ;
#719 = CARTESIAN_POINT ( 'NONE',  ( -0.1067305394965923800, 0.7165602748668149500, 1.600200000000000300 ) ) ;
#720 = FACE_OUTER_BOUND ( 'NONE', #3260, .T. ) ;
#721 = ORIENTED_EDGE ( 'NONE', *, *, #4772, .F. ) ;
#722 = DIRECTION ( 'NONE',  ( -1.000000000000000000, 0.0000000000000000000, 2.753879025871233800E-016 ) ) ;
#723 = ORIENTED_EDGE ( 'NONE', *, *, #3954, .T. ) ;
#724 = PLANE ( 'NONE',  #6247 ) ;
#725 = AXIS2_PLACEMENT_3D ( 'NONE', #2306, #6629, #2945 ) ;
#726 = ORIENTED_EDGE ( 'NONE', *, *, #1244, .T. ) ;
#727 = CIRCLE ( 'NONE', #7443, 0.03048000000000004900 ) ;
#728 = ORIENTED_EDGE ( 'NONE', *, *, #2466, .T. ) ;
#729 = VERTEX_POINT ( 'NONE', #6650 ) ;
#730 = CARTESIAN_POINT ( 'NONE',  ( -0.4064747706188637800, 0.07627477061886808700, 1.511300000000000100 ) ) ;
#731 = EDGE_CURVE ( 'NONE', #3289, #7825, #7077, .T. ) ;
#732 = ADVANCED_FACE ( 'NONE', ( #663 ), #252, .F. ) ;
#733 = CARTESIAN_POINT ( 'NONE',  ( -1.573138539705973800, 0.6603999999999993200, -0.7567956229250794000 ) ) ;
#734 = VERTEX_POINT ( 'NONE', #2304 ) ;
#735 =( BOUNDED_CURVE ( )  B_SPLINE_CURVE ( 3, ( #442, #4110, #1648, #5964 ),
 .UNSPECIFIED., .F., .F. )
 B_SPLINE_CURVE_WITH_KNOTS ( ( 4, 4 ),
 ( 3.141592653589793100, 4.712388980384691500 ),
 .UNSPECIFIED. )
 CURVE ( )  GEOMETRIC_REPRESENTATION_ITEM ( )  RATIONAL_B_SPLINE_CURVE ( ( 1.000000000000000000, 0.8047378541243646000, 0.8047378541243646000, 1.000000000000000000 ) )
 REPRESENTATION_ITEM ( '' )  );
#736 = LINE ( 'NONE', #7611, #2164 ) ;
#737 = ORIENTED_EDGE ( 'NONE', *, *, #4034, .F. ) ;
#738 = CARTESIAN_POINT ( 'NONE',  ( 9.798399039977957100E-017, 0.7238999999999997700, -1.600200000000000100 ) ) ;
#739 = DIRECTION ( 'NONE',  ( 1.000000000000000000, 0.0000000000000000000, 0.0000000000000000000 ) ) ;
#740 = CARTESIAN_POINT ( 'NONE',  ( 0.4317252293811281700, 0.1015252293811319300, -1.600200000000000300 ) ) ;
#741 = DIRECTION ( 'NONE',  ( 0.0000000000000000000, 1.000000000000000000, 0.0000000000000000000 ) ) ;
#742 = AXIS2_PLACEMENT_3D ( 'NONE', #1290, #5324, #2775 ) ;
#743 = ORIENTED_EDGE ( 'NONE', *, *, #1870, .T. ) ;
#744 = CARTESIAN_POINT ( 'NONE',  ( -0.4191000000446908300, 0.6877295774578811000, -1.544342980837963400 ) ) ;
#745 = CIRCLE ( 'NONE', #1704, 0.03048000000000004900 ) ;
#746 = CARTESIAN_POINT ( 'NONE',  ( -1.346727066632285700, 1.417319999999999700, -0.8889999999999995700 ) ) ;
#747 = CIRCLE ( 'NONE', #7427, 0.2539999999999998900 ) ;
#748 = ORIENTED_EDGE ( 'NONE', *, *, #2296, .T. ) ;
#749 = CARTESIAN_POINT ( 'NONE',  ( -2.217420000000000200, 1.694065894508600700E-018, -0.4953000000000004100 ) ) ;
#750 = DIRECTION ( 'NONE',  ( 0.0000000000000000000, 0.0000000000000000000, -1.000000000000000000 ) ) ;
#751 = ORIENTED_EDGE ( 'NONE', *, *, #4348, .T. ) ;
#752 = CARTESIAN_POINT ( 'NONE',  ( 0.9691505487763852900, 0.6603999999999997600, -1.421302024736022000 ) ) ;
#753 = LINE ( 'NONE', #2512, #3845 ) ;
#754 = CARTESIAN_POINT ( 'NONE',  ( 1.412927103711797000, 0.003173856972997533700, 1.569462638044778000 ) ) ;
#755 = ORIENTED_EDGE ( 'NONE', *, *, #3127, .T. ) ;
#756 = VERTEX_POINT ( 'NONE', #4786 ) ;
#757 = PLANE ( 'NONE',  #4771 ) ;
#758 = CIRCLE ( 'NONE', #2297, 0.03047999999999983000 ) ;
#759 = VECTOR ( 'NONE', #7505, 1000.000000000000000 ) ;
#760 = ORIENTED_EDGE ( 'NONE', *, *, #1982, .F. ) ;
#761 = DIRECTION ( 'NONE',  ( 1.000000000000000000, 0.0000000000000000000, 0.0000000000000000000 ) ) ;
#762 = EDGE_LOOP ( 'NONE', ( #4231, #7865, #5308, #4189 ) ) ;
#763 = EDGE_CURVE ( 'NONE', #3682, #982, #3156, .T. ) ;
#764 = DIRECTION ( 'NONE',  ( -1.000000000000000000, 0.0000000000000000000, 0.0000000000000000000 ) ) ;
#765 = ADVANCED_FACE ( 'NONE', ( #1513 ), #4213, .T. ) ;
#766 = CIRCLE ( 'NONE', #958, 1.104900000000000000 ) ;
#767 = DIRECTION ( 'NONE',  ( -0.0000000000000000000, -1.000000000000000000, -0.0000000000000000000 ) ) ;
#768 = EDGE_CURVE ( 'NONE', #911, #5686, #2967, .T. ) ;
#769 = DIRECTION ( 'NONE',  ( -1.000000000000000000, -0.0000000000000000000, -0.0000000000000000000 ) ) ;
#770 = DIRECTION ( 'NONE',  ( 0.7071067811865441300, 0.0000000000000000000, 0.7071067811865507900 ) ) ;
#771 = CARTESIAN_POINT ( 'NONE',  ( 0.2285999999999999700, 1.447800000000000000, 0.6600335521774632900 ) ) ;
#772 = CARTESIAN_POINT ( 'NONE',  ( 0.2285999999997457300, 1.433059604656680800, -0.6845538650579272600 ) ) ;
#773 = EDGE_LOOP ( 'NONE', ( #121, #483, #1834, #1669 ) ) ;
#774 = DIRECTION ( 'NONE',  ( 1.000000000000000000, 0.0000000000000000000, 0.0000000000000000000 ) ) ;
#775 = ORIENTED_EDGE ( 'NONE', *, *, #5366, .T. ) ;
#776 = AXIS2_PLACEMENT_3D ( 'NONE', #155, #6875, #7493 ) ;
#777 = CARTESIAN_POINT ( 'NONE',  ( 1.600149602380977600, 1.417319999999999700, 0.01270000000000036700 ) ) ;
#778 = CARTESIAN_POINT ( 'NONE',  ( -1.463489722546762000, 0.6908799999999997200, 0.8890000000000002300 ) ) ;
#779 = CARTESIAN_POINT ( 'NONE',  ( 0.0000000000000000000, 1.417319999999999700, -1.104900000000000000 ) ) ;
#780 = DIRECTION ( 'NONE',  ( -0.0000000000000000000, -1.000000000000000000, -0.0000000000000000000 ) ) ;
#781 = CARTESIAN_POINT ( 'NONE',  ( -1.866900000000000200, 0.6603999999999997600, 1.503680000000000300 ) ) ;
#782 = DIRECTION ( 'NONE',  ( 0.0000000000000000000, 0.0000000000000000000, 1.000000000000000000 ) ) ;
#783 = EDGE_CURVE ( 'NONE', #4605, #7171, #5374, .T. ) ;
#784 = ORIENTED_EDGE ( 'NONE', *, *, #4820, .F. ) ;
#785 = EDGE_LOOP ( 'NONE', ( #4018, #2972, #6623, #879 ) ) ;
#786 = CARTESIAN_POINT ( 'NONE',  ( 1.576632072031506800, 1.295995451296646300, -0.01270000000001268900 ) ) ;
#787 = ORIENTED_EDGE ( 'NONE', *, *, #468, .F. ) ;
#788 = CIRCLE ( 'NONE', #6611, 0.1117600000000006800 ) ;
#789 = CARTESIAN_POINT ( 'NONE',  ( -2.247900000000000000, 0.03048000000000002400, 1.587574770618868100 ) ) ;
#790 = CIRCLE ( 'NONE', #3257, 1.600200000000000100 ) ;
#791 = CARTESIAN_POINT ( 'NONE',  ( -2.247900000000000500, 0.6477747706188677900, -1.580179082475471600 ) ) ;
#792 = DIRECTION ( 'NONE',  ( 0.0000000000000000000, 0.0000000000000000000, -1.000000000000000000 ) ) ;
#793 = DIRECTION ( 'NONE',  ( 0.0000000000000000000, 0.0000000000000000000, 1.000000000000000000 ) ) ;
#794 = ORIENTED_EDGE ( 'NONE', *, *, #5488, .T. ) ;
#795 = CARTESIAN_POINT ( 'NONE',  ( -0.2182758837303104800, 1.437278975515723600, 0.6902078299916277700 ) ) ;
#796 = LINE ( 'NONE', #5528, #2239 ) ;
#797 = CARTESIAN_POINT ( 'NONE',  ( 0.2285999999999907000, 1.435511027709327500, -0.6831878320248721000 ) ) ;
#798 = ADVANCED_FACE ( 'NONE', ( #6041 ), #1126, .F. ) ;
#799 = ORIENTED_EDGE ( 'NONE', *, *, #7301, .F. ) ;
#800 = EDGE_CURVE ( 'NONE', #3705, #3671, #2773, .T. ) ;
#801 = CARTESIAN_POINT ( 'NONE',  ( -0.5398216672467338600, 1.435174770618867600, -1.600199999999999600 ) ) ;
#802 = VECTOR ( 'NONE', #7740, 1000.000000000000000 ) ;
#803 = EDGE_CURVE ( 'NONE', #4965, #4191, #4410, .T. ) ;
#804 = CIRCLE ( 'NONE', #519, 0.03048000000000004900 ) ;
#805 = CARTESIAN_POINT ( 'NONE',  ( 2.247900000000000900, 0.01994259011226732700, -0.7673632544943587200 ) ) ;
#806 = CARTESIAN_POINT ( 'NONE',  ( -2.270759999999999700, 1.447799999999999800, 1.135380000000000500 ) ) ;
#807 = ORIENTED_EDGE ( 'NONE', *, *, #557, .F. ) ;
#808 = CARTESIAN_POINT ( 'NONE',  ( 0.4190999999999962000, 0.7238999999999998800, 0.0000000000000000000 ) ) ;
#809 = CARTESIAN_POINT ( 'NONE',  ( 1.572260000000000900, 0.1117600000000006900, -0.4953000000000003000 ) ) ;
#810 = ORIENTED_EDGE ( 'NONE', *, *, #295, .F. ) ;
#811 = FACE_OUTER_BOUND ( 'NONE', #2505, .T. ) ;
#812 = ORIENTED_EDGE ( 'NONE', *, *, #6159, .T. ) ;
#813 = CARTESIAN_POINT ( 'NONE',  ( -0.4317252293811278400, 5.530339800867057000E-017, -1.569719999999999800 ) ) ;
#814 = EDGE_LOOP ( 'NONE', ( #3920, #6996, #5567 ) ) ;
#815 = AXIS2_PLACEMENT_3D ( 'NONE', #5208, #6481, #2796 ) ;
#816 = DIRECTION ( 'NONE',  ( -0.0000000000000000000, 1.000000000000000000, 0.0000000000000000000 ) ) ;
#817 = CARTESIAN_POINT ( 'NONE',  ( 1.555092346151701400, 0.6375942119799102900, 0.4953536273612323400 ) ) ;
#818 = CARTESIAN_POINT ( 'NONE',  ( 0.4264427457907770700, 0.6603435624960841700, 1.571836224997077200 ) ) ;
#819 = ORIENTED_EDGE ( 'NONE', *, *, #875, .T. ) ;
#820 = VECTOR ( 'NONE', #1743, 1000.000000000000000 ) ;
#821 = ORIENTED_EDGE ( 'NONE', *, *, #2353, .F. ) ;
#822 = ORIENTED_EDGE ( 'NONE', *, *, #6127, .F. ) ;
#823 = ORIENTED_EDGE ( 'NONE', *, *, #4843, .F. ) ;
#824 = DIRECTION ( 'NONE',  ( 0.0000000000000000000, 1.000000000000000000, 0.0000000000000000000 ) ) ;
#825 = EDGE_CURVE ( 'NONE', #4754, #1003, #4603, .T. ) ;
#826 = AXIS2_PLACEMENT_3D ( 'NONE', #3874, #218, #4487 ) ;
#827 = ORIENTED_EDGE ( 'NONE', *, *, #4958, .F. ) ;
#828 = CARTESIAN_POINT ( 'NONE',  ( 1.353112248377910900E-016, 4.572929130132065400, 1.104900000000000200 ) ) ;
#829 = EDGE_CURVE ( 'NONE', #1461, #7169, #7489, .T. ) ;
#830 = CARTESIAN_POINT ( 'NONE',  ( 2.247900000000001300, 0.6603999999999998800, -0.5257800000000004700 ) ) ;
#831 = CARTESIAN_POINT ( 'NONE',  ( -2.706224496755820900E-016, 1.435174770618868000, -1.104900000000000000 ) ) ;
#832 = CARTESIAN_POINT ( 'NONE',  ( 0.2151035036818870800, 1.447799999999999800, -0.6801764810779913400 ) ) ;
#833 = ORIENTED_EDGE ( 'NONE', *, *, #1089, .T. ) ;
#834 = CARTESIAN_POINT ( 'NONE',  ( 0.0000000000000000000, 0.7238999999999998800, 1.569720000000000000 ) ) ;
#835 = DIRECTION ( 'NONE',  ( -0.0000000000000000000, 0.0000000000000000000, -1.000000000000000000 ) ) ;
#836 = FACE_OUTER_BOUND ( 'NONE', #3129, .T. ) ;
#837 = CARTESIAN_POINT ( 'NONE',  ( -2.217420000000000200, 0.6603999999999998800, -0.4953000000000003000 ) ) ;
#838 = ORIENTED_EDGE ( 'NONE', *, *, #3753, .T. ) ;
#839 = VECTOR ( 'NONE', #5339, 1000.000000000000000 ) ;
#840 = CARTESIAN_POINT ( 'NONE',  ( 1.563028994948469700, 0.6299199999992628500, -0.4952999946780519700 ) ) ;
#841 = ADVANCED_FACE ( 'NONE', ( #4217 ), #2406, .F. ) ;
#842 = CARTESIAN_POINT ( 'NONE',  ( 0.3886199999999961900, 0.05842000000000000000, -1.511300000000000300 ) ) ;
#843 =( BOUNDED_SURFACE ( )  B_SPLINE_SURFACE ( 3, 2, (
 ( #1594, #4663, #5903 ),
 ( #2212, #6527, #2842 ),
 ( #1564, #5877, #2183 ),
 ( #6494, #2812, #7123 ),
 ( #3428, #7723, #4048 ),
 ( #383, #4661, #974 ) ),
 .UNSPECIFIED., .F., .F., .F. )
 B_SPLINE_SURFACE_WITH_KNOTS ( ( 4, 2, 4 ),
 ( 3, 3 ),
 ( 0.0001414588475321267700, 0.0003004630128302566600, 0.0004594671781283865200 ),
 ( 0.0000000000000000000, 1.000000000000000000 ),
 .UNSPECIFIED. )
 GEOMETRIC_REPRESENTATION_ITEM ( )  RATIONAL_B_SPLINE_SURFACE ( (
 ( 1.000000000000000000, 0.7071067811865512400, 1.000000000000000000),
 ( 1.000000000000000000, 0.8207827533106810700, 1.000000000000000000),
 ( 1.000000000000000000, 0.8892309470192473200, 1.000000000000000000),
 ( 1.000000000000000000, 0.9793452121916744700, 1.000000000000000000),
 ( 1.000000000000000000, 0.9996859223642479100, 1.000000000000000000),
 ( 1.000000000000000000, 1.000000000000000000, 1.000000000000000000) ) )
 REPRESENTATION_ITEM ( '' )  SURFACE ( )  );
#844 = AXIS2_PLACEMENT_3D ( 'NONE', #326, #7435, #6823 ) ;
#845 = CARTESIAN_POINT ( 'NONE',  ( -0.4190999999999959200, 0.03048000000000004500, -1.587574770618868300 ) ) ;
#846 = CARTESIAN_POINT ( 'NONE',  ( -0.2285999999999999700, 1.447800000000000000, -0.6868575179758900100 ) ) ;
#847 = ORIENTED_EDGE ( 'NONE', *, *, #959, .F. ) ;
#848 = ORIENTED_EDGE ( 'NONE', *, *, #420, .T. ) ;
#849 = LINE ( 'NONE', #5433, #7202 ) ;
#850 = CARTESIAN_POINT ( 'NONE',  ( -0.3886199999999958000, 0.03047999999999999000, -1.480820000000000200 ) ) ;
#851 = FACE_OUTER_BOUND ( 'NONE', #7214, .T. ) ;
#852 = ORIENTED_EDGE ( 'NONE', *, *, #5046, .F. ) ;
#853 = DIRECTION ( 'NONE',  ( 0.0000000000000000000, 0.0000000000000000000, -1.000000000000000000 ) ) ;
#854 = CARTESIAN_POINT ( 'NONE',  ( -1.516070191620299000, 0.6603999999999996500, -0.8893650299401192300 ) ) ;
#855 = CARTESIAN_POINT ( 'NONE',  ( 0.2285999999999907000, 1.437652751975182900, -0.6814913601337759800 ) ) ;
#856 = EDGE_CURVE ( 'NONE', #7169, #1389, #5848, .T. ) ;
#857 = CARTESIAN_POINT ( 'NONE',  ( -0.2920999999999991400, 1.295188274504349900, -0.01269999999999998400 ) ) ;
#858 = LINE ( 'NONE', #2611, #4136 ) ;
#859 = SURFACE_STYLE_FILL_AREA ( #7265 ) ;
#860 = ORIENTED_EDGE ( 'NONE', *, *, #3386, .F. ) ;
#861 = ORIENTED_EDGE ( 'NONE', *, *, #6760, .F. ) ;
#862 = CARTESIAN_POINT ( 'NONE',  ( -1.460500000000000400, 0.6603999999999998800, 0.4952999999999998500 ) ) ;
#863 = CARTESIAN_POINT ( 'NONE',  ( -2.247900000000000900, 0.05587999999999968000, 0.4952999999999996300 ) ) ;
#864 = CARTESIAN_POINT ( 'NONE',  ( 1.573071025679278600, 1.295187040827947800, 0.01269999999999977100 ) ) ;
#865 = CARTESIAN_POINT ( 'NONE',  ( -0.4190999999999959200, 0.03048000000000002400, 1.587574770618868100 ) ) ;
#866 = CARTESIAN_POINT ( 'NONE',  ( 1.024207589142488200, 1.447800000000000200, -0.4243000600790298200 ) ) ;
#867 = PLANE ( 'NONE',  #6156 ) ;
#868 = CARTESIAN_POINT ( 'NONE',  ( -1.346727066632285700, 7.512325129353056000, -0.9194799999999996300 ) ) ;
#869 = CARTESIAN_POINT ( 'NONE',  ( -0.4334411414813525400, 0.6908799999999997200, 1.540379439252336400 ) ) ;
#870 = CARTESIAN_POINT ( 'NONE',  ( 0.4495799999999958700, -3.388131789017201400E-018, 1.506070458762263800 ) ) ;
#871 = VERTEX_POINT ( 'NONE', #2144 ) ;
#872 = ORIENTED_EDGE ( 'NONE', *, *, #7553, .T. ) ;
#873 = CARTESIAN_POINT ( 'NONE',  ( 0.0000000000000000000, 0.0000000000000000000, 0.4952999999999996300 ) ) ;
#874 = CARTESIAN_POINT ( 'NONE',  ( 0.3886199999999961900, 0.05842000000000000000, -1.511300000000000300 ) ) ;
#875 = EDGE_CURVE ( 'NONE', #3014, #1023, #5643, .T. ) ;
#876 = AXIS2_PLACEMENT_3D ( 'NONE', #3662, #591, #3039 ) ;
#877 = DIRECTION ( 'NONE',  ( 0.0000000000000000000, 1.000000000000000000, 0.0000000000000000000 ) ) ;
#878 = CARTESIAN_POINT ( 'NONE',  ( 0.8509000000000003200, 0.08890000000000000700, 0.4952999999999996300 ) ) ;
#879 = ORIENTED_EDGE ( 'NONE', *, *, #5344, .F. ) ;
#880 = CARTESIAN_POINT ( 'NONE',  ( 0.2285999999999907000, 1.439840503585228200, -0.6797584297233061300 ) ) ;
#881 = VERTEX_POINT ( 'NONE', #2868 ) ;
#882 = DIRECTION ( 'NONE',  ( 0.0000000000000000000, -0.0000000000000000000, -1.000000000000000000 ) ) ;
#883 = EDGE_LOOP ( 'NONE', ( #2287, #4505, #7605, #810 ) ) ;
#884 = ADVANCED_FACE ( 'NONE', ( #5661 ), #2369, .T. ) ;
#885 = FACE_OUTER_BOUND ( 'NONE', #1866, .T. ) ;
#886 = CARTESIAN_POINT ( 'NONE',  ( -2.247900000000000000, 0.6603999999999998800, 1.569720000000000000 ) ) ;
#887 = PLANE ( 'NONE',  #4717 ) ;
#888 = CARTESIAN_POINT ( 'NONE',  ( 1.591144755554764200, 1.303982671751061600, 0.01270000000000005300 ) ) ;
#889 = ORIENTED_EDGE ( 'NONE', *, *, #2261, .T. ) ;
#890 = DIRECTION ( 'NONE',  ( 0.0000000000000000000, 1.000000000000000000, 0.0000000000000000000 ) ) ;
#891 = CARTESIAN_POINT ( 'NONE',  ( 1.024207589142488200, 1.447800000000000200, 0.4243000600790300400 ) ) ;
#892 = ADVANCED_FACE ( 'NONE', ( #2575 ), #7110, .T. ) ;
#893 = DIRECTION ( 'NONE',  ( -0.0000000000000000000, -1.000000000000000000, -0.0000000000000000000 ) ) ;
#894 = EDGE_LOOP ( 'NONE', ( #1784, #7296, #1320, #3483 ) ) ;
#895 = CIRCLE ( 'NONE', #3773, 0.03047999999999983000 ) ;
#896 = CARTESIAN_POINT ( 'NONE',  ( 0.0000000000000000000, 0.08889999999999995100, 1.569720000000000000 ) ) ;
#897 = CARTESIAN_POINT ( 'NONE',  ( -1.572260000000000900, 1.084202172485504400E-016, 0.4952999999999996300 ) ) ;
#898 = CIRCLE ( 'NONE', #7298, 0.03047999999999999300 ) ;
#899 = FACE_OUTER_BOUND ( 'NONE', #6907, .T. ) ;
#900 = ORIENTED_EDGE ( 'NONE', *, *, #4325, .F. ) ;
#901 = VERTEX_POINT ( 'NONE', #6981 ) ;
#902 = VECTOR ( 'NONE', #6218, 1000.000000000000100 ) ;
#903 = CARTESIAN_POINT ( 'NONE',  ( 0.2285999999999958600, 1.441763043089886900, -0.6776373538901820900 ) ) ;
#904 = LINE ( 'NONE', #6765, #7259 ) ;
#905 = CARTESIAN_POINT ( 'NONE',  ( 1.514738666078486500, 0.6908799999999996100, 0.5159523364485980600 ) ) ;
#906 = EDGE_CURVE ( 'NONE', #2363, #6005, #7291, .T. ) ;
#907 = CARTESIAN_POINT ( 'NONE',  ( 1.548960767135417500, 1.213848697488894900, -0.2354600817089409200 ) ) ;
#908 = VERTEX_POINT ( 'NONE', #4529 ) ;
#909 = ORIENTED_EDGE ( 'NONE', *, *, #1371, .T. ) ;
#910 = CIRCLE ( 'NONE', #5792, 0.2540000000000001100 ) ;
#911 = VERTEX_POINT ( 'NONE', #840 ) ;
#912 = ORIENTED_EDGE ( 'NONE', *, *, #6956, .T. ) ;
#913 = CARTESIAN_POINT ( 'NONE',  ( -1.866900000000000000, 0.6603999999999997600, -0.9347199999999995500 ) ) ;
#914 = ORIENTED_EDGE ( 'NONE', *, *, #2857, .F. ) ;
#915 = CARTESIAN_POINT ( 'NONE',  ( 1.108019893862059800, 1.433809080085786800, -0.01601925764804791200 ) ) ;
#916 = CARTESIAN_POINT ( 'NONE',  ( 1.516380000000000300, 0.9144000000000001000, 0.3810395180039389800 ) ) ;
#917 = DIRECTION ( 'NONE',  ( 1.000000000000000000, 0.0000000000000000000, 0.0000000000000000000 ) ) ;
#918 = ORIENTED_EDGE ( 'NONE', *, *, #4457, .F. ) ;
#919 = AXIS2_PLACEMENT_3D ( 'NONE', #2622, #2649, #1416 ) ;
#920 = ADVANCED_FACE ( 'NONE', ( #4025 ), #1344, .F. ) ;
#921 = FACE_OUTER_BOUND ( 'NONE', #1146, .T. ) ;
#922 = CARTESIAN_POINT ( 'NONE',  ( 2.247900000000000000, 1.130299999999999900, 0.4952999999999996300 ) ) ;
#923 = ORIENTED_EDGE ( 'NONE', *, *, #4674, .T. ) ;
#924 = CARTESIAN_POINT ( 'NONE',  ( 0.0000000000000000000, 0.7238999999999995400, 0.0000000000000000000 ) ) ;
#925 = ADVANCED_FACE ( 'NONE', ( #3842 ), #4798, .T. ) ;
#926 = VERTEX_POINT ( 'NONE', #376 ) ;
#927 = CARTESIAN_POINT ( 'NONE',  ( 0.4189406101714019400, 0.6602406101789698400, -1.572833036899878000 ) ) ;
#928 = CYLINDRICAL_SURFACE ( 'NONE', #1367, 1.600200000000000100 ) ;
#929 = B_SPLINE_CURVE_WITH_KNOTS ( 'NONE', 3,
 ( #100, #1717, #601, #631 ),
 .UNSPECIFIED., .F., .F.,
 ( 4, 4 ),
 ( 0.0000000000000000000, 6.371198832587331700E-005 ),
 .UNSPECIFIED. ) ;
#930 = FACE_OUTER_BOUND ( 'NONE', #3589, .T. ) ;
#931 = CARTESIAN_POINT ( 'NONE',  ( 0.2285999999999958600, 1.443292156246468400, -0.6753025909752040600 ) ) ;
#932 = SURFACE_STYLE_USAGE ( .BOTH. , #4617 ) ;
#933 = CARTESIAN_POINT ( 'NONE',  ( 1.568662137667602000, 1.291604352838853200, 0.1184425272950238900 ) ) ;
#934 = DIRECTION ( 'NONE',  ( 0.0000000000000000000, 1.000000000000000000, 0.0000000000000000000 ) ) ;
#935 = EDGE_LOOP ( 'NONE', ( #7263, #1205, #5919, #5932 ) ) ;
#936 = VECTOR ( 'NONE', #3760, 1000.000000000000000 ) ;
#937 = CARTESIAN_POINT ( 'NONE',  ( 1.524358720967729800, 1.072672620699697900, -0.3475557463607817400 ) ) ;
#938 = CARTESIAN_POINT ( 'NONE',  ( 0.0000000000000000000, 4.572929130132065400, 0.0000000000000000000 ) ) ;
#939 = LINE ( 'NONE', #5194, #384 ) ;
#940 = EDGE_CURVE ( 'NONE', #3409, #2675, #6910, .T. ) ;
#941 = CYLINDRICAL_SURFACE ( 'NONE', #2516, 0.03048000000000004900 ) ;
#942 = CARTESIAN_POINT ( 'NONE',  ( -2.400150458762264200, 0.6603999999999999900, -0.9525747706188678600 ) ) ;
#943 = CARTESIAN_POINT ( 'NONE',  ( -0.2285999999999998900, 1.447800000000000000, 0.6600335521774631800 ) ) ;
#944 = VERTEX_POINT ( 'NONE', #3285 ) ;
#945 = DIRECTION ( 'NONE',  ( 0.0000000000000000000, 0.0000000000000000000, 1.000000000000000000 ) ) ;
#946 = DIRECTION ( 'NONE',  ( 1.206041662489472800E-016, 0.1736481777244691700, -0.9848077530020623600 ) ) ;
#947 = ORIENTED_EDGE ( 'NONE', *, *, #2475, .T. ) ;
#948 = LINE ( 'NONE', #2598, #5667 ) ;
#949 = VECTOR ( 'NONE', #6836, 1000.000000000000000 ) ;
#950 = ORIENTED_EDGE ( 'NONE', *, *, #4176, .F. ) ;
#951 = CARTESIAN_POINT ( 'NONE',  ( 0.0000000000000000000, 1.257300000000000300, 0.0000000000000000000 ) ) ;
#952 = EDGE_LOOP ( 'NONE', ( #990, #6400, #1777, #4858 ) ) ;
#953 = CARTESIAN_POINT ( 'NONE',  ( 2.235120421975475200, -0.0001681812515678976700, 0.7673280595340251600 ) ) ;
#954 = CARTESIAN_POINT ( 'NONE',  ( -1.866900000000000000, 0.6603999999999997600, -1.503680000000000300 ) ) ;
#955 =( BOUNDED_CURVE ( )  B_SPLINE_CURVE ( 3, ( #4947, #649, #6191, #2486 ),
 .UNSPECIFIED., .F., .F. )
 B_SPLINE_CURVE_WITH_KNOTS ( ( 4, 4 ),
 ( 0.0000000000000000000, 1.570796326794899200 ),
 .UNSPECIFIED. )
 CURVE ( )  GEOMETRIC_REPRESENTATION_ITEM ( )  RATIONAL_B_SPLINE_CURVE ( ( 1.000000000000000000, 0.8047378541243643800, 0.8047378541243643800, 1.000000000000000000 ) )
 REPRESENTATION_ITEM ( '' )  );
#956 = DIRECTION ( 'NONE',  ( -0.0000000000000000000, -0.0000000000000000000, -1.000000000000000000 ) ) ;
#957 = CARTESIAN_POINT ( 'NONE',  ( -1.866900000000000400, 0.6603999999999997600, 0.9525747706188685300 ) ) ;
#958 = AXIS2_PLACEMENT_3D ( 'NONE', #7019, #6685, #6660 ) ;
#959 = EDGE_CURVE ( 'NONE', #3502, #4874, #521, .T. ) ;
#960 = CARTESIAN_POINT ( 'NONE',  ( 0.2285999999999958600, 1.444896002131880900, -0.6728537206097354700 ) ) ;
#961 = EDGE_CURVE ( 'NONE', #1713, #6941, #939, .T. ) ;
#962 = EDGE_CURVE ( 'NONE', #2841, #5371, #2785, .T. ) ;
#963 = CARTESIAN_POINT ( 'NONE',  ( -1.866900000000000000, 0.5968999999999998800, 1.219200000000000300 ) ) ;
#964 = CARTESIAN_POINT ( 'NONE',  ( 1.519508802327042000, 1.024156659200246000, -0.3645346507874373500 ) ) ;
#965 = DIRECTION ( 'NONE',  ( 0.0000000000000000000, 0.0000000000000000000, 1.000000000000000000 ) ) ;
#966 = CARTESIAN_POINT ( 'NONE',  ( -0.3886199999999959700, 0.03047999999999999300, 1.511299999999999600 ) ) ;
#967 = ADVANCED_FACE ( 'NONE', ( #6710 ), #7320, .F. ) ;
#968 = DIRECTION ( 'NONE',  ( -1.000000000000000000, 0.0000000000000000000, 0.0000000000000000000 ) ) ;
#969 = ORIENTED_EDGE ( 'NONE', *, *, #7581, .T. ) ;
#970 = AXIS2_PLACEMENT_3D ( 'NONE', #3304, #7604, #3931 ) ;
#971 = EDGE_LOOP ( 'NONE', ( #7471, #2176, #7679, #3344 ) ) ;
#972 =( BOUNDED_CURVE ( )  B_SPLINE_CURVE ( 3, ( #3325, #7015, #4561, #874 ),
 .UNSPECIFIED., .F., .F. )
 B_SPLINE_CURVE_WITH_KNOTS ( ( 4, 4 ),
 ( 0.0000000000000000000, 1.570796326794896800 ),
 .UNSPECIFIED. )
 CURVE ( )  GEOMETRIC_REPRESENTATION_ITEM ( )  RATIONAL_B_SPLINE_CURVE ( ( 1.000000000000000000, 0.8047378541243649400, 0.8047378541243649400, 1.000000000000000000 ) )
 REPRESENTATION_ITEM ( '' )  );
#973 = DIRECTION ( 'NONE',  ( -0.0000000000000000000, -1.000000000000000000, -0.0000000000000000000 ) ) ;
#974 = CARTESIAN_POINT ( 'NONE',  ( 0.0000000000000000000, 0.7238999999999995400, -1.600200000000000100 ) ) ;
#975 = CIRCLE ( 'NONE', #5420, 0.03048000000000004900 ) ;
#976 = DIRECTION ( 'NONE',  ( -0.0000000000000000000, 1.000000000000000000, 0.0000000000000000000 ) ) ;
#977 = CARTESIAN_POINT ( 'NONE',  ( 1.530128351235729300, 0.6603999999999989900, 0.4691226492329307300 ) ) ;
#978 = EDGE_CURVE ( 'NONE', #4196, #400, #1985, .T. ) ;
#979 = AXIS2_PLACEMENT_3D ( 'NONE', #7804, #1058, #4746 ) ;
#980 = CARTESIAN_POINT ( 'NONE',  ( 0.3108362295486167800, 0.6934199999999995900, -1.600200000000000100 ) ) ;
#981 = CARTESIAN_POINT ( 'NONE',  ( -0.2285999999999999700, 1.447800000000000000, -0.2492998462360804800 ) ) ;
#982 = VERTEX_POINT ( 'NONE', #6082 ) ;
#983 = CYLINDRICAL_SURFACE ( 'NONE', #6197, 1.104900000000000000 ) ;
#984 = CARTESIAN_POINT ( 'NONE',  ( 0.2285999999999995300, 1.446109522229873200, -0.6701073447112427800 ) ) ;
#985 = LINE ( 'NONE', #897, #605 ) ;
#986 = EDGE_CURVE ( 'NONE', #7466, #2980, #203, .T. ) ;
#987 = DIRECTION ( 'NONE',  ( -0.7071067811865441300, 0.0000000000000000000, 0.7071067811865507900 ) ) ;
#988 = DIRECTION ( 'NONE',  ( 0.0000000000000000000, 0.0000000000000000000, 1.000000000000000000 ) ) ;
#989 = CARTESIAN_POINT ( 'NONE',  ( -1.516380000000000500, 0.1117600000000006900, 0.4952999999999996300 ) ) ;
#990 = ORIENTED_EDGE ( 'NONE', *, *, #7454, .F. ) ;
#991 = FACE_OUTER_BOUND ( 'NONE', #773, .T. ) ;
#992 = DIRECTION ( 'NONE',  ( 0.0000000000000000000, 0.0000000000000000000, -1.000000000000000000 ) ) ;
#993 = AXIS2_PLACEMENT_3D ( 'NONE', #6572, #6870, #6437 ) ;
#994 = ORIENTED_EDGE ( 'NONE', *, *, #2743, .F. ) ;
#995 = DIRECTION ( 'NONE',  ( 0.2708668550689623000, 0.0000000000000000000, 0.9626168224299063200 ) ) ;
#996 = LINE ( 'NONE', #7716, #4082 ) ;
#997 = FACE_OUTER_BOUND ( 'NONE', #3250, .T. ) ;
#998 = DIRECTION ( 'NONE',  ( 0.0000000000000000000, 0.0000000000000000000, -1.000000000000000000 ) ) ;
#999 = DIRECTION ( 'NONE',  ( -1.000000000000000000, -0.0000000000000000000, -0.0000000000000000000 ) ) ;
#1000 = CARTESIAN_POINT ( 'NONE',  ( 1.514828432814185400, 1.013474388114925500, -0.3810000000000000100 ) ) ;
#1001 = CARTESIAN_POINT ( 'NONE',  ( 1.544382558872363900, 1.022524867186336500, 0.4189544571177754000 ) ) ;
#1002 = DIRECTION ( 'NONE',  ( -0.8660254037844387100, 0.0000000000000000000, 0.4999999999999999400 ) ) ;
#1003 = VERTEX_POINT ( 'NONE', #3337 ) ;
#1004 = AXIS2_PLACEMENT_3D ( 'NONE', #303, #7608, #7479 ) ;
#1005 = CARTESIAN_POINT ( 'NONE',  ( 1.514738666078486500, 0.6908799999999996100, 0.5159523364485980600 ) ) ;
#1006 = ORIENTED_EDGE ( 'NONE', *, *, #1829, .T. ) ;
#1007 = FACE_OUTER_BOUND ( 'NONE', #7905, .T. ) ;
#1008 = EDGE_LOOP ( 'NONE', ( #6427, #4413, #427, #4376 ) ) ;
#1009 = EDGE_CURVE ( 'NONE', #4382, #2303, #3639, .T. ) ;
#1010 = DIRECTION ( 'NONE',  ( -1.000000000000000000, 0.0000000000000000000, 0.0000000000000000000 ) ) ;
#1011 = CARTESIAN_POINT ( 'NONE',  ( -1.463489722546762500, 0.6908799999999996100, -0.8585199999999996200 ) ) ;
#1012 = ADVANCED_FACE ( 'NONE', ( #4885 ), #867, .F. ) ;
#1013 = CARTESIAN_POINT ( 'NONE',  ( 0.4064747706188642200, 0.7112747706188677900, -1.600200000000000100 ) ) ;
#1014 = ORIENTED_EDGE ( 'NONE', *, *, #6978, .F. ) ;
#1015 = CARTESIAN_POINT ( 'NONE',  ( 0.2285999999999995300, 1.446859141121310300, -0.6672776169489617000 ) ) ;
#1016 = ORIENTED_EDGE ( 'NONE', *, *, #6017, .F. ) ;
#1017 = LINE ( 'NONE', #1347, #7373 ) ;
#1018 = DIRECTION ( 'NONE',  ( -0.0000000000000000000, 0.0000000000000000000, 1.000000000000000000 ) ) ;
#1019 = ORIENTED_EDGE ( 'NONE', *, *, #7134, .T. ) ;
#1020 = EDGE_LOOP ( 'NONE', ( #1619, #5460, #3086, #6497, #7235 ) ) ;
#1021 = EDGE_CURVE ( 'NONE', #4612, #911, #7873, .T. ) ;
#1022 = DIRECTION ( 'NONE',  ( 1.000000000000000000, -0.0000000000000000000, 2.188980764154056600E-016 ) ) ;
#1023 = VERTEX_POINT ( 'NONE', #5786 ) ;
#1024 = CARTESIAN_POINT ( 'NONE',  ( 0.0000000000000000000, 3.495298395603767100, 0.0000000000000000000 ) ) ;
#1025 = ORIENTED_EDGE ( 'NONE', *, *, #6913, .T. ) ;
#1026 = DIRECTION ( 'NONE',  ( 0.9626168224299064300, -0.0000000000000000000, -0.2708668550689619100 ) ) ;
#1027 = EDGE_CURVE ( 'NONE', #4787, #647, #3447, .T. ) ;
#1028 = DIRECTION ( 'NONE',  ( 0.0000000000000000000, 0.0000000000000000000, -1.000000000000000000 ) ) ;
#1029 = AXIS2_PLACEMENT_3D ( 'NONE', #4195, #1116, #5422 ) ;
#1030 = VERTEX_POINT ( 'NONE', #6411 ) ;
#1031 = CARTESIAN_POINT ( 'NONE',  ( -1.327240442169626200, 0.6651181591866599500, 0.9046016145741837500 ) ) ;
#1032 = CIRCLE ( 'NONE', #5731, 0.03048000000000004900 ) ;
#1033 = CIRCLE ( 'NONE', #4029, 1.104900000000000000 ) ;
#1034 = DIRECTION ( 'NONE',  ( -0.0000000000000000000, -0.0000000000000000000, -1.000000000000000000 ) ) ;
#1035 = CARTESIAN_POINT ( 'NONE',  ( -0.4190999999999958100, 0.7238999999999998800, -1.569720000000000000 ) ) ;
#1036 = CARTESIAN_POINT ( 'NONE',  ( -1.572260000000000900, 5.421010862427522200E-017, -0.4953000000000003000 ) ) ;
#1037 = VERTEX_POINT ( 'NONE', #6973 ) ;
#1038 = ORIENTED_EDGE ( 'NONE', *, *, #4230, .T. ) ;
#1039 = CARTESIAN_POINT ( 'NONE',  ( 0.2285999999999995300, 1.447482677352367000, -0.6649238371763805900 ) ) ;
#1040 = VECTOR ( 'NONE', #3507, 1000.000000000000000 ) ;
#1041 = VECTOR ( 'NONE', #3496, 1000.000000000000000 ) ;
#1042 = CARTESIAN_POINT ( 'NONE',  ( 2.238972614690567300, 0.6603999999999998800, -0.7709273853094336100 ) ) ;
#1043 = ORIENTED_EDGE ( 'NONE', *, *, #3860, .T. ) ;
#1044 = AXIS2_PLACEMENT_3D ( 'NONE', #7590, #6436, #6898 ) ;
#1045 = CARTESIAN_POINT ( 'NONE',  ( 2.217420000000001100, 0.6299199999999998100, -0.7493747706188678100 ) ) ;
#1046 =( BOUNDED_SURFACE ( )  B_SPLINE_SURFACE ( 3, 3, (
 ( #6321, #7527, #7554, #3884 ),
 ( #223, #4493, #801, #5117 ),
 ( #1428, #5722, #2027, #6352 ),
 ( #2664, #6965, #3278, #7579 ) ),
 .UNSPECIFIED., .F., .F., .F. )
 B_SPLINE_SURFACE_WITH_KNOTS ( ( 4, 4 ),
 ( 4, 4 ),
 ( 0.0000000000000000000, 1.000000000000000000 ),
 ( 0.0000000000000000000, 1.000000000000000000 ),
 .UNSPECIFIED. )
 GEOMETRIC_REPRESENTATION_ITEM ( )  RATIONAL_B_SPLINE_SURFACE ( (
 ( 1.000000000000000000, 0.9228459245378356500, 0.9228459245378356500, 1.000000000000000000),
 ( 0.8047378541243649400, 0.7426490489999935100, 0.7426490489999935100, 0.8047378541243649400),
 ( 0.8047378541243649400, 0.7426490489999935100, 0.7426490489999935100, 0.8047378541243649400),
 ( 1.000000000000000000, 0.9228459245378356500, 0.9228459245378356500, 1.000000000000000000) ) )
 REPRESENTATION_ITEM ( '' )  SURFACE ( )  );
#1047 = EDGE_CURVE ( 'NONE', #7449, #881, #24, .T. ) ;
#1048 = CARTESIAN_POINT ( 'NONE',  ( -1.321454821362894900, 0.6737464961379849800, -0.9095847880855713100 ) ) ;
#1049 = EDGE_CURVE ( 'NONE', #2086, #4459, #4694, .T. ) ;
#1050 = COLOUR_RGB ( '',1.000000000000000000, 1.000000000000000000, 1.000000000000000000 ) ;
#1051 = ORIENTED_EDGE ( 'NONE', *, *, #5607, .T. ) ;
#1052 = ADVANCED_FACE ( 'NONE', ( #3059 ), #2869, .T. ) ;
#1053 = DIRECTION ( 'NONE',  ( 0.0000000000000000000, 0.0000000000000000000, -1.000000000000000000 ) ) ;
#1054 = CARTESIAN_POINT ( 'NONE',  ( 0.3886199999999961900, 0.08890000000000000700, -1.541780000000000400 ) ) ;
#1055 = CARTESIAN_POINT ( 'NONE',  ( 1.563028992053581600, 0.6299199999995417400, 0.4952999946780460300 ) ) ;
#1056 = CARTESIAN_POINT ( 'NONE',  ( 0.8509000000000003200, 0.0000000000000000000, 0.4952999999999996300 ) ) ;
#1057 =( LENGTH_UNIT ( ) NAMED_UNIT ( * ) SI_UNIT ( .MILLI., .METRE. ) );
#1058 = DIRECTION ( 'NONE',  ( 0.0000000000000000000, 0.0000000000000000000, 1.000000000000000000 ) ) ;
#1059 = EDGE_CURVE ( 'NONE', #3834, #5749, #4500, .T. ) ;
#1060 = ORIENTED_EDGE ( 'NONE', *, *, #7757, .T. ) ;
#1061 = AXIS2_PLACEMENT_3D ( 'NONE', #7385, #1323, #1907 ) ;
#1062 = EDGE_CURVE ( 'NONE', #1234, #3378, #6330, .T. ) ;
#1063 = ORIENTED_EDGE ( 'NONE', *, *, #3386, .T. ) ;
#1064 = CARTESIAN_POINT ( 'NONE',  ( 1.397074770618876400, 0.6299199999999998100, -1.569720000000000000 ) ) ;
#1065 = DIRECTION ( 'NONE',  ( 0.0000000000000000000, -0.0000000000000000000, -1.000000000000000000 ) ) ;
#1066 = FACE_OUTER_BOUND ( 'NONE', #7464, .T. ) ;
#1067 = CARTESIAN_POINT ( 'NONE',  ( -0.4188039324873668600, 0.6602387398022104800, 1.572851200543085900 ) ) ;
#1068 = ORIENTED_EDGE ( 'NONE', *, *, #6159, .F. ) ;
#1069 = CARTESIAN_POINT ( 'NONE',  ( -1.346727066632285700, 0.6604013537049188100, -0.9197672629794418900 ) ) ;
#1070 = ORIENTED_EDGE ( 'NONE', *, *, #2797, .T. ) ;
#1071 = AXIS2_PLACEMENT_3D ( 'NONE', #1193, #7334, #1781 ) ;
#1072 = CARTESIAN_POINT ( 'NONE',  ( -0.2285999999999999100, 1.437278975515723100, 0.2199704525612474800 ) ) ;
#1073 = DIRECTION ( 'NONE',  ( 0.0000000000000000000, 0.0000000000000000000, 1.000000000000000000 ) ) ;
#1074 = VECTOR ( 'NONE', #6325, 1000.000000000000000 ) ;
#1075 = CYLINDRICAL_SURFACE ( 'NONE', #4343, 0.03047999999999999700 ) ;
#1076 = CARTESIAN_POINT ( 'NONE',  ( -0.4190912154643353600, 0.6622703254338875300, -1.544364463925407300 ) ) ;
#1077 = VERTEX_POINT ( 'NONE', #842 ) ;
#1078 = LINE ( 'NONE', #4508, #1274 ) ;
#1079 = DIRECTION ( 'NONE',  ( 0.0000000000000000000, 0.0000000000000000000, 1.000000000000000000 ) ) ;
#1080 = AXIS2_PLACEMENT_3D ( 'NONE', #2216, #2848, #7729 ) ;
#1081 = SURFACE_STYLE_USAGE ( .BOTH. , #1112 ) ;
#1082 = AXIS2_PLACEMENT_3D ( 'NONE', #3691, #4925, #630 ) ;
#1083 = B_SPLINE_CURVE_WITH_KNOTS ( 'NONE', 3,
 ( #2203, #6515, #2827, #7135 ),
 .UNSPECIFIED., .F., .F.,
 ( 4, 4 ),
 ( 5.874985351132326100E-018, 6.371198832587060700E-005 ),
 .UNSPECIFIED. ) ;
#1084 = ADVANCED_FACE ( 'NONE', ( #6145 ), #1707, .F. ) ;
#1085 = CARTESIAN_POINT ( 'NONE',  ( 2.235274770618868700, 0.6603999999999995400, 0.5079252293811314900 ) ) ;
#1086 = FACE_OUTER_BOUND ( 'NONE', #4847, .T. ) ;
#1087 = CARTESIAN_POINT ( 'NONE',  ( 0.2285999999999996400, 1.447800000000000000, -0.6624685217151070600 ) ) ;
#1088 = CIRCLE ( 'NONE', #5874, 0.03047999999999997200 ) ;
#1089 = EDGE_CURVE ( 'NONE', #7365, #4692, #2670, .T. ) ;
#1090 = CARTESIAN_POINT ( 'NONE',  ( -1.321554598097102400, 1.417319999999999700, -0.9022934579439249000 ) ) ;
#1091 = CARTESIAN_POINT ( 'NONE',  ( -1.589282705972686600, 0.6603999999999996500, 0.7645621571863959700 ) ) ;
#1092 = ORIENTED_EDGE ( 'NONE', *, *, #1972, .F. ) ;
#1093 = CARTESIAN_POINT ( 'NONE',  ( -0.4116828317801639000, 0.6629770323487447200, 1.546336904164328500 ) ) ;
#1094 = ORIENTED_EDGE ( 'NONE', *, *, #226, .F. ) ;
#1095 = VECTOR ( 'NONE', #76, 1000.000000000000000 ) ;
#1096 = DIRECTION ( 'NONE',  ( 0.0000000000000000000, -0.0000000000000000000, 1.000000000000000000 ) ) ;
#1097 = AXIS2_PLACEMENT_3D ( 'NONE', #5789, #5732, #5704 ) ;
#1098 = CARTESIAN_POINT ( 'NONE',  ( 0.4495799999999962000, 0.08890000000000000700, -1.569720000000000000 ) ) ;
#1099 = EDGE_LOOP ( 'NONE', ( #488, #5748, #2896, #5333 ) ) ;
#1100 = ORIENTED_EDGE ( 'NONE', *, *, #5510, .T. ) ;
#1101 = ORIENTED_EDGE ( 'NONE', *, *, #2493, .T. ) ;
#1102 = DIRECTION ( 'NONE',  ( 0.0000000000000000000, -1.000000000000000000, 0.0000000000000000000 ) ) ;
#1103 = EDGE_LOOP ( 'NONE', ( #7895, #665, #7724, #1872, #3826, #3613, #7193, #1150 ) ) ;
#1104 = CARTESIAN_POINT ( 'NONE',  ( 0.4190999999999957500, 0.08890000000000000700, 1.600200000000000100 ) ) ;
#1105 = DIRECTION ( 'NONE',  ( -1.000000000000000000, -9.427635668924778100E-016, -0.0000000000000000000 ) ) ;
#1106 = EDGE_CURVE ( 'NONE', #2132, #7365, #7572, .T. ) ;
#1107 = ORIENTED_EDGE ( 'NONE', *, *, #2636, .T. ) ;
#1108 = EDGE_CURVE ( 'NONE', #1795, #1037, #1032, .T. ) ;
#1109 = EDGE_CURVE ( 'NONE', #400, #7395, #5742, .T. ) ;
#1110 = DIRECTION ( 'NONE',  ( 0.0000000000000000000, 1.000000000000000000, -0.0000000000000000000 ) ) ;
#1111 = LINE ( 'NONE', #186, #4393 ) ;
#1112 = SURFACE_SIDE_STYLE ('',( #3327 ) ) ;
#1113 = DIRECTION ( 'NONE',  ( 0.9465933421312874300, 0.0000000000000000000, -0.3224299065420567200 ) ) ;
#1114 = ORIENTED_EDGE ( 'NONE', *, *, #1750, .F. ) ;
#1115 = DIRECTION ( 'NONE',  ( -1.000000000000000000, -0.0000000000000000000, -0.0000000000000000000 ) ) ;
#1116 = DIRECTION ( 'NONE',  ( 0.0000000000000000000, 1.000000000000000000, 0.0000000000000000000 ) ) ;
#1117 = VERTEX_POINT ( 'NONE', #4659 ) ;
#1118 = CARTESIAN_POINT ( 'NONE',  ( -0.4109758215997526600, 0.6905574796038471700, 1.546524786112540600 ) ) ;
#1119 = VECTOR ( 'NONE', #1417, 1000.000000000000000 ) ;
#1120 =( BOUNDED_SURFACE ( )  B_SPLINE_SURFACE ( 3, 3, (
 ( #3667, #1610, #5699, #5270 ),
 ( #865, #4443, #1659, #3783 ),
 ( #3862, #2172, #3732, #3619 ),
 ( #3450, #3500, #3151, #3099 ) ),
 .UNSPECIFIED., .F., .F., .T. )
 B_SPLINE_SURFACE_WITH_KNOTS ( ( 4, 4 ),
 ( 4, 4 ),
 ( 0.0000000000000000000, 1.000000000000000000 ),
 ( 0.0000000000000000000, 1.000000000000000000 ),
 .UNSPECIFIED. )
 GEOMETRIC_REPRESENTATION_ITEM ( )  RATIONAL_B_SPLINE_SURFACE ( (
 ( 1.000000000000000000, 0.8047378541243647200, 0.8047378541243647200, 1.000000000000000000),
 ( 0.8047378541243649400, 0.6476030138606875300, 0.6476030138606875300, 0.8047378541243649400),
 ( 0.8047378541243649400, 0.6476030138606875300, 0.6476030138606875300, 0.8047378541243649400),
 ( 1.000000000000000000, 0.8047378541243647200, 0.8047378541243647200, 1.000000000000000000) ) )
 REPRESENTATION_ITEM ( '' )  SURFACE ( )  );
#1121 = LINE ( 'NONE', #5740, #7483 ) ;
#1122 = CARTESIAN_POINT ( 'NONE',  ( -2.247900000000000000, 0.6934199999999998100, -1.600200000000000100 ) ) ;
#1123 = ADVANCED_FACE ( 'NONE', ( #4122 ), #5550, .T. ) ;
#1124 = ORIENTED_EDGE ( 'NONE', *, *, #3226, .T. ) ;
#1125 = LINE ( 'NONE', #6470, #936 ) ;
#1126 = CYLINDRICAL_SURFACE ( 'NONE', #4469, 0.03048000000000004900 ) ;
#1127 = FACE_OUTER_BOUND ( 'NONE', #5365, .T. ) ;
#1128 = EDGE_CURVE ( 'NONE', #5686, #5663, #7195, .T. ) ;
#1129 = DIRECTION ( 'NONE',  ( 0.0000000000000000000, 0.0000000000000000000, -1.000000000000000000 ) ) ;
#1130 = VERTEX_POINT ( 'NONE', #6522 ) ;
#1131 = CARTESIAN_POINT ( 'NONE',  ( 0.2586050209406713400, 0.6934202049374862400, -1.600200000000000100 ) ) ;
#1132 = DIRECTION ( 'NONE',  ( -0.0000000000000000000, -1.000000000000000000, -0.0000000000000000000 ) ) ;
#1133 = EDGE_LOOP ( 'NONE', ( #7743, #4681, #5882, #38 ) ) ;
#1134 = FACE_OUTER_BOUND ( 'NONE', #2418, .T. ) ;
#1135 = FILL_AREA_STYLE ('',( #1647 ) ) ;
#1136 = ORIENTED_EDGE ( 'NONE', *, *, #4441, .F. ) ;
#1137 = PRODUCT_DEFINITION_SHAPE ( 'NONE', 'NONE',  #1230 ) ;
#1138 = DIRECTION ( 'NONE',  ( -0.3224299065420563300, -0.0000000000000000000, -0.9465933421312875400 ) ) ;
#1139 = ORIENTED_EDGE ( 'NONE', *, *, #170, .T. ) ;
#1140 = CARTESIAN_POINT ( 'NONE',  ( -0.2285999999970376700, 1.429459726976025600, -0.6859807489009706000 ) ) ;
#1141 = DIRECTION ( 'NONE',  ( 1.000000000000000000, 0.0000000000000000000, 0.0000000000000000000 ) ) ;
#1142 = AXIS2_PLACEMENT_3D ( 'NONE', #2327, #5870, #7584 ) ;
#1143 = CARTESIAN_POINT ( 'NONE',  ( 1.134558606683674100, 1.447800000000000000, -0.04318000000000001700 ) ) ;
#1144 = CARTESIAN_POINT ( 'NONE',  ( -0.4264427457909851200, 0.6603435624960859500, 1.571836224997046100 ) ) ;
#1145 = DIRECTION ( 'NONE',  ( 0.0000000000000000000, 0.0000000000000000000, -1.000000000000000000 ) ) ;
#1146 = EDGE_LOOP ( 'NONE', ( #6131, #5938, #4513 ) ) ;
#1147 = CARTESIAN_POINT ( 'NONE',  ( 0.9205713226126812600, 1.447800000000000000, -1.569719999999999800 ) ) ;
#1148 = CARTESIAN_POINT ( 'NONE',  ( -1.572260000000000900, 0.1117600000000006900, 0.4952999999999996300 ) ) ;
#1149 = DIRECTION ( 'NONE',  ( 1.000000000000000000, -0.0000000000000000000, -0.0000000000000000000 ) ) ;
#1150 = ORIENTED_EDGE ( 'NONE', *, *, #2029, .F. ) ;
#1151 = DIRECTION ( 'NONE',  ( 0.0000000000000000000, 0.0000000000000000000, -1.000000000000000000 ) ) ;
#1152 = ORIENTED_EDGE ( 'NONE', *, *, #51, .F. ) ;
#1153 = CARTESIAN_POINT ( 'NONE',  ( -0.3886199999999957500, 0.6603999999999998800, 1.569720000000000000 ) ) ;
#1154 = CARTESIAN_POINT ( 'NONE',  ( 1.543590831146648000, 0.6603999999999996500, 0.5257799999999998000 ) ) ;
#1155 = CARTESIAN_POINT ( 'NONE',  ( 1.543590831146648000, 0.6908799999999996100, -0.5257800000000004700 ) ) ;
#1156 = ADVANCED_FACE ( 'NONE', ( #3929 ), #7006, .F. ) ;
#1157 = CYLINDRICAL_SURFACE ( 'NONE', #776, 0.03047999999999991000 ) ;
#1158 = EDGE_CURVE ( 'NONE', #1426, #7169, #654, .T. ) ;
#1159 = LINE ( 'NONE', #275, #1361 ) ;
#1160 = CARTESIAN_POINT ( 'NONE',  ( -0.4064747706188638900, 0.7112747706188679000, -1.600199999999999800 ) ) ;
#1161 = CARTESIAN_POINT ( 'NONE',  ( -1.866900000000000000, 0.6603999999999998800, -0.9525747706188674200 ) ) ;
#1162 = CARTESIAN_POINT ( 'NONE',  ( 2.247900000000000900, 0.03048000000000004900, 0.5257799999999996900 ) ) ;
#1163 = DIRECTION ( 'NONE',  ( -0.0000000000000000000, 1.000000000000000000, -0.0000000000000000000 ) ) ;
#1164 = CARTESIAN_POINT ( 'NONE',  ( 0.4495799999999962000, -8.470329472543003400E-019, -1.541780000000000400 ) ) ;
#1165 = CARTESIAN_POINT ( 'NONE',  ( -1.321454821362894700, 0.6908799999999994900, -0.9024405158809382100 ) ) ;
#1166 = ORIENTED_EDGE ( 'NONE', *, *, #7847, .T. ) ;
#1167 = CARTESIAN_POINT ( 'NONE',  ( -0.4190912154645302600, 0.6622703254338665500, 1.544364463925348700 ) ) ;
#1168 = CIRCLE ( 'NONE', #3730, 0.03047999999999999300 ) ;
#1169 = CARTESIAN_POINT ( 'NONE',  ( -0.4190999999999957500, 0.05842000000000000700, 1.511300000000000100 ) ) ;
#1170 = LINE ( 'NONE', #230, #7528 ) ;
#1171 = CARTESIAN_POINT ( 'NONE',  ( -2.247900000000000000, 0.6477747706188677900, -0.5079252293811323800 ) ) ;
#1172 = CARTESIAN_POINT ( 'NONE',  ( 2.247900000000000900, 0.1117600000000006900, 0.4952999999999996300 ) ) ;
#1173 = EDGE_CURVE ( 'NONE', #2741, #515, #2462, .T. ) ;
#1174 = DIRECTION ( 'NONE',  ( 0.0000000000000000000, 0.0000000000000000000, -1.000000000000000000 ) ) ;
#1175 = ORIENTED_EDGE ( 'NONE', *, *, #3280, .F. ) ;
#1176 = VECTOR ( 'NONE', #3524, 1000.000000000000000 ) ;
#1177 = CARTESIAN_POINT ( 'NONE',  ( 0.2285999999952141300, 1.437356347800833800, 0.6819533179231894700 ) ) ;
#1178 = CARTESIAN_POINT ( 'NONE',  ( 1.516380000000000500, 0.6603999999999998800, -0.4953000000000003000 ) ) ;
#1179 = ORIENTED_EDGE ( 'NONE', *, *, #4398, .T. ) ;
#1180 = CARTESIAN_POINT ( 'NONE',  ( 0.2286000000000000300, 1.422400000000000800, 0.6868575179758901200 ) ) ;
#1181 = DIRECTION ( 'NONE',  ( -0.8625405031748105700, 0.0000000000000000000, 0.5059880239520935200 ) ) ;
#1182 = CYLINDRICAL_SURFACE ( 'NONE', #1258, 0.03048000000000004900 ) ;
#1183 = FACE_BOUND ( 'NONE', #6843, .T. ) ;
#1184 = DIRECTION ( 'NONE',  ( -0.3224299065420560600, 0.0000000000000000000, 0.9465933421312878700 ) ) ;
#1185 = ORIENTED_EDGE ( 'NONE', *, *, #7302, .F. ) ;
#1186 = DIRECTION ( 'NONE',  ( -0.8625405031748105700, 0.0000000000000000000, 0.5059880239520935200 ) ) ;
#1187 = DIRECTION ( 'NONE',  ( 0.0000000000000000000, 0.0000000000000000000, -1.000000000000000000 ) ) ;
#1188 = ORIENTED_EDGE ( 'NONE', *, *, #2335, .F. ) ;
#1189 = EDGE_CURVE ( 'NONE', #1860, #6148, #2276, .T. ) ;
#1190 = CYLINDRICAL_SURFACE ( 'NONE', #4806, 0.05588000000000055400 ) ;
#1191 = ORIENTED_EDGE ( 'NONE', *, *, #3594, .F. ) ;
#1192 = CARTESIAN_POINT ( 'NONE',  ( -2.247900000000000000, 0.01262522938113183800, -1.580179082475471800 ) ) ;
#1193 = CARTESIAN_POINT ( 'NONE',  ( 0.0000000000000000000, 1.417319999999999900, 0.8585200000000001700 ) ) ;
#1194 = CARTESIAN_POINT ( 'NONE',  ( 0.4491956363863626200, 0.0000000000000000000, -1.507316773253216700 ) ) ;
#1195 = CARTESIAN_POINT ( 'NONE',  ( -0.4184718478973293300, 0.6907671416778296000, 1.544532780815216100 ) ) ;
#1196 = CARTESIAN_POINT ( 'NONE',  ( -2.247900000000000500, 0.6403790824754720400, 1.587574770618867600 ) ) ;
#1197 = ORIENTED_EDGE ( 'NONE', *, *, #4368, .T. ) ;
#1198 = CARTESIAN_POINT ( 'NONE',  ( -0.4495799999999958700, 0.0000000000000000000, 1.569720000000000000 ) ) ;
#1199 = CARTESIAN_POINT ( 'NONE',  ( -1.654659406041013600, 0.6908799999999996100, 0.4952999999999999600 ) ) ;
#1200 = VERTEX_POINT ( 'NONE', #905 ) ;
#1201 = VECTOR ( 'NONE', #2832, 1000.000000000000000 ) ;
#1202 = CARTESIAN_POINT ( 'NONE',  ( -1.489875705765618700, 1.432577444428127200, 0.8583761977161759000 ) ) ;
#1203 = ORIENTED_EDGE ( 'NONE', *, *, #4091, .F. ) ;
#1204 = ADVANCED_FACE ( 'NONE', ( #836 ), #3538, .F. ) ;
#1205 = ORIENTED_EDGE ( 'NONE', *, *, #5909, .F. ) ;
#1206 = EDGE_LOOP ( 'NONE', ( #1677, #1650, #2328, #4140 ) ) ;
#1207 =( BOUNDED_CURVE ( )  B_SPLINE_CURVE ( 3, ( #2426, #4040, #2316, #2249 ),
 .UNSPECIFIED., .F., .T. )
 B_SPLINE_CURVE_WITH_KNOTS ( ( 4, 4 ),
 ( 0.0000000000000000000, 1.000000000000000000 ),
 .UNSPECIFIED. )
 CURVE ( )  GEOMETRIC_REPRESENTATION_ITEM ( )  RATIONAL_B_SPLINE_CURVE ( ( 1.000000000000000000, 0.9233949522821429700, 0.9233949522821429700, 1.000000000000000000 ) )
 REPRESENTATION_ITEM ( '' )  );
#1208 = DIRECTION ( 'NONE',  ( -0.0000000000000000000, 0.0000000000000000000, 1.000000000000000000 ) ) ;
#1209 = DIRECTION ( 'NONE',  ( -1.000000000000000000, 0.0000000000000000000, 0.0000000000000000000 ) ) ;
#1210 = CARTESIAN_POINT ( 'NONE',  ( -0.4190999999999958100, 0.7238999999999998800, 1.569720000000000000 ) ) ;
#1211 = ORIENTED_EDGE ( 'NONE', *, *, #7391, .F. ) ;
#1212 = CARTESIAN_POINT ( 'NONE',  ( 0.0000000000000000000, 0.6908799999999996100, 0.0000000000000000000 ) ) ;
#1213 = AXIS2_PLACEMENT_3D ( 'NONE', #924, #877, #853 ) ;
#1214 = EDGE_CURVE ( 'NONE', #4498, #4200, #6807, .T. ) ;
#1215 = ORIENTED_EDGE ( 'NONE', *, *, #4028, .T. ) ;
#1216 = EDGE_CURVE ( 'NONE', #729, #6007, #3738, .T. ) ;
#1217 = PLANE ( 'NONE',  #1994 ) ;
#1218 = ORIENTED_EDGE ( 'NONE', *, *, #1926, .F. ) ;
#1219 = DIRECTION ( 'NONE',  ( 1.836970198721029700E-016, -0.0000000000000000000, 1.000000000000000000 ) ) ;
#1220 = VECTOR ( 'NONE', #381, 1000.000000000000000 ) ;
#1221 = CARTESIAN_POINT ( 'NONE',  ( -0.4190999999939393800, 0.6610972815156123100, 1.568011569498743500 ) ) ;
#1222 = FACE_OUTER_BOUND ( 'NONE', #5150, .T. ) ;
#1223 = DIRECTION ( 'NONE',  ( 0.0000000000000000000, -1.000000000000000000, 0.0000000000000000000 ) ) ;
#1224 = CARTESIAN_POINT ( 'NONE',  ( 2.217420000000001100, 1.694065894508600700E-018, -0.4953000000000004100 ) ) ;
#1225 = PLANE ( 'NONE',  #6062 ) ;
#1226 = CARTESIAN_POINT ( 'NONE',  ( -0.4340735501803669700, 0.6603999999999997600, 1.570792588589298800 ) ) ;
#1227 = EDGE_LOOP ( 'NONE', ( #443, #4330, #5132, #723 ) ) ;
#1228 = CARTESIAN_POINT ( 'NONE',  ( 1.544242545894418700, 0.9144000000000001000, 0.4194699029126213700 ) ) ;
#1229 = ORIENTED_EDGE ( 'NONE', *, *, #3158, .T. ) ;
#1230 = PRODUCT_DEFINITION ( 'UNKNOWN', '', #1637, #5658 ) ;
#1231 = VECTOR ( 'NONE', #2970, 1000.000000000000000 ) ;
#1232 = FACE_OUTER_BOUND ( 'NONE', #4005, .T. ) ;
#1233 = CARTESIAN_POINT ( 'NONE',  ( -2.270759999999999700, 1.447799999999999800, -1.135380000000000100 ) ) ;
#1234 = VERTEX_POINT ( 'NONE', #1602 ) ;
#1236 = ADVANCED_FACE ( 'NONE', ( #1891 ), #2137, .F. ) ;
#1235 = CARTESIAN_POINT ( 'NONE',  ( -0.4495799999999958700, -3.388131789017201400E-018, -1.541780000000000400 ) ) ;
#1237 = CARTESIAN_POINT ( 'NONE',  ( 8.865218179027691600E-017, 1.257300000000000300, 0.7239000000000001000 ) ) ;
#1238 = EDGE_CURVE ( 'NONE', #3289, #4296, #317, .T. ) ;
#1239 = ORIENTED_EDGE ( 'NONE', *, *, #7302, .T. ) ;
#1240 = DIRECTION ( 'NONE',  ( -0.0000000000000000000, 0.0000000000000000000, 1.000000000000000000 ) ) ;
#1241 = DIRECTION ( 'NONE',  ( 0.0000000000000000000, 0.0000000000000000000, -1.000000000000000000 ) ) ;
#1242 = CARTESIAN_POINT ( 'NONE',  ( 0.4191000000053055600, 0.6748129827314322000, -1.548774299836681400 ) ) ;
#1243 = SURFACE_SIDE_STYLE ('',( #4166 ) ) ;
#1244 = EDGE_CURVE ( 'NONE', #5098, #282, #6849, .T. ) ;
#1245 = DIRECTION ( 'NONE',  ( 1.000000000000000000, -0.0000000000000000000, 0.0000000000000000000 ) ) ;
#1246 = ADVANCED_FACE ( 'NONE', ( #289 ), #6424, .F. ) ;
#1247 = B_SPLINE_CURVE_WITH_KNOTS ( 'NONE', 3,
 ( #4811, #1131, #6679, #2996, #7297, #3617 ),
 .UNSPECIFIED., .F., .F.,
 ( 4, 2, 4 ),
 ( 0.0000000000000000000, 0.4999999999999998900, 1.000000000000000000 ),
 .UNSPECIFIED. ) ;
#1248 = DIRECTION ( 'NONE',  ( -1.000000000000000000, 0.0000000000000000000, 0.0000000000000000000 ) ) ;
#1249 = CARTESIAN_POINT ( 'NONE',  ( 0.3886199999999961900, 0.6603999999999998800, -1.569720000000000000 ) ) ;
#1250 = DIRECTION ( 'NONE',  ( 0.0000000000000000000, 0.0000000000000000000, -1.000000000000000000 ) ) ;
#1251 = DIRECTION ( 'NONE',  ( -0.0000000000000000000, -1.000000000000000000, -0.0000000000000000000 ) ) ;
#1252 = PRESENTATION_LAYER_ASSIGNMENT (  '', '', ( #2070 ) ) ;
#1253 = CARTESIAN_POINT ( 'NONE',  ( 1.569696140903658900, 1.295315715360193100, 0.008013600416328118700 ) ) ;
#1254 = ORIENTED_EDGE ( 'NONE', *, *, #2261, .F. ) ;
#1255 = ORIENTED_EDGE ( 'NONE', *, *, #5866, .F. ) ;
#1256 = CARTESIAN_POINT ( 'NONE',  ( 8.865218179027691600E-017, 3.495298395603767100, 0.7239000000000001000 ) ) ;
#1257 = VECTOR ( 'NONE', #1731, 1000.000000000000000 ) ;
#1258 = AXIS2_PLACEMENT_3D ( 'NONE', #1842, #1818, #1874 ) ;
#1259 = VERTEX_POINT ( 'NONE', #4707 ) ;
#1260 = CARTESIAN_POINT ( 'NONE',  ( 0.0000000000000000000, 0.6604000000000002100, 0.0000000000000000000 ) ) ;
#1261 = EDGE_CURVE ( 'NONE', #3772, #4296, #1692, .T. ) ;
#1262 = VERTEX_POINT ( 'NONE', #4619 ) ;
#1263 = CARTESIAN_POINT ( 'NONE',  ( -0.4190999999999958100, 0.03047999999999999300, -1.541780000000000400 ) ) ;
#1264 = ORIENTED_EDGE ( 'NONE', *, *, #4756, .F. ) ;
#1265 = DIRECTION ( 'NONE',  ( 0.0000000000000000000, 0.0000000000000000000, -1.000000000000000000 ) ) ;
#1266 = VECTOR ( 'NONE', #2060, 1000.000000000000000 ) ;
#1267 = DIRECTION ( 'NONE',  ( 0.0000000000000000000, 0.0000000000000000000, 1.000000000000000000 ) ) ;
#1268 = CIRCLE ( 'NONE', #3936, 1.600200000000000100 ) ;
#1269 = DIRECTION ( 'NONE',  ( -0.0000000000000000000, -1.000000000000000000, -0.0000000000000000000 ) ) ;
#1270 = DIRECTION ( 'NONE',  ( -1.000000000000000000, 0.0000000000000000000, 0.0000000000000000000 ) ) ;
#1271 =( BOUNDED_CURVE ( )  B_SPLINE_CURVE ( 3, ( #1660, #5356, #1072, #5382 ),
 .UNSPECIFIED., .F., .F. )
 B_SPLINE_CURVE_WITH_KNOTS ( ( 4, 4 ),
 ( 1.570796326794896600, 3.141592653589793100 ),
 .UNSPECIFIED. )
 CURVE ( )  GEOMETRIC_REPRESENTATION_ITEM ( )  RATIONAL_B_SPLINE_CURVE ( ( 1.000000000000000000, 0.8047378541243649400, 0.8047378541243649400, 1.000000000000000000 ) )
 REPRESENTATION_ITEM ( '' )  );
#1272 = ORIENTED_EDGE ( 'NONE', *, *, #1923, .T. ) ;
#1273 = DIRECTION ( 'NONE',  ( 1.000000000000000000, 9.427635668924778100E-016, 0.0000000000000000000 ) ) ;
#1274 = VECTOR ( 'NONE', #816, 1000.000000000000000 ) ;
#1275 = CARTESIAN_POINT ( 'NONE',  ( -0.2285999999999999700, 1.257300000000000100, -0.7620000000000000100 ) ) ;
#1276 = DIRECTION ( 'NONE',  ( 1.000000000000000000, 0.0000000000000000000, 0.0000000000000000000 ) ) ;
#1277 =( BOUNDED_CURVE ( )  B_SPLINE_CURVE ( 3, ( #5359, #7879, #409, #436 ),
 .UNSPECIFIED., .F., .T. )
 B_SPLINE_CURVE_WITH_KNOTS ( ( 4, 4 ),
 ( 0.0000000000000000000, 1.000000000000000000 ),
 .UNSPECIFIED. )
 CURVE ( )  GEOMETRIC_REPRESENTATION_ITEM ( )  RATIONAL_B_SPLINE_CURVE ( ( 1.000000000000000000, 0.9083603354498729400, 0.9083603354498729400, 1.000000000000000000 ) )
 REPRESENTATION_ITEM ( '' )  );
#1278 = LINE ( 'NONE', #5473, #1662 ) ;
#1279 = PLANE ( 'NONE',  #1668 ) ;
#1280 = FACE_OUTER_BOUND ( 'NONE', #7641, .T. ) ;
#1281 = EDGE_CURVE ( 'NONE', #188, #3032, #109, .T. ) ;
#1282 = ADVANCED_FACE ( 'NONE', ( #3339 ), #5864, .T. ) ;
#1283 = CARTESIAN_POINT ( 'NONE',  ( -0.2285999999999999700, 1.447800000000000000, 0.0000000000000000000 ) ) ;
#1284 = ORIENTED_EDGE ( 'NONE', *, *, #7508, .T. ) ;
#1285 = ORIENTED_EDGE ( 'NONE', *, *, #1886, .T. ) ;
#1286 = CARTESIAN_POINT ( 'NONE',  ( -0.4495799999999958700, 0.03048000000000004900, -1.569720000000000000 ) ) ;
#1287 = FACE_OUTER_BOUND ( 'NONE', #3043, .T. ) ;
#1288 = ORIENTED_EDGE ( 'NONE', *, *, #1047, .F. ) ;
#1289 = PLANE ( 'NONE',  #7347 ) ;
#1290 = CARTESIAN_POINT ( 'NONE',  ( 1.397074770618876400, 0.6299199999999998100, -1.569720000000000400 ) ) ;
#1291 = DIRECTION ( 'NONE',  ( -1.000000000000000000, 0.0000000000000000000, 0.0000000000000000000 ) ) ;
#1292 = DIRECTION ( 'NONE',  ( 0.0000000000000000000, -1.000000000000000000, 0.0000000000000000000 ) ) ;
#1293 = EDGE_LOOP ( 'NONE', ( #852, #6334, #417, #7363 ) ) ;
#1294 = DIRECTION ( 'NONE',  ( 0.0000000000000000000, 0.0000000000000000000, -1.000000000000000000 ) ) ;
#1295 = ORIENTED_EDGE ( 'NONE', *, *, #3436, .F. ) ;
#1296 = ORIENTED_EDGE ( 'NONE', *, *, #1645, .T. ) ;
#1297 = CARTESIAN_POINT ( 'NONE',  ( 1.519322311391338300, 1.022014853725170100, 0.3652127376616577900 ) ) ;
#1298 = CARTESIAN_POINT ( 'NONE',  ( -1.654659406041013800, 0.6604000000000002100, -0.4953000000000001800 ) ) ;
#1299 = ORIENTED_EDGE ( 'NONE', *, *, #4007, .T. ) ;
#1300 = AXIS2_PLACEMENT_3D ( 'NONE', #5358, #7237, #1053 ) ;
#1301 = DIRECTION ( 'NONE',  ( 0.0000000000000000000, -1.000000000000000000, 0.0000000000000000000 ) ) ;
#1302 = CARTESIAN_POINT ( 'NONE',  ( -1.500669728786630000, 0.6603999999999995400, -0.8803307298365601300 ) ) ;
#1303 = CARTESIAN_POINT ( 'NONE',  ( 1.397074770618876900, 0.6299199999999998100, 1.600200000000000100 ) ) ;
#1304 = VERTEX_POINT ( 'NONE', #4678 ) ;
#1305 = CARTESIAN_POINT ( 'NONE',  ( -0.3108362295486160600, 0.7238999999999995400, 1.600199999999999800 ) ) ;
#1306 = CARTESIAN_POINT ( 'NONE',  ( 1.363723045079423500E-016, 1.447799999999999500, 1.117525229381132000 ) ) ;
#1307 = CIRCLE ( 'NONE', #1557, 0.2539999999999998900 ) ;
#1308 = ORIENTED_EDGE ( 'NONE', *, *, #4933, .T. ) ;
#1309 = DIRECTION ( 'NONE',  ( -0.0000000000000000000, -1.000000000000000000, -0.0000000000000000000 ) ) ;
#1310 = CARTESIAN_POINT ( 'NONE',  ( -0.3886199999999956900, 0.6299199999999998100, 1.600200000000000100 ) ) ;
#1311 = DIRECTION ( 'NONE',  ( -0.0000000000000000000, 0.0000000000000000000, 1.000000000000000000 ) ) ;
#1312 = ORIENTED_EDGE ( 'NONE', *, *, #3226, .F. ) ;
#1313 = FACE_OUTER_BOUND ( 'NONE', #7389, .T. ) ;
#1314 = CIRCLE ( 'NONE', #6753, 0.3810000000000000100 ) ;
#1315 =( BOUNDED_CURVE ( )  B_SPLINE_CURVE ( 3, ( #7416, #3115, #674, #4981 ),
 .UNSPECIFIED., .F., .T. )
 B_SPLINE_CURVE_WITH_KNOTS ( ( 4, 4 ),
 ( 1.570796326794896600, 3.141592653589793100 ),
 .UNSPECIFIED. )
 CURVE ( )  GEOMETRIC_REPRESENTATION_ITEM ( )  RATIONAL_B_SPLINE_CURVE ( ( 1.000000000000000000, 0.8047378541243649400, 0.8047378541243649400, 1.000000000000000000 ) )
 REPRESENTATION_ITEM ( '' )  );
#1316 = CARTESIAN_POINT ( 'NONE',  ( -1.489779957083531100, 0.6908799999999996100, -0.8739425149700593700 ) ) ;
#1317 = CARTESIAN_POINT ( 'NONE',  ( 1.412927103711797000, 0.6460360738173059900, 1.597027355825621200 ) ) ;
#1318 = DIRECTION ( 'NONE',  ( 0.0000000000000000000, 1.000000000000000000, 0.0000000000000000000 ) ) ;
#1319 = CARTESIAN_POINT ( 'NONE',  ( 0.2605773355787172100, 0.7238999999999995400, -1.579672279173455400 ) ) ;
#1320 = ORIENTED_EDGE ( 'NONE', *, *, #7790, .T. ) ;
#1321 = CIRCLE ( 'NONE', #3859, 0.03047999999999999300 ) ;
#1322 = EDGE_CURVE ( 'NONE', #4340, #3124, #6618, .T. ) ;
#1323 = DIRECTION ( 'NONE',  ( 0.0000000000000000000, -1.000000000000000000, 0.0000000000000000000 ) ) ;
#1324 = CARTESIAN_POINT ( 'NONE',  ( 0.4416971632238547700, 0.6908799999999996100, 1.569720000000000000 ) ) ;
#1325 = AXIS2_PLACEMENT_3D ( 'NONE', #1737, #2262, #2286 ) ;
#1326 = VECTOR ( 'NONE', #5839, 1000.000000000000000 ) ;
#1327 = DIRECTION ( 'NONE',  ( 0.0000000000000000000, -1.000000000000000000, 0.0000000000000000000 ) ) ;
#1328 = VECTOR ( 'NONE', #2458, 1000.000000000000000 ) ;
#1329 = DIRECTION ( 'NONE',  ( 0.0000000000000000000, 0.0000000000000000000, -1.000000000000000000 ) ) ;
#1330 = ADVANCED_FACE ( 'NONE', ( #4777 ), #4596, .T. ) ;
#1331 = ORIENTED_EDGE ( 'NONE', *, *, #4057, .F. ) ;
#1332 = DIRECTION ( 'NONE',  ( -1.000000000000000000, 0.0000000000000000000, 1.224646799147353200E-016 ) ) ;
#1333 = ORIENTED_EDGE ( 'NONE', *, *, #1433, .F. ) ;
#1334 = FACE_OUTER_BOUND ( 'NONE', #4800, .T. ) ;
#1335 = CARTESIAN_POINT ( 'NONE',  ( -0.05183254022505764300, 0.7166784964973032000, 1.600200000000000100 ) ) ;
#1336 = CIRCLE ( 'NONE', #6997, 0.7239000000000002100 ) ;
#1337 = ORIENTED_EDGE ( 'NONE', *, *, #2083, .F. ) ;
#1338 = ORIENTED_EDGE ( 'NONE', *, *, #4522, .F. ) ;
#1339 = CARTESIAN_POINT ( 'NONE',  ( 1.341369653360580300, 0.6908799999999996100, -1.024931031789438000 ) ) ;
#1340 = CARTESIAN_POINT ( 'NONE',  ( -1.463489722546762000, 1.417319999999999700, 0.8890000000000002300 ) ) ;
#1341 = CARTESIAN_POINT ( 'NONE',  ( -0.2285999999999999700, 1.257300000000000100, -0.7620000000000000100 ) ) ;
#1342 = CARTESIAN_POINT ( 'NONE',  ( -1.687176847400886100, 0.6603999999999995400, -0.4928217405861962700 ) ) ;
#1343 = CARTESIAN_POINT ( 'NONE',  ( 1.516380000000000500, 0.6603999999999998800, 0.0000000000000000000 ) ) ;
#1344 =( BOUNDED_SURFACE ( )  B_SPLINE_SURFACE ( 3, 2, (
 ( #178, #1425, #542 ),
 ( #6076, #7345, #233 ),
 ( #818, #1441, #2017 ),
 ( #2650, #2678, #3268 ) ),
 .UNSPECIFIED., .F., .F., .F. )
 B_SPLINE_SURFACE_WITH_KNOTS ( ( 4, 4 ),
 ( 3, 3 ),
 ( -5.421010862427522200E-020, 2.370184178890703500E-005 ),
 ( 0.0000000000000000000, 1.000000000000000000 ),
 .UNSPECIFIED. )
 GEOMETRIC_REPRESENTATION_ITEM ( )  RATIONAL_B_SPLINE_SURFACE ( (
 ( 1.000000000000000000, 0.7071067811865487900, 1.000000000000000000),
 ( 1.000000000000000000, 0.7190828104057293000, 1.000000000000000000),
 ( 1.000000000000000000, 0.7304825694763417100, 1.000000000000000000),
 ( 1.000000000000000000, 0.7413783898884878100, 1.000000000000000000) ) )
 REPRESENTATION_ITEM ( '' )  SURFACE ( )  );
#1345 = CARTESIAN_POINT ( 'NONE',  ( 1.544242545894418900, 7.512325129353056000, 0.4194699029126212600 ) ) ;
#1346 = DIRECTION ( 'NONE',  ( -0.7071067811865441300, -0.0000000000000000000, 0.7071067811865507900 ) ) ;
#1347 = CARTESIAN_POINT ( 'NONE',  ( 1.353112248275214800E-016, 1.288650937169677500, -1.104899999916142400 ) ) ;
#1348 = VERTEX_POINT ( 'NONE', #7076 ) ;
#1349 = CARTESIAN_POINT ( 'NONE',  ( 0.4190999999999961400, 0.08889999999999997900, -1.569720000000000000 ) ) ;
#1350 = CARTESIAN_POINT ( 'NONE',  ( -2.217420000000000200, 0.6299199999999998100, -1.569719999999999800 ) ) ;
#1351 = EDGE_CURVE ( 'NONE', #322, #2736, #3146, .T. ) ;
#1352 = LINE ( 'NONE', #857, #2807 ) ;
#1353 = CARTESIAN_POINT ( 'NONE',  ( 1.460500000000000100, 1.130299999999999900, -0.4953000000000003000 ) ) ;
#1354 = CARTESIAN_POINT ( 'NONE',  ( 0.0000000000000000000, 1.417319999999999700, 0.8890000000000003500 ) ) ;
#1355 = ORIENTED_EDGE ( 'NONE', *, *, #598, .T. ) ;
#1356 = ORIENTED_EDGE ( 'NONE', *, *, #5701, .F. ) ;
#1357 = CARTESIAN_POINT ( 'NONE',  ( 1.516380000000000300, 1.130299999999999900, 0.3810395180039389800 ) ) ;
#1358 = DIRECTION ( 'NONE',  ( 1.000000000000000000, 0.0000000000000000000, 0.0000000000000000000 ) ) ;
#1359 = VECTOR ( 'NONE', #1964, 1000.000000000000000 ) ;
#1360 = CARTESIAN_POINT ( 'NONE',  ( 1.543590831146648200, 0.6603999999999996500, -0.5257800000000004700 ) ) ;
#1361 = VECTOR ( 'NONE', #4551, 1000.000000000000000 ) ;
#1362 = DIRECTION ( 'NONE',  ( 0.0000000000000000000, -1.000000000000000000, 0.0000000000000000000 ) ) ;
#1363 = CARTESIAN_POINT ( 'NONE',  ( 0.2285999999999999700, 1.447800000000000000, -0.6600335521774631800 ) ) ;
#1364 = CARTESIAN_POINT ( 'NONE',  ( 1.405318419487914000, 0.01249151612450905700, 1.600200000000000300 ) ) ;
#1365 = ADVANCED_FACE ( 'NONE', ( #7846 ), #7712, .F. ) ;
#1366 = VERTEX_POINT ( 'NONE', #7104 ) ;
#1367 = AXIS2_PLACEMENT_3D ( 'NONE', #4344, #3600, #3055 ) ;
#1368 = CIRCLE ( 'NONE', #4542, 0.03048000000000004900 ) ;
#1369 = EDGE_CURVE ( 'NONE', #2344, #7307, #1508, .T. ) ;
#1370 = DIRECTION ( 'NONE',  ( -1.000000000000000000, 0.0000000000000000000, -0.0000000000000000000 ) ) ;
#1371 = EDGE_CURVE ( 'NONE', #6007, #729, #7669, .T. ) ;
#1372 = EDGE_CURVE ( 'NONE', #2711, #101, #4403, .T. ) ;
#1373 = CARTESIAN_POINT ( 'NONE',  ( -1.460500000000000100, 0.6603999999999998800, 0.4952999999999996300 ) ) ;
#1374 = DIRECTION ( 'NONE',  ( 0.0000000000000000000, 0.0000000000000000000, 1.000000000000000000 ) ) ;
#1375 = PLANE ( 'NONE',  #351 ) ;
#1376 = DIRECTION ( 'NONE',  ( 1.000000000000000000, 0.0000000000000000000, 2.753879025871233800E-016 ) ) ;
#1377 = ORIENTED_EDGE ( 'NONE', *, *, #1909, .T. ) ;
#1378 = VECTOR ( 'NONE', #2884, 1000.000000000000000 ) ;
#1379 = VERTEX_POINT ( 'NONE', #1386 ) ;
#1380 = CARTESIAN_POINT ( 'NONE',  ( 0.4416971632238546600, 0.6603999999999997600, 1.569720000000000000 ) ) ;
#1381 = LINE ( 'NONE', #1918, #5910 ) ;
#1382 = AXIS2_PLACEMENT_3D ( 'NONE', #4517, #824, #5136 ) ;
#1383 = CARTESIAN_POINT ( 'NONE',  ( -1.866900000000000000, 0.5968999999999998800, -1.473200000000000100 ) ) ;
#1384 = DIRECTION ( 'NONE',  ( 0.0000000000000000000, -0.0000000000000000000, -1.000000000000000000 ) ) ;
#1385 = VECTOR ( 'NONE', #6800, 1000.000000000000000 ) ;
#1386 = CARTESIAN_POINT ( 'NONE',  ( 0.0000000000000000000, 1.257300000006011900, 0.9271000000126150600 ) ) ;
#1387 = CARTESIAN_POINT ( 'NONE',  ( 1.397074770618876400, 0.03048000000000003500, -1.600200000000000100 ) ) ;
#1388 = ORIENTED_EDGE ( 'NONE', *, *, #4334, .T. ) ;
#1389 = VERTEX_POINT ( 'NONE', #5689 ) ;
#1390 = CIRCLE ( 'NONE', #1510, 0.1117600000000006800 ) ;
#1391 = ORIENTED_EDGE ( 'NONE', *, *, #51, .T. ) ;
#1392 = CARTESIAN_POINT ( 'NONE',  ( 0.4238864882852848000, 0.6907906969845865100, 1.543044031380337700 ) ) ;
#1393 = CARTESIAN_POINT ( 'NONE',  ( -1.866900000000000000, 0.6095999999999999200, 1.473200000000000300 ) ) ;
#1394 = EDGE_CURVE ( 'NONE', #7657, #1713, #7481, .T. ) ;
#1395 = CARTESIAN_POINT ( 'NONE',  ( -2.217420000000000200, 0.6603999999999997600, -0.4953000000000004100 ) ) ;
#1396 = ORIENTED_EDGE ( 'NONE', *, *, #2570, .T. ) ;
#1397 = EDGE_CURVE ( 'NONE', #7759, #3409, #6233, .T. ) ;
#1398 = LINE ( 'NONE', #2008, #1201 ) ;
#1399 = CARTESIAN_POINT ( 'NONE',  ( 0.1905000000000001400, 1.295188274504349900, 0.01270000000000172200 ) ) ;
#1400 = CARTESIAN_POINT ( 'NONE',  ( 1.589605806332177900, 1.447799999999999800, 0.02325100484746039200 ) ) ;
#1401 = CARTESIAN_POINT ( 'NONE',  ( 0.4191000000053055600, 0.6722063804050284500, -1.550828354579844500 ) ) ;
#1402 = ORIENTED_EDGE ( 'NONE', *, *, #57, .T. ) ;
#1403 = CARTESIAN_POINT ( 'NONE',  ( 1.531987334760399200, 0.6604217792955346900, -0.4952923574342854600 ) ) ;
#1404 = DIRECTION ( 'NONE',  ( 0.0000000000000000000, 0.0000000000000000000, -1.000000000000000000 ) ) ;
#1405 = CARTESIAN_POINT ( 'NONE',  ( 0.4495799999999962000, -8.470329472543003400E-019, -1.541780000000000400 ) ) ;
#1406 = EDGE_LOOP ( 'NONE', ( #153, #6974, #7403, #1019, #918 ) ) ;
#1407 = AXIS2_PLACEMENT_3D ( 'NONE', #7319, #3636, #7902 ) ;
#1408 = ADVANCED_FACE ( 'NONE', ( #1313 ), #2949, .T. ) ;
#1409 = AXIS2_PLACEMENT_3D ( 'NONE', #5873, #5760, #6257 ) ;
#1410 = ORIENTED_EDGE ( 'NONE', *, *, #2314, .F. ) ;
#1411 = CARTESIAN_POINT ( 'NONE',  ( -0.4190999999999958600, 0.02002091752452765300, -1.587574770618868100 ) ) ;
#1412 = CARTESIAN_POINT ( 'NONE',  ( -2.247900000000000000, 0.01262522938113210500, 1.580179082475472200 ) ) ;
#1413 = CYLINDRICAL_SURFACE ( 'NONE', #6450, 0.03047999999999983000 ) ;
#1414 = ORIENTED_EDGE ( 'NONE', *, *, #31, .F. ) ;
#1415 = CARTESIAN_POINT ( 'NONE',  ( -2.247900000000000000, 0.6299199999999998100, -1.569720000000000000 ) ) ;
#1416 = DIRECTION ( 'NONE',  ( -0.7071067811865510100, 0.0000000000000000000, -0.7071067811865440200 ) ) ;
#1417 = DIRECTION ( 'NONE',  ( -0.0000000000000000000, -0.0000000000000000000, -1.000000000000000000 ) ) ;
#1418 = EDGE_LOOP ( 'NONE', ( #693, #2295, #7418, #5795 ) ) ;
#1419 = CARTESIAN_POINT ( 'NONE',  ( -1.039312762538662400, 1.437278975515723100, -0.4305577035952893900 ) ) ;
#1420 = VECTOR ( 'NONE', #250, 1000.000000000000000 ) ;
#1421 = AXIS2_PLACEMENT_3D ( 'NONE', #6167, #5780, #5648 ) ;
#1422 = FACE_BOUND ( 'NONE', #393, .T. ) ;
#1423 = EDGE_CURVE ( 'NONE', #5098, #881, #5414, .T. ) ;
#1424 = DIRECTION ( 'NONE',  ( 1.000000000000000000, 0.0000000000000000000, 0.0000000000000000000 ) ) ;
#1425 = CARTESIAN_POINT ( 'NONE',  ( 0.4334411414813527100, 0.6603999999999997600, 1.540379439252336700 ) ) ;
#1426 = VERTEX_POINT ( 'NONE', #5415 ) ;
#1427 = ORIENTED_EDGE ( 'NONE', *, *, #5075, .T. ) ;
#1428 = CARTESIAN_POINT ( 'NONE',  ( -1.311127820231419600, 1.447799999999999500, -0.8951745591340032300 ) ) ;
#1429 = VECTOR ( 'NONE', #6478, 1000.000000000000000 ) ;
#1430 = VECTOR ( 'NONE', #4680, 1000.000000000000000 ) ;
#1431 = CARTESIAN_POINT ( 'NONE',  ( 2.235120421975474800, -0.0001681812515677377700, -0.7493747706188677000 ) ) ;
#1432 = EDGE_LOOP ( 'NONE', ( #362, #5547, #3094, #2201 ) ) ;
#1433 = EDGE_CURVE ( 'NONE', #206, #2741, #5650, .T. ) ;
#1434 = CARTESIAN_POINT ( 'NONE',  ( -1.460500000000000100, 0.6603999999999998800, -0.4953000000000003000 ) ) ;
#1435 = VECTOR ( 'NONE', #3598, 1000.000000000000000 ) ;
#1436 = ORIENTED_EDGE ( 'NONE', *, *, #6918, .T. ) ;
#1437 =( BOUNDED_CURVE ( )  B_SPLINE_CURVE ( 3, ( #7312, #565, #4860, #1162 ),
 .UNSPECIFIED., .F., .F. )
 B_SPLINE_CURVE_WITH_KNOTS ( ( 4, 4 ),
 ( 3.141592653589793100, 4.712388980384689700 ),
 .UNSPECIFIED. )
 CURVE ( )  GEOMETRIC_REPRESENTATION_ITEM ( )  RATIONAL_B_SPLINE_CURVE ( ( 1.000000000000000000, 0.8047378541243649400, 0.8047378541243649400, 1.000000000000000000 ) )
 REPRESENTATION_ITEM ( '' )  );
#1438 = CARTESIAN_POINT ( 'NONE',  ( -0.4190999999999958600, 0.01262522938113196300, -1.580179082475472200 ) ) ;
#1439 = CARTESIAN_POINT ( 'NONE',  ( 0.3886199999999958000, 0.03047999999999999300, 1.511300000000000100 ) ) ;
#1440 = CARTESIAN_POINT ( 'NONE',  ( 1.540658520316248800, 0.6504956133424637500, 0.4952672284817566900 ) ) ;
#1441 = CARTESIAN_POINT ( 'NONE',  ( 0.4190912154643353600, 0.6622703254338875300, 1.544364463925407300 ) ) ;
#1442 = EDGE_CURVE ( 'NONE', #7842, #7657, #2564, .T. ) ;
#1443 = AXIS2_PLACEMENT_3D ( 'NONE', #2376, #6695, #3008 ) ;
#1444 = CARTESIAN_POINT ( 'NONE',  ( 2.235120421975475200, 0.6605681812515676900, -0.7493747706188673700 ) ) ;
#1445 = CARTESIAN_POINT ( 'NONE',  ( 1.516380000000000500, 1.130299999999999900, 0.0000000000000000000 ) ) ;
#1446 = CARTESIAN_POINT ( 'NONE',  ( -0.4190999999999957500, 0.08890000000000000700, 1.600200000000000100 ) ) ;
#1447 = DIRECTION ( 'NONE',  ( 0.0000000000000000000, 0.0000000000000000000, -1.000000000000000000 ) ) ;
#1448 = ADVANCED_FACE ( 'NONE', ( #2360 ), #5447, .T. ) ;
#1449 = ORIENTED_EDGE ( 'NONE', *, *, #5215, .T. ) ;
#1450 = PLANE ( 'NONE',  #4069 ) ;
#1451 = ORIENTED_EDGE ( 'NONE', *, *, #6752, .T. ) ;
#1452 = AXIS2_PLACEMENT_3D ( 'NONE', #5434, #1739, #6060 ) ;
#1453 = CARTESIAN_POINT ( 'NONE',  ( -2.209800000000000000, 1.417319999999999700, 1.104900000000000200 ) ) ;
#1454 = CARTESIAN_POINT ( 'NONE',  ( 0.2151035036818869400, 1.447799999999999800, 0.6801764810779914500 ) ) ;
#1455 = DIRECTION ( 'NONE',  ( 0.0000000000000000000, 1.000000000000000000, 0.0000000000000000000 ) ) ;
#1456 = EDGE_CURVE ( 'NONE', #4544, #6402, #745, .T. ) ;
#1457 = VERTEX_POINT ( 'NONE', #6031 ) ;
#1458 = ORIENTED_EDGE ( 'NONE', *, *, #3909, .F. ) ;
#1459 = EDGE_CURVE ( 'NONE', #5705, #1262, #7099, .T. ) ;
#1460 = CARTESIAN_POINT ( 'NONE',  ( 1.397074770618876900, 0.6603999999999998800, 1.600200000000000100 ) ) ;
#1461 = VERTEX_POINT ( 'NONE', #7274 ) ;
#1462 = LINE ( 'NONE', #1343, #6189 ) ;
#1463 = CARTESIAN_POINT ( 'NONE',  ( 0.4190999999999958100, 0.03047999999999999300, 1.541780000000000200 ) ) ;
#1464 = DIRECTION ( 'NONE',  ( 0.0000000000000000000, 0.0000000000000000000, -1.000000000000000000 ) ) ;
#1465 = ORIENTED_EDGE ( 'NONE', *, *, #4697, .F. ) ;
#1466 = VERTEX_POINT ( 'NONE', #6653 ) ;
#1467 = DIRECTION ( 'NONE',  ( -0.0000000000000000000, 0.0000000000000000000, 1.000000000000000000 ) ) ;
#1468 = ORIENTED_EDGE ( 'NONE', *, *, #1870, .F. ) ;
#1469 = CARTESIAN_POINT ( 'NONE',  ( 0.8509000000000003200, 0.08890000000000000700, 0.4952999999999996300 ) ) ;
#1470 = CARTESIAN_POINT ( 'NONE',  ( -1.296382129561919300, 1.447800000000000000, 0.8851069158878506200 ) ) ;
#1471 = AXIS2_PLACEMENT_3D ( 'NONE', #1286, #5598, #1901 ) ;
#1472 = EDGE_CURVE ( 'NONE', #3417, #2123, #2178, .T. ) ;
#1473 = CARTESIAN_POINT ( 'NONE',  ( -1.516380000000000500, 0.6603999999999998800, 0.4952999999999996300 ) ) ;
#1474 = VECTOR ( 'NONE', #476, 1000.000000000000000 ) ;
#1475 = AXIS2_PLACEMENT_3D ( 'NONE', #6787, #4789, #261 ) ;
#1476 = EDGE_CURVE ( 'NONE', #926, #3160, #7284, .T. ) ;
#1477 = FACE_OUTER_BOUND ( 'NONE', #3897, .T. ) ;
#1478 = CARTESIAN_POINT ( 'NONE',  ( 1.134558606683674100, 1.447800000000000000, -0.04318000000000001700 ) ) ;
#1479 = PLANE ( 'NONE',  #5836 ) ;
#1480 = CARTESIAN_POINT ( 'NONE',  ( 0.2106170807924049600, 1.447800000000000000, -0.6659900113954305700 ) ) ;
#1481 = ORIENTED_EDGE ( 'NONE', *, *, #7520, .F. ) ;
#1482 = DIRECTION ( 'NONE',  ( 0.0000000000000000000, 1.000000000000000000, 0.0000000000000000000 ) ) ;
#1483 = VERTEX_POINT ( 'NONE', #3534 ) ;
#1484 = LINE ( 'NONE', #1373, #2933 ) ;
#1485 = ORIENTED_EDGE ( 'NONE', *, *, #7323, .F. ) ;
#1486 = ADVANCED_FACE ( 'NONE', ( #5258 ), #7186, .T. ) ;
#1487 =( BOUNDED_SURFACE ( )  B_SPLINE_SURFACE ( 3, 3, (
 ( #1924, #3780, #6249, #2548 ),
 ( #6864, #3177, #7482, #3806 ),
 ( #144, #4418, #733, #5043 ),
 ( #1342, #5653, #1949, #6272 ) ),
 .UNSPECIFIED., .F., .F., .F. )
 B_SPLINE_SURFACE_WITH_KNOTS ( ( 4, 4 ),
 ( 4, 4 ),
 ( 0.0000000000000000000, 1.000000000000000000 ),
 ( 0.0000000000000000000, 1.000000000000000000 ),
 .UNSPECIFIED. )
 GEOMETRIC_REPRESENTATION_ITEM ( )  RATIONAL_B_SPLINE_SURFACE ( (
 ( 1.000000000000000000, 0.9949496422793977500, 0.9949496422793977500, 1.000000000000000000),
 ( 0.8047378541243632700, 0.8006736400897254100, 0.8006736400897254100, 0.8047378541243632700),
 ( 0.8047378541243632700, 0.8006736400897254100, 0.8006736400897254100, 0.8047378541243632700),
 ( 1.000000000000000000, 0.9949496422793977500, 0.9949496422793977500, 1.000000000000000000) ) )
 REPRESENTATION_ITEM ( '' )  SURFACE ( )  );
#1488 = VERTEX_POINT ( 'NONE', #5998 ) ;
#1489 = CARTESIAN_POINT ( 'NONE',  ( 1.397074770618876600, 0.6299199999999998100, -1.600200000000000100 ) ) ;
#1490 = EDGE_LOOP ( 'NONE', ( #4460, #1436, #5902, #91, #6702 ) ) ;
#1491 = ORIENTED_EDGE ( 'NONE', *, *, #6760, .T. ) ;
#1492 =( BOUNDED_CURVE ( )  B_SPLINE_CURVE ( 3, ( #2254, #6547, #2892, #7187 ),
 .UNSPECIFIED., .F., .T. )
 B_SPLINE_CURVE_WITH_KNOTS ( ( 4, 4 ),
 ( 0.0000000000000000000, 1.000000000000000000 ),
 .UNSPECIFIED. )
 CURVE ( )  GEOMETRIC_REPRESENTATION_ITEM ( )  RATIONAL_B_SPLINE_CURVE ( ( 1.000000000000000000, 0.8136182765147546000, 0.8136182765147546000, 1.000000000000000000 ) )
 REPRESENTATION_ITEM ( '' )  );
#1493 = CARTESIAN_POINT ( 'NONE',  ( 1.155700000000000400, 0.08890000000000000700, 0.4952999999999996300 ) ) ;
#1494 = CARTESIAN_POINT ( 'NONE',  ( 1.543590831146648200, 0.6603999999999997600, 0.5257799999999999100 ) ) ;
#1495 = ADVANCED_FACE ( 'NONE', ( #3633 ), #1661, .F. ) ;
#1496 = CARTESIAN_POINT ( 'NONE',  ( -1.504156006022984800, 0.6603999999999998800, -0.9092029681718251100 ) ) ;
#1497 = ORIENTED_EDGE ( 'NONE', *, *, #3075, .T. ) ;
#1498 = CARTESIAN_POINT ( 'NONE',  ( 1.572260000000000900, 0.05588000000000031800, 0.4952999999999996300 ) ) ;
#1499 = CARTESIAN_POINT ( 'NONE',  ( -1.307977764841155000, 1.447800000000000000, 0.8681232339313723600 ) ) ;
#1500 = LINE ( 'NONE', #2062, #6224 ) ;
#1501 = AXIS2_PLACEMENT_3D ( 'NONE', #5543, #6170, #1241 ) ;
#1502 = CARTESIAN_POINT ( 'NONE',  ( -0.4495799999999958700, 0.0000000000000000000, 0.0000000000000000000 ) ) ;
#1503 = ORIENTED_EDGE ( 'NONE', *, *, #3400, .T. ) ;
#1504 = CARTESIAN_POINT ( 'NONE',  ( -0.4495799999999958700, 0.03047999999999999000, -1.600200000000000100 ) ) ;
#1505 = EDGE_CURVE ( 'NONE', #1580, #6964, #2267, .T. ) ;
#1506 = CARTESIAN_POINT ( 'NONE',  ( 1.594562691236736800, 1.307765051269740300, 0.01270000000000005300 ) ) ;
#1507 = CARTESIAN_POINT ( 'NONE',  ( 1.002845648063622500, 1.447800000000000000, -0.4154504157498403200 ) ) ;
#1508 = LINE ( 'NONE', #7738, #6032 ) ;
#1509 = FACE_OUTER_BOUND ( 'NONE', #7739, .T. ) ;
#1510 = AXIS2_PLACEMENT_3D ( 'NONE', #809, #782, #764 ) ;
#1511 = DIRECTION ( 'NONE',  ( 1.000000000000000000, 0.0000000000000000000, 0.0000000000000000000 ) ) ;
#1512 = ORIENTED_EDGE ( 'NONE', *, *, #3113, .F. ) ;
#1513 = FACE_OUTER_BOUND ( 'NONE', #7706, .T. ) ;
#1514 = DIRECTION ( 'NONE',  ( 0.0000000000000000000, 0.0000000000000000000, -1.000000000000000000 ) ) ;
#1515 = CYLINDRICAL_SURFACE ( 'NONE', #7625, 0.2540000000000001100 ) ;
#1516 = UNCERTAINTY_MEASURE_WITH_UNIT (LENGTH_MEASURE( 1.000000000000000100E-005 ), #5233, 'distance_accuracy_value', 'NONE');
#1517 = ORIENTED_EDGE ( 'NONE', *, *, #5891, .F. ) ;
#1518 = DIRECTION ( 'NONE',  ( 0.0000000000000000000, -0.0000000000000000000, -1.000000000000000000 ) ) ;
#1519 = AXIS2_PLACEMENT_3D ( 'NONE', #1836, #1814, #1783 ) ;
#1520 = EDGE_CURVE ( 'NONE', #4396, #6194, #5541, .T. ) ;
#1521 = CARTESIAN_POINT ( 'NONE',  ( 2.217420000000001100, 0.6299199999999998100, 0.7493747706188682600 ) ) ;
#1522 = EDGE_CURVE ( 'NONE', #6696, #7533, #6995, .T. ) ;
#1523 = EDGE_CURVE ( 'NONE', #6993, #4577, #7441, .T. ) ;
#1524 = LINE ( 'NONE', #5605, #6250 ) ;
#1525 = ADVANCED_FACE ( 'NONE', ( #470 ), #1120, .T. ) ;
#1526 = CIRCLE ( 'NONE', #7407, 0.03047999999999999300 ) ;
#1527 = ORIENTED_EDGE ( 'NONE', *, *, #5750, .F. ) ;
#1528 = EDGE_LOOP ( 'NONE', ( #4448, #6592, #6351, #6990 ) ) ;
#1529 = CARTESIAN_POINT ( 'NONE',  ( 1.546857016654506600, 1.204327714180814000, -0.2471558277895520600 ) ) ;
#1530 = CARTESIAN_POINT ( 'NONE',  ( -0.4495799999999958700, 0.03047999999999999000, 1.541780000000000200 ) ) ;
#1531 = CARTESIAN_POINT ( 'NONE',  ( -1.866900000000000000, 0.6095999999999999200, -1.473200000000000100 ) ) ;
#1532 = ADVANCED_FACE ( 'NONE', ( #3728 ), #3988, .F. ) ;
#1533 = DIRECTION ( 'NONE',  ( -1.000000000000000000, -0.0000000000000000000, -0.0000000000000000000 ) ) ;
#1534 = CARTESIAN_POINT ( 'NONE',  ( 1.516380000000000300, 0.6603999999999998800, 0.4952999999999998500 ) ) ;
#1535 = DIRECTION ( 'NONE',  ( -0.0000000000000000000, -0.0000000000000000000, -1.000000000000000000 ) ) ;
#1536 = CARTESIAN_POINT ( 'NONE',  ( 1.514828402163096400, 7.512325129353056000, 0.4114799999999999600 ) ) ;
#1537 = ORIENTED_EDGE ( 'NONE', *, *, #4634, .F. ) ;
#1538 = CARTESIAN_POINT ( 'NONE',  ( 0.3886199999999961900, 0.03047999999999999300, -1.541780000000000400 ) ) ;
#1539 = DIRECTION ( 'NONE',  ( 1.000000000000000000, -0.0000000000000000000, -0.0000000000000000000 ) ) ;
#1540 = EDGE_CURVE ( 'NONE', #515, #6306, #1882, .T. ) ;
#1541 = CARTESIAN_POINT ( 'NONE',  ( -0.4416971632238546600, 0.6908800000000000500, 1.569720000000000000 ) ) ;
#1542 = CIRCLE ( 'NONE', #1382, 1.600200000000000100 ) ;
#1543 = ORIENTED_EDGE ( 'NONE', *, *, #3696, .F. ) ;
#1544 = DIRECTION ( 'NONE',  ( 0.0000000000000000000, 0.0000000000000000000, -1.000000000000000000 ) ) ;
#1545 = ORIENTED_EDGE ( 'NONE', *, *, #319, .T. ) ;
#1546 =( NAMED_UNIT ( * ) PLANE_ANGLE_UNIT ( ) SI_UNIT ( $, .RADIAN. ) );
#1547 = VERTEX_POINT ( 'NONE', #3983 ) ;
#1548 = CARTESIAN_POINT ( 'NONE',  ( -0.4334411414813525400, 0.6908799999999996100, 1.540379439252336400 ) ) ;
#1549 = VECTOR ( 'NONE', #6234, 1000.000000000000000 ) ;
#1550 = CARTESIAN_POINT ( 'NONE',  ( 1.520749380204755800, 1.037180499164783500, -0.3603305120718265900 ) ) ;
#1551 = VECTOR ( 'NONE', #5682, 1000.000000000000000 ) ;
#1552 = CARTESIAN_POINT ( 'NONE',  ( -0.4263595511958224200, 0.6614152613454583600, 1.542372101593420000 ) ) ;
#1553 = ORIENTED_EDGE ( 'NONE', *, *, #4117, .T. ) ;
#1554 = CARTESIAN_POINT ( 'NONE',  ( -1.866900000000000200, 0.6603999999999999900, -1.485825229381131800 ) ) ;
#1555 = ORIENTED_EDGE ( 'NONE', *, *, #1423, .F. ) ;
#1556 = CARTESIAN_POINT ( 'NONE',  ( 1.460500000000000100, 0.0000000000000000000, 0.4952999999999998500 ) ) ;
#1557 = AXIS2_PLACEMENT_3D ( 'NONE', #2587, #6487, #2553 ) ;
#1558 = EDGE_LOOP ( 'NONE', ( #2047, #7517, #1038, #838 ) ) ;
#1559 = CIRCLE ( 'NONE', #725, 0.05588000000000055400 ) ;
#1560 = DIRECTION ( 'NONE',  ( -1.000000000000000000, 0.0000000000000000000, 0.0000000000000000000 ) ) ;
#1561 =( BOUNDED_CURVE ( )  B_SPLINE_CURVE ( 3, ( #2397, #4861, #3658, #14 ),
 .UNSPECIFIED., .F., .F. )
 B_SPLINE_CURVE_WITH_KNOTS ( ( 4, 4 ),
 ( 3.141592653589793100, 4.712388980384692300 ),
 .UNSPECIFIED. )
 CURVE ( )  GEOMETRIC_REPRESENTATION_ITEM ( )  RATIONAL_B_SPLINE_CURVE ( ( 1.000000000000000000, 0.8047378541243643800, 0.8047378541243643800, 1.000000000000000000 ) )
 REPRESENTATION_ITEM ( '' )  );
#1562 = CARTESIAN_POINT ( 'NONE',  ( -0.7990070332319337800, 0.6908799999999996100, 1.437514331234581500 ) ) ;
#1563 = CARTESIAN_POINT ( 'NONE',  ( 1.543590831146648200, 0.6603999999999997600, -0.5257800000000004700 ) ) ;
#1564 = CARTESIAN_POINT ( 'NONE',  ( -0.2092467721411603600, 0.7238999992708081700, -1.587319261653325200 ) ) ;
#1565 = ORIENTED_EDGE ( 'NONE', *, *, #6202, .F. ) ;
#1566 = CARTESIAN_POINT ( 'NONE',  ( 2.217132737020558700, 0.03048000000012393900, 0.7798534169139482700 ) ) ;
#1567 = CARTESIAN_POINT ( 'NONE',  ( 0.3886199999999961900, 0.6934199999999998100, -1.600200000000000100 ) ) ;
#1568 = FACE_OUTER_BOUND ( 'NONE', #5184, .T. ) ;
#1569 = CARTESIAN_POINT ( 'NONE',  ( 1.460500000000000400, 1.130299999999999900, -0.3139238601954304500 ) ) ;
#1570 = ADVANCED_FACE ( 'NONE', ( #280 ), #1684, .F. ) ;
#1571 = ORIENTED_EDGE ( 'NONE', *, *, #5679, .F. ) ;
#1572 = CARTESIAN_POINT ( 'NONE',  ( -1.333649541237736500, 0.6603999999999998800, 1.485825229381132700 ) ) ;
#1573 = FACE_OUTER_BOUND ( 'NONE', #7613, .T. ) ;
#1574 = DIRECTION ( 'NONE',  ( -1.000000000000000000, 0.0000000000000000000, 0.0000000000000000000 ) ) ;
#1575 = LINE ( 'NONE', #5554, #1385 ) ;
#1576 = CARTESIAN_POINT ( 'NONE',  ( 0.4190999999999959200, 7.512325129353056000, 1.544342976802757900 ) ) ;
#1577 = ORIENTED_EDGE ( 'NONE', *, *, #5803, .T. ) ;
#1578 = EDGE_CURVE ( 'NONE', #5332, #1483, #4978, .T. ) ;
#1579 = CARTESIAN_POINT ( 'NONE',  ( 1.518696734852049300, 1.014144228631138600, -0.3674011579535339000 ) ) ;
#1580 = VERTEX_POINT ( 'NONE', #1210 ) ;
#1581 = CARTESIAN_POINT ( 'NONE',  ( -0.4259600306159598800, 0.6908799785229717800, 1.542484518786907800 ) ) ;
#1582 = ORIENTED_EDGE ( 'NONE', *, *, #962, .F. ) ;
#1583 = FACE_OUTER_BOUND ( 'NONE', #4765, .T. ) ;
#1584 = ORIENTED_EDGE ( 'NONE', *, *, #416, .T. ) ;
#1585 = DIRECTION ( 'NONE',  ( 0.0000000000000000000, 1.000000000000000000, 0.0000000000000000000 ) ) ;
#1586 = CARTESIAN_POINT ( 'NONE',  ( -0.4190999999999962000, 0.01262522938113200600, 1.523925229381132300 ) ) ;
#1587 = CARTESIAN_POINT ( 'NONE',  ( 2.247900000000000900, 1.084202172485504400E-016, 0.4952999999999996300 ) ) ;
#1588 = ORIENTED_EDGE ( 'NONE', *, *, #511, .T. ) ;
#1589 = AXIS2_PLACEMENT_3D ( 'NONE', #4267, #1807, #6123 ) ;
#1590 = VECTOR ( 'NONE', #3941, 1000.000000000000000 ) ;
#1591 = EDGE_CURVE ( 'NONE', #6939, #1461, #2549, .T. ) ;
#1592 = VERTEX_POINT ( 'NONE', #274 ) ;
#1593 = CARTESIAN_POINT ( 'NONE',  ( 1.544242545894418700, 0.9144000000000002100, -0.4194699029126213700 ) ) ;
#1594 = CARTESIAN_POINT ( 'NONE',  ( -0.3108362295486149000, 0.7238999999999995400, -1.569720000000000400 ) ) ;
#1595 = CARTESIAN_POINT ( 'NONE',  ( 1.531404489643474900, 0.6603999959238824300, 0.4641453609236937900 ) ) ;
#1596 = ORIENTED_EDGE ( 'NONE', *, *, #4004, .F. ) ;
#1597 = DIRECTION ( 'NONE',  ( -0.0000000000000000000, -0.0000000000000000000, 1.000000000000000000 ) ) ;
#1598 = ORIENTED_EDGE ( 'NONE', *, *, #4004, .T. ) ;
#1599 = DIRECTION ( 'NONE',  ( -1.000000000000000000, -0.0000000000000000000, -0.0000000000000000000 ) ) ;
#1600 = CYLINDRICAL_SURFACE ( 'NONE', #5624, 0.03048000000000004900 ) ;
#1601 = AXIS2_PLACEMENT_3D ( 'NONE', #7696, #4023, #357 ) ;
#1602 = CARTESIAN_POINT ( 'NONE',  ( 1.516380000000000300, 1.130299999999999900, 0.4952999999999998500 ) ) ;
#1603 = VERTEX_POINT ( 'NONE', #778 ) ;
#1604 = CARTESIAN_POINT ( 'NONE',  ( 0.4492050055521213400, 0.0000000000000000000, 1.508156841544109600 ) ) ;
#1605 = CARTESIAN_POINT ( 'NONE',  ( -0.4416971632238546600, 0.6603999999999997600, 1.569720000000000000 ) ) ;
#1606 = VECTOR ( 'NONE', #3338, 1000.000000000000000 ) ;
#1607 = EDGE_CURVE ( 'NONE', #5531, #1698, #6416, .T. ) ;
#1608 = LINE ( 'NONE', #3949, #3448 ) ;
#1609 = CARTESIAN_POINT ( 'NONE',  ( 0.0000000000000000000, 1.447800000000000000, -1.135380000000000100 ) ) ;
#1610 = CARTESIAN_POINT ( 'NONE',  ( -0.4190999999999958600, 0.03047999999999999700, 1.569719999999999800 ) ) ;
#1611 = ADVANCED_FACE ( 'NONE', ( #6609 ), #1375, .T. ) ;
#1612 = ORIENTED_EDGE ( 'NONE', *, *, #3506, .F. ) ;
#1613 = ORIENTED_EDGE ( 'NONE', *, *, #3179, .T. ) ;
#1614 = VECTOR ( 'NONE', #6367, 1000.000000000000000 ) ;
#1615 = VECTOR ( 'NONE', #5806, 1000.000000000000000 ) ;
#1616 = VERTEX_POINT ( 'NONE', #3422 ) ;
#1617 = CARTESIAN_POINT ( 'NONE',  ( -1.107420532055499500, 0.6908799999999996100, 1.215927406073576700 ) ) ;
#1618 = CARTESIAN_POINT ( 'NONE',  ( 0.3108362295486160100, 0.6934199999999992600, 1.569720000000000000 ) ) ;
#1619 = ORIENTED_EDGE ( 'NONE', *, *, #1108, .T. ) ;
#1620 = CARTESIAN_POINT ( 'NONE',  ( 1.564350479929659500, 1.104140620840955000, -0.3458019128438147800 ) ) ;
#1621 = CARTESIAN_POINT ( 'NONE',  ( -1.321454821362893800, 0.6737464961379853200, 0.9095847880855719700 ) ) ;
#1622 = CARTESIAN_POINT ( 'NONE',  ( -0.2412999999999999000, 1.422399999999999900, -0.2419674978173723100 ) ) ;
#1623 = LINE ( 'NONE', #3430, #6162 ) ;
#1624 = DIRECTION ( 'NONE',  ( 0.0000000000000000000, 0.0000000000000000000, -1.000000000000000000 ) ) ;
#1625 = EDGE_CURVE ( 'NONE', #6718, #3733, #1500, .T. ) ;
#1626 = DIRECTION ( 'NONE',  ( -1.000000000000000000, -0.0000000000000000000, -0.0000000000000000000 ) ) ;
#1627 = EDGE_CURVE ( 'NONE', #7017, #1948, #7839, .T. ) ;
#1628 = CARTESIAN_POINT ( 'NONE',  ( 1.397074770618876900, 0.6299199999999998100, 1.569720000000000000 ) ) ;
#1629 = CARTESIAN_POINT ( 'NONE',  ( 1.516380000000000500, 0.6603999999999998800, 0.4952999999999996300 ) ) ;
#1630 = CARTESIAN_POINT ( 'NONE',  ( 0.1905000000000001400, 1.295188274504349900, -0.01270000000000000500 ) ) ;
#1631 = DIRECTION ( 'NONE',  ( -1.000000000000000000, 0.0000000000000000000, 0.0000000000000000000 ) ) ;
#1632 = DIRECTION ( 'NONE',  ( 1.000000000000000000, -0.0000000000000000000, 0.0000000000000000000 ) ) ;
#1633 = CARTESIAN_POINT ( 'NONE',  ( -1.866900000000000000, 0.6095999999999999200, 1.219200000000000300 ) ) ;
#1634 = DIRECTION ( 'NONE',  ( -0.0000000000000000000, -1.000000000000000000, -0.0000000000000000000 ) ) ;
#1635 = DIRECTION ( 'NONE',  ( -0.0000000000000000000, -1.000000000000000000, -0.0000000000000000000 ) ) ;
#1636 = ORIENTED_EDGE ( 'NONE', *, *, #6066, .F. ) ;
#1637 = PRODUCT_DEFINITION_FORMATION_WITH_SPECIFIED_SOURCE ( 'ANY', '', #5944, .NOT_KNOWN. ) ;
#1638 = ORIENTED_EDGE ( 'NONE', *, *, #6615, .F. ) ;
#1639 = DIRECTION ( 'NONE',  ( 0.0000000000000000000, 1.000000000000000000, 0.0000000000000000000 ) ) ;
#1640 = DIRECTION ( 'NONE',  ( -1.000000000000000000, -2.530583177519936900E-029, -3.557093741750388200E-015 ) ) ;
#1641 = CARTESIAN_POINT ( 'NONE',  ( -1.327240442169626200, 0.6908800000000000500, 0.8938595267475969400 ) ) ;
#1642 = ORIENTED_EDGE ( 'NONE', *, *, #1997, .F. ) ;
#1643 = ORIENTED_EDGE ( 'NONE', *, *, #6584, .T. ) ;
#1644 = ORIENTED_EDGE ( 'NONE', *, *, #731, .F. ) ;
#1645 = EDGE_CURVE ( 'NONE', #2236, #1483, #3332, .T. ) ;
#1646 = AXIS2_PLACEMENT_3D ( 'NONE', #6959, #3271, #7569 ) ;
#1647 = FILL_AREA_STYLE_COLOUR ( '', #6403 ) ;
#1648 = CARTESIAN_POINT ( 'NONE',  ( -0.6306420489685533600, 1.447800000000000200, -9.878278219768098100E-017 ) ) ;
#1649 = ADVANCED_FACE ( 'NONE', ( #4766 ), #6024, .T. ) ;
#1650 = ORIENTED_EDGE ( 'NONE', *, *, #7691, .F. ) ;
#1651 = VECTOR ( 'NONE', #5659, 1000.000000000000000 ) ;
#1652 = VECTOR ( 'NONE', #6605, 1000.000000000000000 ) ;
#1653 = EDGE_CURVE ( 'NONE', #2626, #1770, #929, .T. ) ;
#1654 = VERTEX_POINT ( 'NONE', #3283 ) ;
#1655 = DIRECTION ( 'NONE',  ( -0.7071067811865510100, 0.0000000000000000000, 0.7071067811865440200 ) ) ;
#1656 = EDGE_LOOP ( 'NONE', ( #5345, #2232, #2930, #6722 ) ) ;
#1657 = DIRECTION ( 'NONE',  ( -0.0000000000000000000, -0.0000000000000000000, 1.000000000000000000 ) ) ;
#1658 = CARTESIAN_POINT ( 'NONE',  ( -1.327240442169626200, 0.6908799999999996100, -0.8938595267475960600 ) ) ;
#1659 = CARTESIAN_POINT ( 'NONE',  ( -0.4190999999999958600, 0.01262522938113210500, 1.580179082475472200 ) ) ;
#1660 = CARTESIAN_POINT ( 'NONE',  ( -0.2285999999999999700, 1.447800000000000000, 0.2492998462360804800 ) ) ;
#1661 = PLANE ( 'NONE',  #3788 ) ;
#1662 = VECTOR ( 'NONE', #4272, 1000.000000000000000 ) ;
#1663 = FACE_OUTER_BOUND ( 'NONE', #4384, .T. ) ;
#1664 = DIRECTION ( 'NONE',  ( -3.557093741750336900E-015, 0.0000000000000000000, 1.000000000000000000 ) ) ;
#1665 = CARTESIAN_POINT ( 'NONE',  ( 1.460500000000000400, 0.1117600000000006900, -0.4953000000000003000 ) ) ;
#1666 = CARTESIAN_POINT ( 'NONE',  ( 1.544242545894418700, 0.9144000000000001000, 0.4194699029126213200 ) ) ;
#1667 = VERTEX_POINT ( 'NONE', #3914 ) ;
#1668 = AXIS2_PLACEMENT_3D ( 'NONE', #118, #46, #21 ) ;
#1669 = ORIENTED_EDGE ( 'NONE', *, *, #3546, .F. ) ;
#1670 = LINE ( 'NONE', #2805, #4956 ) ;
#1671 = EDGE_LOOP ( 'NONE', ( #3510, #1577, #5536, #5436 ) ) ;
#1672 = EDGE_CURVE ( 'NONE', #7794, #179, #1307, .T. ) ;
#1673 = CARTESIAN_POINT ( 'NONE',  ( 0.4190999999999958100, 0.03047999999999999300, 1.569720000000000000 ) ) ;
#1674 =( BOUNDED_SURFACE ( )  B_SPLINE_SURFACE ( 3, 3, (
 ( #3098, #3731, #4960, #1263 ),
 ( #5574, #1884, #6198, #2495 ),
 ( #6812, #3126, #7430, #3757 ),
 ( #99, #4364, #678, #4991 ) ),
 .UNSPECIFIED., .F., .F., .F. )
 B_SPLINE_SURFACE_WITH_KNOTS ( ( 4, 4 ),
 ( 4, 4 ),
 ( 0.0000000000000000000, 1.000000000000000000 ),
 ( 0.0000000000000000000, 1.000000000000000000 ),
 .UNSPECIFIED. )
 GEOMETRIC_REPRESENTATION_ITEM ( )  RATIONAL_B_SPLINE_SURFACE ( (
 ( 1.000000000000000000, 0.8047378541243649400, 0.8047378541243649400, 1.000000000000000000),
 ( 0.8047378541243649400, 0.6476030138606876400, 0.6476030138606876400, 0.8047378541243649400),
 ( 0.8047378541243649400, 0.6476030138606876400, 0.6476030138606876400, 0.8047378541243649400),
 ( 1.000000000000000000, 0.8047378541243649400, 0.8047378541243649400, 1.000000000000000000) ) )
 REPRESENTATION_ITEM ( '' )  SURFACE ( )  );
#1675 = ORIENTED_EDGE ( 'NONE', *, *, #1909, .F. ) ;
#1676 = CARTESIAN_POINT ( 'NONE',  ( 0.0000000000000000000, 0.05842000000000000700, 1.541780000000000200 ) ) ;
#1677 = ORIENTED_EDGE ( 'NONE', *, *, #5058, .T. ) ;
#1678 = CYLINDRICAL_SURFACE ( 'NONE', #3322, 0.03047999999999983000 ) ;
#1679 = DIRECTION ( 'NONE',  ( 0.0000000000000000000, 0.0000000000000000000, -1.000000000000000000 ) ) ;
#1680 = ORIENTED_EDGE ( 'NONE', *, *, #1982, .T. ) ;
#1681 = CARTESIAN_POINT ( 'NONE',  ( -1.618053878014182000, 0.6908799999999997200, 0.6207555997902422000 ) ) ;
#1682 = CARTESIAN_POINT ( 'NONE',  ( 2.217420000000001100, 0.6299199999999998100, -0.7493747706188677000 ) ) ;
#1683 = VERTEX_POINT ( 'NONE', #2469 ) ;
#1684 = CYLINDRICAL_SURFACE ( 'NONE', #7087, 0.03048000000000004900 ) ;
#1685 = ADVANCED_FACE ( 'NONE', ( #2950 ), #5831, .F. ) ;
#1686 = ORIENTED_EDGE ( 'NONE', *, *, #2422, .F. ) ;
#1687 = DIRECTION ( 'NONE',  ( 1.000000000000000000, -0.0000000000000000000, -0.0000000000000000000 ) ) ;
#1688 = EDGE_CURVE ( 'NONE', #4476, #2303, #7475, .T. ) ;
#1689 = DIRECTION ( 'NONE',  ( 0.0000000000000000000, 0.0000000000000000000, 1.000000000000000000 ) ) ;
#1690 = AXIS2_PLACEMENT_3D ( 'NONE', #4305, #618, #4917 ) ;
#1691 = CARTESIAN_POINT ( 'NONE',  ( -0.4188039324870537200, 0.6602387398022061500, -1.572851200543127700 ) ) ;
#1692 = CIRCLE ( 'NONE', #4345, 0.03047999999999983000 ) ;
#1693 = DIRECTION ( 'NONE',  ( 0.0000000000000000000, 1.000000000000000000, 0.0000000000000000000 ) ) ;
#1694 = VECTOR ( 'NONE', #6104, 1000.000000000000000 ) ;
#1695 = CARTESIAN_POINT ( 'NONE',  ( 0.4190999999999962000, 0.03047999999999999000, -1.600200000000000500 ) ) ;
#1696 = CARTESIAN_POINT ( 'NONE',  ( -1.516070191620299000, 0.6603999999999995400, 0.8893650299401196800 ) ) ;
#1697 = CARTESIAN_POINT ( 'NONE',  ( 2.217420000000001100, 0.6299199999999998100, 0.4952999999999997400 ) ) ;
#1698 = VERTEX_POINT ( 'NONE', #1851 ) ;
#1699 = ORIENTED_EDGE ( 'NONE', *, *, #2717, .T. ) ;
#1700 = CARTESIAN_POINT ( 'NONE',  ( 0.4286669376602914000, 0.6908353484922931100, 1.541722833159794500 ) ) ;
#1701 = FACE_OUTER_BOUND ( 'NONE', #4038, .T. ) ;
#1702 = CARTESIAN_POINT ( 'NONE',  ( -1.336444749160918800, 1.417319999999999500, -0.8889999999999993500 ) ) ;
#1703 = ORIENTED_EDGE ( 'NONE', *, *, #608, .T. ) ;
#1704 = AXIS2_PLACEMENT_3D ( 'NONE', #5435, #1687, #4781 ) ;
#1705 = CARTESIAN_POINT ( 'NONE',  ( -1.687176847400885700, 0.6603999999999995400, 0.4928217405861967100 ) ) ;
#1706 = CARTESIAN_POINT ( 'NONE',  ( -0.4334411414813527100, 0.6603999999999997600, 1.540379439252336700 ) ) ;
#1707 =( BOUNDED_SURFACE ( )  B_SPLINE_SURFACE ( 3, 3, (
 ( #869, #1562, #1617, #2069 ),
 ( #2125, #2153, #2181, #2209 ),
 ( #2697, #2754, #2784, #2810 ),
 ( #2837, #3321, #3343, #3368 ) ),
 .UNSPECIFIED., .F., .F., .T. )
 B_SPLINE_SURFACE_WITH_KNOTS ( ( 4, 4 ),
 ( 4, 4 ),
 ( 0.0000000000000000000, 1.000000000000000000 ),
 ( 0.0000000000000000000, 1.000000000000000000 ),
 .UNSPECIFIED. )
 GEOMETRIC_REPRESENTATION_ITEM ( )  RATIONAL_B_SPLINE_SURFACE ( (
 ( 1.000000000000000000, 0.9598730924591313300, 0.9598730924591313300, 1.000000000000000000),
 ( 0.8047378541243641600, 0.7724462126572787500, 0.7724462126572787500, 0.8047378541243641600),
 ( 0.8047378541243641600, 0.7724462126572787500, 0.7724462126572787500, 0.8047378541243641600),
 ( 1.000000000000000000, 0.9598730924591313300, 0.9598730924591313300, 1.000000000000000000) ) )
 REPRESENTATION_ITEM ( '' )  SURFACE ( )  );
#1708 = CARTESIAN_POINT ( 'NONE',  ( -1.645922290764477900, 0.6603999999999995400, 0.6332964460349646000 ) ) ;
#1709 = VECTOR ( 'NONE', #4818, 1000.000000000000000 ) ;
#1710 = VECTOR ( 'NONE', #5405, 1000.000000000000000 ) ;
#1711 = EDGE_LOOP ( 'NONE', ( #5634, #2866, #5983, #1139 ) ) ;
#1712 = CARTESIAN_POINT ( 'NONE',  ( 0.4191000000037267700, 0.6777953829321502500, -1.547124208472647300 ) ) ;
#1713 = VERTEX_POINT ( 'NONE', #2998 ) ;
#1714 = FILL_AREA_STYLE_COLOUR ( '', #1050 ) ;
#1715 = CARTESIAN_POINT ( 'NONE',  ( -0.4334411414813525400, 0.6908799999999996100, 1.540379439252336400 ) ) ;
#1716 = DIRECTION ( 'NONE',  ( 1.000000000000000000, -0.0000000000000000000, 0.0000000000000000000 ) ) ;
#1717 = CARTESIAN_POINT ( 'NONE',  ( 1.516380000000000300, 0.9356373294419390000, 0.3810395450031175400 ) ) ;
#1718 = CARTESIAN_POINT ( 'NONE',  ( -1.504862104683015100, 0.6603999999999994300, 0.9084710729468354900 ) ) ;
#1719 = ADVANCED_FACE ( 'NONE', ( #4586 ), #4197, .T. ) ;
#1720 = CARTESIAN_POINT ( 'NONE',  ( -0.4495799999999958700, 0.1193799999999999900, 1.600200000000000100 ) ) ;
#1721 = EDGE_CURVE ( 'NONE', #3693, #5363, #1111, .T. ) ;
#1722 = ORIENTED_EDGE ( 'NONE', *, *, #2335, .T. ) ;
#1723 = AXIS2_PLACEMENT_3D ( 'NONE', #462, #1102, #1129 ) ;
#1724 = ORIENTED_EDGE ( 'NONE', *, *, #1261, .F. ) ;
#1725 = CARTESIAN_POINT ( 'NONE',  ( 0.0000000000000000000, 0.0000000000000000000, 0.4952999999999998500 ) ) ;
#1726 = DIRECTION ( 'NONE',  ( 1.000000000000000000, 0.0000000000000000000, 0.0000000000000000000 ) ) ;
#1727 = CIRCLE ( 'NONE', #7722, 0.05588000000000055400 ) ;
#1728 = DIRECTION ( 'NONE',  ( 0.0000000000000000000, 0.0000000000000000000, -1.000000000000000000 ) ) ;
#1729 = EDGE_LOOP ( 'NONE', ( #5370, #4439, #3318, #775 ) ) ;
#1730 = AXIS2_PLACEMENT_3D ( 'NONE', #4535, #7596, #3296 ) ;
#1731 = DIRECTION ( 'NONE',  ( -1.000000000000000000, -0.0000000000000000000, 0.0000000000000000000 ) ) ;
#1732 = EDGE_CURVE ( 'NONE', #4709, #7561, #2753, .T. ) ;
#1733 =( BOUNDED_SURFACE ( )  B_SPLINE_SURFACE ( 3, 3, (
 ( #6438, #5247, #5196, #5171 ),
 ( #5144, #5123, #5104, #5074 ),
 ( #5051, #5025, #4996, #4629 ),
 ( #4608, #4584, #4556, #4528 ) ),
 .UNSPECIFIED., .F., .F., .T. )
 B_SPLINE_SURFACE_WITH_KNOTS ( ( 4, 4 ),
 ( 4, 4 ),
 ( 0.0000000000000000000, 1.000000000000000000 ),
 ( 0.0000000000000000000, 1.000000000000000000 ),
 .UNSPECIFIED. )
 GEOMETRIC_REPRESENTATION_ITEM ( )  RATIONAL_B_SPLINE_SURFACE ( (
 ( 1.000000000000000000, 0.8047378541243647200, 0.8047378541243647200, 1.000000000000000000),
 ( 0.8047378541243644900, 0.6476030138606870800, 0.6476030138606870800, 0.8047378541243644900),
 ( 0.8047378541243644900, 0.6476030138606870800, 0.6476030138606870800, 0.8047378541243644900),
 ( 1.000000000000000000, 0.8047378541243647200, 0.8047378541243647200, 1.000000000000000000) ) )
 REPRESENTATION_ITEM ( '' )  SURFACE ( )  );
#1734 = CIRCLE ( 'NONE', #4241, 0.03048000000000004900 ) ;
#1735 = FACE_OUTER_BOUND ( 'NONE', #200, .T. ) ;
#1736 = CARTESIAN_POINT ( 'NONE',  ( 1.601550234335654700, 1.417319999999999200, -0.9361403254109742500 ) ) ;
#1737 = CARTESIAN_POINT ( 'NONE',  ( 0.0000000000000000000, 0.6604000000000002100, 0.0000000000000000000 ) ) ;
#1738 = DIRECTION ( 'NONE',  ( 0.0000000000000000000, 0.0000000000000000000, -1.000000000000000000 ) ) ;
#1739 = DIRECTION ( 'NONE',  ( 0.9626168224299057600, 2.149384526423093000E-016, -0.2708668550689641900 ) ) ;
#1740 = DIRECTION ( 'NONE',  ( -0.0000000000000000000, -1.000000000000000000, -0.0000000000000000000 ) ) ;
#1741 = EDGE_LOOP ( 'NONE', ( #721, #95 ) ) ;
#1742 = FACE_OUTER_BOUND ( 'NONE', #5525, .T. ) ;
#1743 = DIRECTION ( 'NONE',  ( 0.0000000000000000000, 0.0000000000000000000, -1.000000000000000000 ) ) ;
#1745 = CARTESIAN_POINT ( 'NONE',  ( -1.485640616257134100, 0.6603999999999994300, 0.9194800000000001900 ) ) ;
#1744 = AXIS2_PLACEMENT_3D ( 'NONE', #60, #4327, #641 ) ;
#1746 = CARTESIAN_POINT ( 'NONE',  ( -0.4317252293811277800, 0.1015252293811319100, 1.600200000000000100 ) ) ;
#1747 = EDGE_LOOP ( 'NONE', ( #251, #1051, #246, #3815 ) ) ;
#1748 = FACE_OUTER_BOUND ( 'NONE', #6274, .T. ) ;
#1749 = CARTESIAN_POINT ( 'NONE',  ( -0.2285999999970376700, 1.425232014832350500, -0.6867321467001494800 ) ) ;
#1750 = EDGE_CURVE ( 'NONE', #1030, #138, #2551, .T. ) ;
#1751 = DIRECTION ( 'NONE',  ( -1.000000000000000000, 0.0000000000000000000, 0.0000000000000000000 ) ) ;
#1752 = CARTESIAN_POINT ( 'NONE',  ( 0.0000000000000000000, 1.257300000006011900, 0.0000000000000000000 ) ) ;
#1753 = EDGE_LOOP ( 'NONE', ( #4407, #7145, #717 ) ) ;
#1754 = CARTESIAN_POINT ( 'NONE',  ( 1.129755667562040600, 1.447800000000000200, -0.03819246662871130000 ) ) ;
#1755 = LINE ( 'NONE', #7502, #6490 ) ;
#1756 = ORIENTED_EDGE ( 'NONE', *, *, #1459, .F. ) ;
#1757 = DIRECTION ( 'NONE',  ( 0.0000000000000000000, 0.0000000000000000000, 1.000000000000000000 ) ) ;
#1758 = FACE_OUTER_BOUND ( 'NONE', #2554, .T. ) ;
#1759 = DIRECTION ( 'NONE',  ( 1.000000000000000000, 0.0000000000000000000, -0.0000000000000000000 ) ) ;
#1760 = ADVANCED_FACE ( 'NONE', ( #921 ), #4631, .T. ) ;
#1761 = CARTESIAN_POINT ( 'NONE',  ( -2.247900000000000000, 0.6299199999999998100, 1.600200000000000100 ) ) ;
#1762 = ORIENTED_EDGE ( 'NONE', *, *, #5712, .T. ) ;
#1763 = ORIENTED_EDGE ( 'NONE', *, *, #3047, .F. ) ;
#1764 = CARTESIAN_POINT ( 'NONE',  ( 1.569718371232334200, 1.447799999999999500, 0.002261286295083829700 ) ) ;
#1765 = LINE ( 'NONE', #5578, #4857 ) ;
#1766 = ORIENTED_EDGE ( 'NONE', *, *, #4466, .F. ) ;
#1767 = CARTESIAN_POINT ( 'NONE',  ( 0.3886199999999958000, 0.03047999999999999300, 1.541780000000000200 ) ) ;
#1768 = EDGE_CURVE ( 'NONE', #734, #637, #5641, .T. ) ;
#1769 = CARTESIAN_POINT ( 'NONE',  ( -0.2285999999999999700, 1.447800000000000000, -0.7620000000000000100 ) ) ;
#1770 = VERTEX_POINT ( 'NONE', #3187 ) ;
#1771 = EDGE_CURVE ( 'NONE', #3682, #188, #6065, .T. ) ;
#1772 = EDGE_CURVE ( 'NONE', #2644, #145, #7496, .T. ) ;
#1773 = FACE_OUTER_BOUND ( 'NONE', #5238, .T. ) ;
#1774 = DIRECTION ( 'NONE',  ( 0.0000000000000000000, 0.0000000000000000000, -1.000000000000000000 ) ) ;
#1775 = CARTESIAN_POINT ( 'NONE',  ( 0.9691505487763852900, 0.6603999999999997600, 1.421302024736021500 ) ) ;
#1776 = CARTESIAN_POINT ( 'NONE',  ( -1.463489722546762000, 0.6603999999999995400, 0.9194800000000004100 ) ) ;
#1777 = ORIENTED_EDGE ( 'NONE', *, *, #4752, .T. ) ;
#1778 = CARTESIAN_POINT ( 'NONE',  ( -0.3886199999999956900, 0.6934199999999997000, -1.600200000000000100 ) ) ;
#1779 = CARTESIAN_POINT ( 'NONE',  ( -1.358900000000000200, 0.6477747706188680100, -1.473199999999999800 ) ) ;
#1780 = ORIENTED_EDGE ( 'NONE', *, *, #3263, .T. ) ;
#1781 = DIRECTION ( 'NONE',  ( 0.0000000000000000000, 0.0000000000000000000, 1.000000000000000000 ) ) ;
#1782 =( BOUNDED_CURVE ( )  B_SPLINE_CURVE ( 3, ( #7656, #2760, #4615, #927 ),
 .UNSPECIFIED., .F., .T. )
 B_SPLINE_CURVE_WITH_KNOTS ( ( 4, 4 ),
 ( 1.570796326794896600, 3.039280493615970500 ),
 .UNSPECIFIED. )
 CURVE ( )  GEOMETRIC_REPRESENTATION_ITEM ( )  RATIONAL_B_SPLINE_CURVE ( ( 1.000000000000000000, 0.8282258596105966900, 0.8282258596105966900, 1.000000000000000000 ) )
 REPRESENTATION_ITEM ( '' )  );
#1783 = DIRECTION ( 'NONE',  ( -0.8258683902619048400, 0.0000000000000000000, 0.5638629283489118300 ) ) ;
#1784 = ORIENTED_EDGE ( 'NONE', *, *, #7705, .T. ) ;
#1785 = CARTESIAN_POINT ( 'NONE',  ( 0.0000000000000000000, 0.0000000000000000000, -0.4953000000000003000 ) ) ;
#1786 = FACE_OUTER_BOUND ( 'NONE', #1206, .T. ) ;
#1787 = AXIS2_PLACEMENT_3D ( 'NONE', #6215, #1424, #7551 ) ;
#1788 = ORIENTED_EDGE ( 'NONE', *, *, #2660, .T. ) ;
#1789 = DIRECTION ( 'NONE',  ( -1.000000000000000000, -0.0000000000000000000, -0.0000000000000000000 ) ) ;
#1790 = VECTOR ( 'NONE', #7610, 1000.000000000000000 ) ;
#1791 = CARTESIAN_POINT ( 'NONE',  ( 1.572260000000000900, 1.130299999999999900, -0.4953000000000003000 ) ) ;
#1792 = LINE ( 'NONE', #6365, #5088 ) ;
#1793 = EDGE_CURVE ( 'NONE', #6574, #4158, #3805, .T. ) ;
#1794 = B_SPLINE_CURVE_WITH_KNOTS ( 'NONE', 3,
 ( #3802, #3750, #3723, #3335 ),
 .UNSPECIFIED., .F., .F.,
 ( 4, 4 ),
 ( 0.0000000000000000000, 1.000000000000000000 ),
 .UNSPECIFIED. ) ;
#1795 = VERTEX_POINT ( 'NONE', #6841 ) ;
#1796 = CARTESIAN_POINT ( 'NONE',  ( 0.2285999999952141300, 1.432244377476884700, 0.6849463351385571800 ) ) ;
#1797 = DIRECTION ( 'NONE',  ( 0.0000000000000000000, 1.000000000000000000, 0.0000000000000000000 ) ) ;
#1798 = CARTESIAN_POINT ( 'NONE',  ( -1.346727066632285500, 0.6603999999999997600, -0.9194799999999995200 ) ) ;
#1799 = CARTESIAN_POINT ( 'NONE',  ( -0.2920999999999991400, 1.417319999999999900, 0.04317999999999998900 ) ) ;
#1800 = ORIENTED_EDGE ( 'NONE', *, *, #3622, .T. ) ;
#1801 = EDGE_LOOP ( 'NONE', ( #6885, #2907, #994, #3071, #4073 ) ) ;
#1802 = CARTESIAN_POINT ( 'NONE',  ( -0.4190999999999957500, 0.6607081252762644400, 1.569720000285298700 ) ) ;
#1803 = LINE ( 'NONE', #5206, #211 ) ;
#1804 = EDGE_CURVE ( 'NONE', #5705, #322, #736, .T. ) ;
#1805 = LINE ( 'NONE', #6399, #214 ) ;
#1806 = VERTEX_POINT ( 'NONE', #6519 ) ;
#1807 = DIRECTION ( 'NONE',  ( -1.000000000000000000, 0.0000000000000000000, 0.0000000000000000000 ) ) ;
#1808 = ADVANCED_FACE ( 'NONE', ( #3824 ), #5250, .T. ) ;
#1809 = ORIENTED_EDGE ( 'NONE', *, *, #6368, .F. ) ;
#1810 = CARTESIAN_POINT ( 'NONE',  ( -0.4190999999999957500, 0.08889999999999995100, 1.569720000000000000 ) ) ;
#1811 = CARTESIAN_POINT ( 'NONE',  ( -0.4190999999999959200, 0.6874251749453640400, 1.544342981119903600 ) ) ;
#1812 = CARTESIAN_POINT ( 'NONE',  ( -2.247900000000000000, 0.03048000000000004500, -1.587574770618868300 ) ) ;
#1813 = CARTESIAN_POINT ( 'NONE',  ( -1.866900000000000000, 0.6095999999999999200, -0.9651999999999998400 ) ) ;
#1814 = DIRECTION ( 'NONE',  ( -0.5638629283489098300, 0.0000000000000000000, -0.8258683902619061700 ) ) ;
#1815 = CIRCLE ( 'NONE', #28, 0.3810000000000000100 ) ;
#1816 = CARTESIAN_POINT ( 'NONE',  ( -0.4334411414813526500, 0.6908799999999998300, 1.540379439252336400 ) ) ;
#1817 = CARTESIAN_POINT ( 'NONE',  ( -2.247900000000000000, 0.6299199999999998100, 1.569719999999999800 ) ) ;
#1818 = DIRECTION ( 'NONE',  ( 1.000000000000000000, 0.0000000000000000000, 0.0000000000000000000 ) ) ;
#1819 = CARTESIAN_POINT ( 'NONE',  ( -1.489875705765618700, 1.426324937109718600, 0.8737781220854412600 ) ) ;
#1820 = EDGE_CURVE ( 'NONE', #382, #5464, #6894, .T. ) ;
#1821 = CARTESIAN_POINT ( 'NONE',  ( -2.217420000000000200, 5.421010862427522200E-017, 1.569720000000000000 ) ) ;
#1822 = DIRECTION ( 'NONE',  ( 0.0000000000000000000, 0.0000000000000000000, -1.000000000000000000 ) ) ;
#1823 = ORIENTED_EDGE ( 'NONE', *, *, #5190, .F. ) ;
#1824 = DIRECTION ( 'NONE',  ( 0.0000000000000000000, 0.0000000000000000000, -1.000000000000000000 ) ) ;
#1825 = ORIENTED_EDGE ( 'NONE', *, *, #195, .F. ) ;
#1826 = DIRECTION ( 'NONE',  ( 2.188980764154056600E-016, 0.0000000000000000000, 1.000000000000000000 ) ) ;
#1827 =( BOUNDED_CURVE ( )  B_SPLINE_CURVE ( 3, ( #6797, #3707, #5584, #1892 ),
 .UNSPECIFIED., .F., .T. )
 B_SPLINE_CURVE_WITH_KNOTS ( ( 4, 4 ),
 ( 4.712388980384689700, 6.283185307179586200 ),
 .UNSPECIFIED. )
 CURVE ( )  GEOMETRIC_REPRESENTATION_ITEM ( )  RATIONAL_B_SPLINE_CURVE ( ( 1.000000000000000000, 0.8047378541243649400, 0.8047378541243649400, 1.000000000000000000 ) )
 REPRESENTATION_ITEM ( '' )  );
#1828 = DIRECTION ( 'NONE',  ( 0.0000000000000000000, -0.0000000000000000000, -1.000000000000000000 ) ) ;
#1829 = EDGE_CURVE ( 'NONE', #5464, #2049, #7660, .T. ) ;
#1830 = ADVANCED_FACE ( 'NONE', ( #3623 ), #3426, .F. ) ;
#1831 = VECTOR ( 'NONE', #5479, 1000.000000000000000 ) ;
#1832 = DIRECTION ( 'NONE',  ( 0.0000000000000000000, -1.000000000000000000, -0.0000000000000000000 ) ) ;
#1833 = CARTESIAN_POINT ( 'NONE',  ( -0.4190999999999956400, 0.6608225410489825300, 1.569147252560180400 ) ) ;
#1834 = ORIENTED_EDGE ( 'NONE', *, *, #3943, .F. ) ;
#1835 = EDGE_LOOP ( 'NONE', ( #7749, #1503, #4578, #3444, #5394, #5011, #2114, #3678 ) ) ;
#1836 = CARTESIAN_POINT ( 'NONE',  ( -1.346727066632285300, 0.6908799999999996100, 0.9194800000000003000 ) ) ;
#1837 = EDGE_LOOP ( 'NONE', ( #7243, #7546 ) ) ;
#1838 = FACE_OUTER_BOUND ( 'NONE', #2550, .T. ) ;
#1839 = CARTESIAN_POINT ( 'NONE',  ( 1.554692330998227700, 1.010330540865630200, 0.3809999031346684700 ) ) ;
#1840 = FACE_OUTER_BOUND ( 'NONE', #2155, .T. ) ;
#1841 = CARTESIAN_POINT ( 'NONE',  ( 0.0000000000000000000, 4.572929130132065400, -0.7239000000000002100 ) ) ;
#1842 = CARTESIAN_POINT ( 'NONE',  ( 0.0000000000000000000, 0.6934199999999998100, -1.569720000000000000 ) ) ;
#1843 = AXIS2_PLACEMENT_3D ( 'NONE', #4829, #1141, #5443 ) ;
#1844 = EDGE_CURVE ( 'NONE', #7200, #944, #378, .T. ) ;
#1845 = AXIS2_PLACEMENT_3D ( 'NONE', #6669, #1726, #2347 ) ;
#1846 = ADVANCED_FACE ( 'NONE', ( #1773 ), #5023, .T. ) ;
#1847 = CARTESIAN_POINT ( 'NONE',  ( -1.866900000000000000, 0.5968999999999998800, 1.473200000000000300 ) ) ;
#1848 = ORIENTED_EDGE ( 'NONE', *, *, #2444, .F. ) ;
#1849 = CYLINDRICAL_SURFACE ( 'NONE', #7215, 0.03048000000000004900 ) ;
#1850 = CARTESIAN_POINT ( 'NONE',  ( 1.397074770618876400, 0.6603986462950807200, -1.569432737020558700 ) ) ;
#1851 = CARTESIAN_POINT ( 'NONE',  ( 1.544242545894418700, 0.9144000000000001000, 0.4194699029126213200 ) ) ;
#1852 = ORIENTED_EDGE ( 'NONE', *, *, #684, .T. ) ;
#1853 =( LENGTH_UNIT ( ) NAMED_UNIT ( * ) SI_UNIT ( .MILLI., .METRE. ) );
#1854 = CIRCLE ( 'NONE', #7045, 0.03047999999999983000 ) ;
#1855 = VECTOR ( 'NONE', #7041, 1000.000000000000000 ) ;
#1856 = DIRECTION ( 'NONE',  ( 1.000000000000000000, 0.0000000000000000000, 0.0000000000000000000 ) ) ;
#1857 = DIRECTION ( 'NONE',  ( -0.0000000000000000000, 1.000000000000000000, -0.0000000000000000000 ) ) ;
#1858 = DIRECTION ( 'NONE',  ( 0.0000000000000000000, -0.0000000000000000000, -1.000000000000000000 ) ) ;
#1859 = AXIS2_PLACEMENT_3D ( 'NONE', #5278, #4689, #5300 ) ;
#1860 = VERTEX_POINT ( 'NONE', #4527 ) ;
#1861 = SURFACE_STYLE_USAGE ( .BOTH. , #5549 ) ;
#1862 = DIRECTION ( 'NONE',  ( -1.000000000000000000, 0.0000000000000000000, 1.224646799147353200E-016 ) ) ;
#1863 = VERTEX_POINT ( 'NONE', #4499 ) ;
#1864 = EDGE_CURVE ( 'NONE', #2465, #7190, #366, .T. ) ;
#1865 = FACE_OUTER_BOUND ( 'NONE', #4268, .T. ) ;
#1866 = EDGE_LOOP ( 'NONE', ( #6559, #117, #5923, #4642 ) ) ;
#1867 = DIRECTION ( 'NONE',  ( -2.188980764154056600E-016, -0.0000000000000000000, 1.000000000000000000 ) ) ;
#1868 = CARTESIAN_POINT ( 'NONE',  ( -1.128514256475604100, 0.6603999999999994300, 1.239087928094026100 ) ) ;
#1869 = B_SPLINE_CURVE_WITH_KNOTS ( 'NONE', 3,
 ( #418, #340, #446, #497, #772, #797, #855, #880, #903, #931, #960, #984, #1015, #1039, #1087, #1363 ),
 .UNSPECIFIED., .F., .F.,
 ( 4, 3, 3, 3, 3, 4 ),
 ( 2.168404344971008900E-019, 8.202919587512908800E-006, 1.639460115133364100E-005, 2.475981229375668700E-005, 3.353730179748792800E-005, 4.080717287562532500E-005 ),
 .UNSPECIFIED. ) ;
#1870 = EDGE_CURVE ( 'NONE', #2644, #2571, #184, .T. ) ;
#1871 = CARTESIAN_POINT ( 'NONE',  ( 1.600175677620234700, 1.325788972589008400, 0.008822740652539892700 ) ) ;
#1872 = ORIENTED_EDGE ( 'NONE', *, *, #7807, .F. ) ;
#1873 = CARTESIAN_POINT ( 'NONE',  ( -1.866900000000000000, 0.5968999999999998800, 0.9652000000000005000 ) ) ;
#1874 = DIRECTION ( 'NONE',  ( 0.0000000000000000000, 0.0000000000000000000, -1.000000000000000000 ) ) ;
#1875 = ORIENTED_EDGE ( 'NONE', *, *, #3312, .F. ) ;
#1876 = DIRECTION ( 'NONE',  ( -0.0000000000000000000, -1.000000000000000000, -0.0000000000000000000 ) ) ;
#1877 = ORIENTED_EDGE ( 'NONE', *, *, #7066, .F. ) ;
#1878 = CARTESIAN_POINT ( 'NONE',  ( 0.3886199999999958000, -1.524659305057740600E-017, 1.480820000000000000 ) ) ;
#1879 = B_SPLINE_CURVE_WITH_KNOTS ( 'NONE', 3,
 ( #7281, #2986, #541, #4831 ),
 .UNSPECIFIED., .F., .F.,
 ( 4, 4 ),
 ( 0.0000000000000000000, 1.000000000000000000 ),
 .UNSPECIFIED. ) ;
#1880 = DIRECTION ( 'NONE',  ( 0.0000000000000000000, 0.0000000000000000000, -1.000000000000000000 ) ) ;
#1881 = ORIENTED_EDGE ( 'NONE', *, *, #2277, .F. ) ;
#1882 = LINE ( 'NONE', #349, #5162 ) ;
#1883 = CARTESIAN_POINT ( 'NONE',  ( 1.397074770618876200, 0.6605681812515670200, -1.587420421975474600 ) ) ;
#1884 = CARTESIAN_POINT ( 'NONE',  ( -0.4064747706188639500, 0.01262522938113193000, -1.511300000000000300 ) ) ;
#1885 = AXIS2_PLACEMENT_3D ( 'NONE', #4955, #6196, #2492 ) ;
#1886 = EDGE_CURVE ( 'NONE', #7652, #5500, #545, .T. ) ;
#1887 = ORIENTED_EDGE ( 'NONE', *, *, #5323, .T. ) ;
#1888 = EDGE_CURVE ( 'NONE', #5500, #2841, #6508, .T. ) ;
#1889 = ADVANCED_FACE ( 'NONE', ( #6310 ), #3041, .F. ) ;
#1890 = DIRECTION ( 'NONE',  ( 0.0000000000000000000, 1.000000000000000000, 0.0000000000000000000 ) ) ;
#1891 = FACE_OUTER_BOUND ( 'NONE', #4700, .T. ) ;
#1892 = CARTESIAN_POINT ( 'NONE',  ( -0.4190999999999958100, 0.08889999999999993700, -1.569720000000000000 ) ) ;
#1893 = FACE_OUTER_BOUND ( 'NONE', #194, .T. ) ;
#1894 = CARTESIAN_POINT ( 'NONE',  ( 1.516380000000000300, 0.6603999999999998800, 0.0000000000000000000 ) ) ;
#1895 = VERTEX_POINT ( 'NONE', #3316 ) ;
#1896 = VERTEX_POINT ( 'NONE', #3234 ) ;
#1897 = DIRECTION ( 'NONE',  ( -1.000000000000000000, 0.0000000000000000000, 0.0000000000000000000 ) ) ;
#1898 = FACE_OUTER_BOUND ( 'NONE', #4319, .T. ) ;
#1899 = ORIENTED_EDGE ( 'NONE', *, *, #320, .T. ) ;
#1900 = CARTESIAN_POINT ( 'NONE',  ( 2.217420000000001100, 0.6603999999999998800, 0.0000000000000000000 ) ) ;
#1901 = DIRECTION ( 'NONE',  ( 0.0000000000000000000, 0.0000000000000000000, -1.000000000000000000 ) ) ;
#1902 = CIRCLE ( 'NONE', #4932, 0.7239000000000002100 ) ;
#1903 = ORIENTED_EDGE ( 'NONE', *, *, #6320, .T. ) ;
#1904 = CARTESIAN_POINT ( 'NONE',  ( 1.397074770618876200, 0.6479084838754904900, -1.600199999999999600 ) ) ;
#1905 = DIRECTION ( 'NONE',  ( 0.0000000000000000000, -0.0000000000000000000, 1.000000000000000000 ) ) ;
#1906 = EDGE_LOOP ( 'NONE', ( #5153, #431, #5814, #1527 ) ) ;
#1907 = DIRECTION ( 'NONE',  ( 0.0000000000000000000, -0.0000000000000000000, -1.000000000000000000 ) ) ;
#1908 = CARTESIAN_POINT ( 'NONE',  ( -1.572260000000000900, 0.1117600000000006900, 0.4952999999999996300 ) ) ;
#1909 = EDGE_CURVE ( 'NONE', #6406, #2465, #5068, .T. ) ;
#1910 = CARTESIAN_POINT ( 'NONE',  ( 1.520531051336678500, 1.035325715308535600, 0.3609310721215366900 ) ) ;
#1911 = CARTESIAN_POINT ( 'NONE',  ( 0.0000000000000000000, 0.6908799999999996100, 0.0000000000000000000 ) ) ;
#1912 = CARTESIAN_POINT ( 'NONE',  ( -1.479152769698709000, 0.6603999999999995400, -0.9016252293811316500 ) ) ;
#1913 = CARTESIAN_POINT ( 'NONE',  ( -2.217420000000000200, 0.6477747706188679000, -1.600200000000000100 ) ) ;
#1914 = CARTESIAN_POINT ( 'NONE',  ( 1.103515581101210500, 1.435174770618867800, 0.6484999794283563500 ) ) ;
#1915 = CARTESIAN_POINT ( 'NONE',  ( 0.0000000000000000000, 0.6908799999999996100, 0.0000000000000000000 ) ) ;
#1916 = ORIENTED_EDGE ( 'NONE', *, *, #6587, .T. ) ;
#1917 = EDGE_LOOP ( 'NONE', ( #1991, #2013, #4665, #3781 ) ) ;
#1918 = CARTESIAN_POINT ( 'NONE',  ( 2.247900000000000000, 1.130299999999999900, -0.4953000000000003000 ) ) ;
#1919 = CARTESIAN_POINT ( 'NONE',  ( -0.3108362295486162300, 0.6934199999999994800, 1.569720000000000000 ) ) ;
#1920 = ADVANCED_FACE ( 'NONE', ( #4 ), #2012, .T. ) ;
#1921 = DIRECTION ( 'NONE',  ( -0.0000000000000000000, 0.0000000000000000000, 1.000000000000000000 ) ) ;
#1922 = LINE ( 'NONE', #5619, #327 ) ;
#1923 = EDGE_CURVE ( 'NONE', #4782, #3291, #4481, .T. ) ;
#1924 = CARTESIAN_POINT ( 'NONE',  ( -1.657919445422835900, 0.6908799999999996100, -0.4842756988419268900 ) ) ;
#1925 = EDGE_CURVE ( 'NONE', #2219, #7377, #1398, .T. ) ;
#1926 = EDGE_CURVE ( 'NONE', #6670, #1234, #2851, .T. ) ;
#1927 = ORIENTED_EDGE ( 'NONE', *, *, #2814, .F. ) ;
#1928 = CARTESIAN_POINT ( 'NONE',  ( 1.397074770618876400, 0.6299199999999998100, -1.600200000000000100 ) ) ;
#1929 = CARTESIAN_POINT ( 'NONE',  ( 1.405318419487914000, 0.6603986462950804900, 1.569432737020557200 ) ) ;
#1930 = CARTESIAN_POINT ( 'NONE',  ( 0.4190999999939399300, 0.6619699003282421000, -1.564605060752515500 ) ) ;
#1931 = CARTESIAN_POINT ( 'NONE',  ( 0.2109423417253266700, 0.7138677279704708200, -1.600199999999999800 ) ) ;
#1932 = VECTOR ( 'NONE', #1632, 1000.000000000000000 ) ;
#1933 = CARTESIAN_POINT ( 'NONE',  ( 0.3886199999999958000, 0.08890000000000000700, 1.511300000000000100 ) ) ;
#1934 = LINE ( 'NONE', #4927, #6664 ) ;
#1935 = DIRECTION ( 'NONE',  ( 0.0000000000000000000, 0.0000000000000000000, -1.000000000000000000 ) ) ;
#1936 = DIRECTION ( 'NONE',  ( -0.0000000000000000000, -1.000000000000000000, -0.0000000000000000000 ) ) ;
#1937 = ORIENTED_EDGE ( 'NONE', *, *, #800, .F. ) ;
#1938 = CARTESIAN_POINT ( 'NONE',  ( -0.4191000000107576500, 0.6629937108227611500, -1.562049616675921700 ) ) ;
#1939 = DIRECTION ( 'NONE',  ( -0.0000000000000000000, -1.000000000000000000, -0.0000000000000000000 ) ) ;
#1940 = CARTESIAN_POINT ( 'NONE',  ( -0.05284196156714177800, 0.7238999999784177000, 1.600200000000000100 ) ) ;
#1941 = CARTESIAN_POINT ( 'NONE',  ( 0.4334411414813527100, 0.6730252293811316300, -1.540379439252336700 ) ) ;
#1942 = CARTESIAN_POINT ( 'NONE',  ( -1.866900000000000000, 0.6095999999999999200, -1.219199999999999800 ) ) ;
#1943 = DIRECTION ( 'NONE',  ( 1.000000000000000000, 0.0000000000000000000, 0.0000000000000000000 ) ) ;
#1944 = FACE_OUTER_BOUND ( 'NONE', #6369, .T. ) ;
#1945 = AXIS2_PLACEMENT_3D ( 'NONE', #5281, #5304, #7142 ) ;
#1946 = EDGE_CURVE ( 'NONE', #6900, #140, #6122, .T. ) ;
#1947 = DIRECTION ( 'NONE',  ( -3.952326379722607800E-016, 1.000000000000000000, 0.0000000000000000000 ) ) ;
#1948 = VERTEX_POINT ( 'NONE', #1956 ) ;
#1949 = CARTESIAN_POINT ( 'NONE',  ( -1.589282705972687500, 0.6603999999999996500, -0.7645621571863956400 ) ) ;
#1950 = VECTOR ( 'NONE', #1921, 1000.000000000000000 ) ;
#1951 = VECTOR ( 'NONE', #1163, 1000.000000000000000 ) ;
#1952 = EDGE_CURVE ( 'NONE', #1457, #5728, #1017, .T. ) ;
#1953 = CARTESIAN_POINT ( 'NONE',  ( 1.405318419487913100, 0.6603986462950809400, -1.569432737020558500 ) ) ;
#1954 = CARTESIAN_POINT ( 'NONE',  ( 0.0000000000000000000, 0.7238999999999998800, -1.569720000000000000 ) ) ;
#1955 = ORIENTED_EDGE ( 'NONE', *, *, #4230, .F. ) ;
#1956 = CARTESIAN_POINT ( 'NONE',  ( 1.516380000000000100, 1.130299999999999900, -0.3139238601954304500 ) ) ;
#1957 = DIRECTION ( 'NONE',  ( -0.0000000000000000000, 1.000000000000000000, -0.0000000000000000000 ) ) ;
#1958 = CARTESIAN_POINT ( 'NONE',  ( 2.217420000000001100, 0.6603999999999997600, 0.7493747706188682600 ) ) ;
#1959 = ORIENTED_EDGE ( 'NONE', *, *, #4135, .T. ) ;
#1960 = CIRCLE ( 'NONE', #309, 0.03047999999999983000 ) ;
#1961 = EDGE_LOOP ( 'NONE', ( #3544, #2122, #4751, #5297 ) ) ;
#1962 = ADVANCED_FACE ( 'NONE', ( #5725 ), #2446, .F. ) ;
#1963 = AXIS2_PLACEMENT_3D ( 'NONE', #1024, #1740, #3080 ) ;
#1964 = DIRECTION ( 'NONE',  ( -0.0000000000000000000, -0.0000000000000000000, 1.000000000000000000 ) ) ;
#1965 = ORIENTED_EDGE ( 'NONE', *, *, #151, .T. ) ;
#1966 = CARTESIAN_POINT ( 'NONE',  ( -2.247900000000000000, 0.03048000000000004900, -0.5257800000000004700 ) ) ;
#1967 = DIRECTION ( 'NONE',  ( 0.0000000000000000000, 1.000000000000000000, 0.0000000000000000000 ) ) ;
#1968 = VECTOR ( 'NONE', #6329, 1000.000000000000000 ) ;
#1969 = ORIENTED_EDGE ( 'NONE', *, *, #1261, .T. ) ;
#1970 = CARTESIAN_POINT ( 'NONE',  ( -0.2285999999999998600, 1.257300000000000300, 0.6868575179758901200 ) ) ;
#1971 = CARTESIAN_POINT ( 'NONE',  ( 0.4334411414813528200, 0.6908799999999996100, 1.540379439252336400 ) ) ;
#1972 = EDGE_CURVE ( 'NONE', #328, #6360, #4294, .T. ) ;
#1973 = CARTESIAN_POINT ( 'NONE',  ( 1.405318419487914000, 1.353704918993781100E-006, 1.569432737020557600 ) ) ;
#1974 = ORIENTED_EDGE ( 'NONE', *, *, #906, .T. ) ;
#1975 = CARTESIAN_POINT ( 'NONE',  ( 1.600149602380977600, 1.417319999999999700, 0.01270000000000036700 ) ) ;
#1976 = CYLINDRICAL_SURFACE ( 'NONE', #1080, 0.7239000000000002100 ) ;
#1977 = ORIENTED_EDGE ( 'NONE', *, *, #2797, .F. ) ;
#1978 = CARTESIAN_POINT ( 'NONE',  ( 1.405318419487913600, 0.6605681812515673500, -1.587420421975475300 ) ) ;
#1979 = DIRECTION ( 'NONE',  ( 0.0000000000000000000, 0.0000000000000000000, -1.000000000000000000 ) ) ;
#1980 = CARTESIAN_POINT ( 'NONE',  ( -2.247900000000000900, 1.084202172485504400E-016, 0.4952999999999996300 ) ) ;
#1981 = ORIENTED_EDGE ( 'NONE', *, *, #6615, .T. ) ;
#1982 = EDGE_CURVE ( 'NONE', #3671, #1616, #7558, .T. ) ;
#1983 = DIRECTION ( 'NONE',  ( 0.0000000000000000000, -0.0000000000000000000, 1.000000000000000000 ) ) ;
#1984 = AXIS2_PLACEMENT_3D ( 'NONE', #7692, #7084, #5868 ) ;
#1985 = LINE ( 'NONE', #6703, #5087 ) ;
#1986 = CARTESIAN_POINT ( 'NONE',  ( 0.0000000000000000000, 0.6603999999999998800, 1.569720000000000000 ) ) ;
#1987 = LINE ( 'NONE', #1445, #6529 ) ;
#1988 = VERTEX_POINT ( 'NONE', #375 ) ;
#1989 = CARTESIAN_POINT ( 'NONE',  ( 1.578275159339434200, 1.296381665754031000, -0.01270000000001268900 ) ) ;
#1990 = DIRECTION ( 'NONE',  ( 0.0000000000000000000, 0.0000000000000000000, 1.000000000000000000 ) ) ;
#1991 = ORIENTED_EDGE ( 'NONE', *, *, #6530, .F. ) ;
#1992 = CYLINDRICAL_SURFACE ( 'NONE', #5189, 0.03047999999999983000 ) ;
#1993 = CARTESIAN_POINT ( 'NONE',  ( -2.217420000000000200, 0.6299199999999998100, -1.600200000000000100 ) ) ;
#1994 = AXIS2_PLACEMENT_3D ( 'NONE', #2416, #5519, #1826 ) ;
#1995 = FACE_OUTER_BOUND ( 'NONE', #3497, .T. ) ;
#1996 = ORIENTED_EDGE ( 'NONE', *, *, #1804, .F. ) ;
#1997 = EDGE_CURVE ( 'NONE', #145, #5975, #5477, .T. ) ;
#1998 = DIRECTION ( 'NONE',  ( -0.8660254037844387100, 0.0000000000000000000, 0.4999999999999998900 ) ) ;
#1999 = ORIENTED_EDGE ( 'NONE', *, *, #6043, .F. ) ;
#2000 = CARTESIAN_POINT ( 'NONE',  ( 0.0000000000000000000, 1.288650937169962800, 0.0000000000000000000 ) ) ;
#2001 = DIRECTION ( 'NONE',  ( 0.0000000000000000000, 0.0000000000000000000, -1.000000000000000000 ) ) ;
#2002 = CARTESIAN_POINT ( 'NONE',  ( 0.0000000000000000000, 1.417319999999999700, 0.0000000000000000000 ) ) ;
#2003 = ADVANCED_FACE ( 'NONE', ( #3912 ), #7748, .T. ) ;
#2004 = VECTOR ( 'NONE', #6094, 1000.000000000000000 ) ;
#2005 = CARTESIAN_POINT ( 'NONE',  ( 1.405318419487913600, 0.6479084838754906000, -1.600200000000000300 ) ) ;
#2006 = CARTESIAN_POINT ( 'NONE',  ( -0.3886199999999957500, 0.6603999999999998800, -1.600200000000000100 ) ) ;
#2007 = PLANE ( 'NONE',  #2716 ) ;
#2008 = CARTESIAN_POINT ( 'NONE',  ( -0.4495799999999958700, 0.6603999999999998800, 1.600200000000000100 ) ) ;
#2009 = CARTESIAN_POINT ( 'NONE',  ( -0.4495799999999958700, 0.03048000000000003500, -1.600200000000000100 ) ) ;
#2010 = EDGE_CURVE ( 'NONE', #5531, #562, #2260, .T. ) ;
#2011 = CARTESIAN_POINT ( 'NONE',  ( -2.247900000000000000, 0.03047999999999999700, 1.569720000000000000 ) ) ;
#2012 =( BOUNDED_SURFACE ( )  B_SPLINE_SURFACE ( 3, 3, (
 ( #2806, #3185, #2750, #2693 ),
 ( #2669, #2641, #2612, #2589 ),
 ( #2558, #2526, #2256, #2231 ),
 ( #2207, #2177, #2147, #2120 ) ),
 .UNSPECIFIED., .F., .F., .T. )
 B_SPLINE_SURFACE_WITH_KNOTS ( ( 4, 4 ),
 ( 4, 4 ),
 ( 0.0000000000000000000, 1.000000000000000000 ),
 ( 0.0000000000000000000, 1.000000000000000000 ),
 .UNSPECIFIED. )
 GEOMETRIC_REPRESENTATION_ITEM ( )  RATIONAL_B_SPLINE_SURFACE ( (
 ( 1.000000000000000000, 0.8025111867385895700, 0.8025111867385895700, 1.000000000000000000),
 ( 0.9107980136595094100, 0.7309255948210430200, 0.7309255948210430200, 0.9107980136595094100),
 ( 0.9107980136595094100, 0.7309255948210430200, 0.7309255948210430200, 0.9107980136595094100),
 ( 1.000000000000000000, 0.8025111867385895700, 0.8025111867385895700, 1.000000000000000000) ) )
 REPRESENTATION_ITEM ( '' )  SURFACE ( )  );
#2013 = ORIENTED_EDGE ( 'NONE', *, *, #6202, .T. ) ;
#2014 = ORIENTED_EDGE ( 'NONE', *, *, #986, .T. ) ;
#2015 = CARTESIAN_POINT ( 'NONE',  ( -2.247900000000000000, 0.6299199999999997000, -1.569720000000000000 ) ) ;
#2016 = CARTESIAN_POINT ( 'NONE',  ( -0.3886199999999958000, -1.524659305057740600E-017, -1.480820000000000200 ) ) ;
#2017 = CARTESIAN_POINT ( 'NONE',  ( 0.4184718478971243800, 0.6907671416778264900, 1.544532780815272000 ) ) ;
#2018 = DIRECTION ( 'NONE',  ( 0.0000000000000000000, -1.000000000000000000, 0.0000000000000000000 ) ) ;
#2019 = LINE ( 'NONE', #5402, #6749 ) ;
#2020 = CARTESIAN_POINT ( 'NONE',  ( -0.2151035036818870500, 1.447800000000000400, 0.6801764810779914500 ) ) ;
#2021 = ORIENTED_EDGE ( 'NONE', *, *, #6176, .T. ) ;
#2022 = PLANE ( 'NONE',  #3956 ) ;
#2023 = CARTESIAN_POINT ( 'NONE',  ( -1.463489722546762200, 1.447800000000000000, 0.8585200000000000600 ) ) ;
#2024 = VERTEX_POINT ( 'NONE', #7864 ) ;
#2025 = FACE_OUTER_BOUND ( 'NONE', #7835, .T. ) ;
#2026 = EDGE_CURVE ( 'NONE', #6628, #4338, #6989, .T. ) ;
#2027 = CARTESIAN_POINT ( 'NONE',  ( -0.5355625918974681300, 1.447799999999999500, -1.587574770618867900 ) ) ;
#2028 = AXIS2_PLACEMENT_3D ( 'NONE', #7355, #3620, #201 ) ;
#2029 = EDGE_CURVE ( 'NONE', #4532, #5563, #635, .T. ) ;
#2030 = FACE_OUTER_BOUND ( 'NONE', #4713, .T. ) ;
#2031 = CARTESIAN_POINT ( 'NONE',  ( 2.235120421975475200, 0.01252671108490060900, -0.7800229518704355800 ) ) ;
#2032 = CARTESIAN_POINT ( 'NONE',  ( -2.270760000000000100, 1.447799999999999800, -1.135379999999999400 ) ) ;
#2033 = ORIENTED_EDGE ( 'NONE', *, *, #1442, .T. ) ;
#2034 = VECTOR ( 'NONE', #7393, 1000.000000000000000 ) ;
#2035 = CARTESIAN_POINT ( 'NONE',  ( -0.3108362295486155100, 0.6934200000011602200, -1.600200000000000100 ) ) ;
#2036 = ADVANCED_FACE ( 'NONE', ( #3720 ), #6791, .F. ) ;
#2037 = ORIENTED_EDGE ( 'NONE', *, *, #4314, .F. ) ;
#2038 = VECTOR ( 'NONE', #4623, 1000.000000000000000 ) ;
#2039 = PRODUCT_RELATED_PRODUCT_CATEGORY ( 'part', '', ( #5944 ) ) ;
#2040 = CARTESIAN_POINT ( 'NONE',  ( -1.866900000000000200, 0.6299199999999998100, 1.503680000000000300 ) ) ;
#2041 = CARTESIAN_POINT ( 'NONE',  ( 1.531987334760400300, 0.6604217792955353600, 0.4952923574342846800 ) ) ;
#2042 = CIRCLE ( 'NONE', #2569, 0.7239000000000001000 ) ;
#2043 = CARTESIAN_POINT ( 'NONE',  ( 0.3886199999999958000, 0.03047999999999999000, 1.480820000000000000 ) ) ;
#2044 = CARTESIAN_POINT ( 'NONE',  ( -1.665940324130385800, 0.6675963773269253400, -0.4953000000006391700 ) ) ;
#2045 = ORIENTED_EDGE ( 'NONE', *, *, #2052, .F. ) ;
#2046 = CARTESIAN_POINT ( 'NONE',  ( -1.460500000000000100, 0.6603999999999998800, 0.4952999999999996300 ) ) ;
#2047 = ORIENTED_EDGE ( 'NONE', *, *, #1625, .F. ) ;
#2048 = CIRCLE ( 'NONE', #7288, 0.03047999999999983000 ) ;
#2049 = VERTEX_POINT ( 'NONE', #7305 ) ;
#2050 = DIRECTION ( 'NONE',  ( -9.427635668924778100E-016, -1.000000000000000000, 0.0000000000000000000 ) ) ;
#2051 = CARTESIAN_POINT ( 'NONE',  ( 1.353112248377910700E-016, 1.417319999999999700, 1.104900000000000000 ) ) ;
#2052 = EDGE_CURVE ( 'NONE', #7778, #7307, #4100, .T. ) ;
#2053 = DIRECTION ( 'NONE',  ( -1.000000000000000000, -0.0000000000000000000, 0.0000000000000000000 ) ) ;
#2054 = AXIS2_PLACEMENT_3D ( 'NONE', #6931, #793, #5111 ) ;
#2055 = DIRECTION ( 'NONE',  ( -1.000000000000000000, -0.0000000000000000000, -0.0000000000000000000 ) ) ;
#2056 = VERTEX_POINT ( 'NONE', #6610 ) ;
#2057 = VERTEX_POINT ( 'NONE', #6659 ) ;
#2058 = EDGE_CURVE ( 'NONE', #4302, #3476, #5154, .T. ) ;
#2059 = LINE ( 'NONE', #6068, #3523 ) ;
#2060 = DIRECTION ( 'NONE',  ( 0.0000000000000000000, 0.0000000000000000000, 1.000000000000000000 ) ) ;
#2061 = EDGE_LOOP ( 'NONE', ( #4760, #6373, #7070, #7858 ) ) ;
#2062 = CARTESIAN_POINT ( 'NONE',  ( 8.865218179027692800E-017, 4.572929130132065400, 0.7239000000000002100 ) ) ;
#2063 = CARTESIAN_POINT ( 'NONE',  ( -2.706224496755821400E-016, 1.417319999999999700, -1.104900000000000000 ) ) ;
#2064 = CARTESIAN_POINT ( 'NONE',  ( 1.002845648063621900, 1.447800000000000000, 0.4154504157498404300 ) ) ;
#2065 = CARTESIAN_POINT ( 'NONE',  ( -0.2586050176302317500, 0.6934202049414220900, -1.600199999999999600 ) ) ;
#2066 = ORIENTED_EDGE ( 'NONE', *, *, #3023, .T. ) ;
#2067 =( BOUNDED_SURFACE ( )  B_SPLINE_SURFACE ( 3, 3, (
 ( #2847, #2757, #2703, #2366 ),
 ( #2311, #2292, #2268, #2241 ),
 ( #2215, #2161, #2129, #2077 ),
 ( #1776, #1745, #1718, #1696 ) ),
 .UNSPECIFIED., .F., .F., .T. )
 B_SPLINE_SURFACE_WITH_KNOTS ( ( 4, 4 ),
 ( 4, 4 ),
 ( 0.0000000000000000000, 1.000000000000000000 ),
 ( 0.0000000000000000000, 1.000000000000000000 ),
 .UNSPECIFIED. )
 GEOMETRIC_REPRESENTATION_ITEM ( )  RATIONAL_B_SPLINE_SURFACE ( (
 ( 1.000000000000000000, 0.9118348504641756700, 0.9118348504641756700, 1.000000000000000000),
 ( 0.8047378541243632700, 0.7337880208783503800, 0.7337880208783503800, 0.8047378541243632700),
 ( 0.8047378541243632700, 0.7337880208783503800, 0.7337880208783503800, 0.8047378541243632700),
 ( 1.000000000000000000, 0.9118348504641756700, 0.9118348504641756700, 1.000000000000000000) ) )
 REPRESENTATION_ITEM ( '' )  SURFACE ( )  );
#2068 = VECTOR ( 'NONE', #4758, 1000.000000000000000 ) ;
#2069 = CARTESIAN_POINT ( 'NONE',  ( -1.321554598097102400, 0.6908799999999997200, 0.9022934579439255700 ) ) ;
#2070 = STYLED_ITEM ( 'NONE', ( #4761 ), #2111 ) ;
#2071 = ORIENTED_EDGE ( 'NONE', *, *, #3130, .F. ) ;
#2072 = DIRECTION ( 'NONE',  ( -0.0000000000000000000, -0.0000000000000000000, 1.000000000000000000 ) ) ;
#2073 = CARTESIAN_POINT ( 'NONE',  ( 0.4064747706188639500, 0.01262522938113193000, 1.511299999999999900 ) ) ;
#2074 = CARTESIAN_POINT ( 'NONE',  ( 0.8509000000000003200, 0.0000000000000000000, 0.0000000000000000000 ) ) ;
#2075 = CARTESIAN_POINT ( 'NONE',  ( 0.4416971632238546600, 0.6603999999999997600, -1.569720000000000000 ) ) ;
#2076 =( BOUNDED_SURFACE ( )  B_SPLINE_SURFACE ( 3, 2, (
 ( #3784, #7457, #4397 ),
 ( #710, #5019, #1319 ),
 ( #5626, #1931, #6254 ),
 ( #2555, #6868, #3182 ),
 ( #7485, #3812, #148 ),
 ( #4424, #738, #5045 ) ),
 .UNSPECIFIED., .F., .F., .F. )
 B_SPLINE_SURFACE_WITH_KNOTS ( ( 4, 2, 4 ),
 ( 3, 3 ),
 ( 0.0001414588804531196900, 0.0003004630765003263600, 0.0004594672725475330700 ),
 ( 0.0000000000000000000, 1.000000000000000000 ),
 .UNSPECIFIED. )
 GEOMETRIC_REPRESENTATION_ITEM ( )  RATIONAL_B_SPLINE_SURFACE ( (
 ( 1.000000000000000000, 0.7071067811865463500, 1.000000000000000000),
 ( 1.000000000000000000, 0.8207827467640368400, 1.000000000000000000),
 ( 1.000000000000000000, 0.8892309423781285000, 1.000000000000000000),
 ( 1.000000000000000000, 0.9793452103293068800, 1.000000000000000000),
 ( 1.000000000000000000, 0.9996859220910080400, 1.000000000000000000),
 ( 1.000000000000000000, 1.000000000000000000, 1.000000000000000000) ) )
 REPRESENTATION_ITEM ( '' )  SURFACE ( )  );
#2077 = CARTESIAN_POINT ( 'NONE',  ( -1.500669728786629700, 0.6603999999999994300, 0.8803307298365609100 ) ) ;
#2078 = CARTESIAN_POINT ( 'NONE',  ( -1.572260000000000900, 0.05588000000000031800, 0.4952999999999996300 ) ) ;
#2079 = CARTESIAN_POINT ( 'NONE',  ( 0.4495799999999958700, 0.03047999999999999000, 1.541780000000000200 ) ) ;
#2080 = VECTOR ( 'NONE', #423, 1000.000000000000000 ) ;
#2081 = ORIENTED_EDGE ( 'NONE', *, *, #5013, .F. ) ;
#2082 = DIRECTION ( 'NONE',  ( 1.000000000000000000, -9.427635668924778100E-016, 0.0000000000000000000 ) ) ;
#2083 = EDGE_CURVE ( 'NONE', #590, #7336, #2059, .T. ) ;
#2084 = CARTESIAN_POINT ( 'NONE',  ( -1.504862104683014600, 0.6603999999999996500, 0.9084710729468358200 ) ) ;
#2085 = ADVANCED_FACE ( 'NONE', ( #271 ), #6319, .T. ) ;
#2086 = VERTEX_POINT ( 'NONE', #5960 ) ;
#2087 = VERTEX_POINT ( 'NONE', #2338 ) ;
#2088 = CARTESIAN_POINT ( 'NONE',  ( 0.0000000000000000000, 1.257300000000000300, -0.7239000000000001000 ) ) ;
#2089 = PRESENTATION_STYLE_ASSIGNMENT (( #2864 ) ) ;
#2090 = PLANE ( 'NONE',  #3905 ) ;
#2091 = CARTESIAN_POINT ( 'NONE',  ( 1.576529005424266200, 1.295776136139181700, 0.01270000000007948600 ) ) ;
#2092 = CARTESIAN_POINT ( 'NONE',  ( 1.563127785505891800, 0.6470281258890424600, -0.4951338561355053100 ) ) ;
#2093 = CARTESIAN_POINT ( 'NONE',  ( 1.529807755505780300, 0.6603999999999977700, -0.4717479178228924900 ) ) ;
#2094 = ORIENTED_EDGE ( 'NONE', *, *, #5232, .T. ) ;
#2095 = CARTESIAN_POINT ( 'NONE',  ( 0.2106170807924048500, 1.447800000000000000, 0.6659900113954305700 ) ) ;
#2096 = ADVANCED_FACE ( 'NONE', ( #461 ), #1678, .T. ) ;
#2097 = DIRECTION ( 'NONE',  ( -0.0000000000000000000, -0.0000000000000000000, 1.000000000000000000 ) ) ;
#2098 = CARTESIAN_POINT ( 'NONE',  ( -0.2067595414895423100, 0.6979650976761587700, -1.600199999999999800 ) ) ;
#2099 = VECTOR ( 'NONE', #2473, 1000.000000000000000 ) ;
#2100 = ORIENTED_EDGE ( 'NONE', *, *, #1625, .T. ) ;
#2101 = DIRECTION ( 'NONE',  ( 0.0000000000000000000, -0.0000000000000000000, -1.000000000000000000 ) ) ;
#2102 = ORIENTED_EDGE ( 'NONE', *, *, #511, .F. ) ;
#2103 = DIRECTION ( 'NONE',  ( 1.000000000000000000, 0.0000000000000000000, 0.0000000000000000000 ) ) ;
#2104 = CARTESIAN_POINT ( 'NONE',  ( 0.0000000000000000000, 0.08890000000000000700, 0.0000000000000000000 ) ) ;
#2105 = EDGE_CURVE ( 'NONE', #7823, #7778, #4967, .T. ) ;
#2106 =( BOUNDED_CURVE ( )  B_SPLINE_CURVE ( 3, ( #3800, #4412, #730, #5040 ),
 .UNSPECIFIED., .F., .T. )
 B_SPLINE_CURVE_WITH_KNOTS ( ( 4, 4 ),
 ( 0.0000000000000000000, 1.570796326794896800 ),
 .UNSPECIFIED. )
 CURVE ( )  GEOMETRIC_REPRESENTATION_ITEM ( )  RATIONAL_B_SPLINE_CURVE ( ( 1.000000000000000000, 0.8047378541243649400, 0.8047378541243649400, 1.000000000000000000 ) )
 REPRESENTATION_ITEM ( '' )  );
#2107 = CARTESIAN_POINT ( 'NONE',  ( 1.521499737320247900, 0.6543974110510971700, 0.4961027357552125800 ) ) ;
#2108 = CARTESIAN_POINT ( 'NONE',  ( 2.238972614690567300, 0.6299199999999998100, 0.7709273853094336100 ) ) ;
#2109 = CARTESIAN_POINT ( 'NONE',  ( 0.0000000000000000000, 0.0000000000000000000, -0.4953000000000003000 ) ) ;
#2110 = DIRECTION ( 'NONE',  ( 1.000000000000000000, 0.0000000000000000000, 0.0000000000000000000 ) ) ;
#2111 = MANIFOLD_SOLID_BREP ( 'Pin 1', #7801 ) ;
#2112 = CARTESIAN_POINT ( 'NONE',  ( 0.4190473626552994600, 0.6603473627989001600, 1.571793280383957600 ) ) ;
#2113 = ORIENTED_EDGE ( 'NONE', *, *, #2941, .T. ) ;
#2114 = ORIENTED_EDGE ( 'NONE', *, *, #4650, .T. ) ;
#2115 = AXIS2_PLACEMENT_3D ( 'NONE', #2639, #6944, #3259 ) ;
#2116 = CARTESIAN_POINT ( 'NONE',  ( 1.597765921401641800, 1.313869395717654600, 0.01269999999989405800 ) ) ;
#2117 = DIRECTION ( 'NONE',  ( 0.8660254037844386000, 0.0000000000000000000, 0.5000000000000001100 ) ) ;
#2118 = AXIS2_PLACEMENT_3D ( 'NONE', #527, #2974, #2359 ) ;
#2119 = CARTESIAN_POINT ( 'NONE',  ( 1.516380000000000500, 1.130299999999999900, 0.4952999999999996300 ) ) ;
#2120 = CARTESIAN_POINT ( 'NONE',  ( -1.489875705765618900, 1.432577444428127200, -0.8583761977161757900 ) ) ;
#2121 = CIRCLE ( 'NONE', #2227, 0.03047999999999983000 ) ;
#2122 = ORIENTED_EDGE ( 'NONE', *, *, #1522, .F. ) ;
#2123 = VERTEX_POINT ( 'NONE', #1673 ) ;
#2124 = ADVANCED_FACE ( 'NONE', ( #6601 ), #4190, .T. ) ;
#2125 = CARTESIAN_POINT ( 'NONE',  ( -0.4334411414813524900, 0.6730252293811317400, 1.540379439252336400 ) ) ;
#2126 = FACE_OUTER_BOUND ( 'NONE', #5716, .T. ) ;
#2127 = DIRECTION ( 'NONE',  ( -0.0000000000000000000, -1.000000000000000000, -0.0000000000000000000 ) ) ;
#2128 = CARTESIAN_POINT ( 'NONE',  ( 1.397074770618876400, 0.6603999999999998800, -1.569720000000000000 ) ) ;
#2129 = CARTESIAN_POINT ( 'NONE',  ( -1.492744414509147700, 0.6603999999999994300, 0.8938407424082514000 ) ) ;
#2130 = CARTESIAN_POINT ( 'NONE',  ( -0.4222431584558839500, 0.0000000000000000000, 1.481194994447877300 ) ) ;
#2131 = ADVANCED_FACE ( 'NONE', ( #93 ), #344, .F. ) ;
#2132 = VERTEX_POINT ( 'NONE', #1303 ) ;
#2133 = FACE_OUTER_BOUND ( 'NONE', #7352, .T. ) ;
#2134 = CARTESIAN_POINT ( 'NONE',  ( 2.217420000000001100, 0.6299199999999998100, 0.4952999999999996300 ) ) ;
#2135 = FILL_AREA_STYLE_COLOUR ( '', #7513 ) ;
#2136 = CARTESIAN_POINT ( 'NONE',  ( 1.535796985632882100, 1.148472323241801500, 0.3006924815356644100 ) ) ;
#2137 = PLANE ( 'NONE',  #3939 ) ;
#2138 = EDGE_CURVE ( 'NONE', #140, #1200, #7266, .T. ) ;
#2139 = CARTESIAN_POINT ( 'NONE',  ( 1.542280969116695700, 1.183243694065899200, -0.2708706052638504300 ) ) ;
#2140 = AXIS2_PLACEMENT_3D ( 'NONE', #1618, #1640, #1664 ) ;
#2141 = VECTOR ( 'NONE', #1245, 1000.000000000000000 ) ;
#2142 = DIRECTION ( 'NONE',  ( 1.000000000000000000, 0.0000000000000000000, 0.0000000000000000000 ) ) ;
#2143 = CARTESIAN_POINT ( 'NONE',  ( -0.3886199999999958000, 0.03047999999999999000, 1.480820000000000000 ) ) ;
#2144 = CARTESIAN_POINT ( 'NONE',  ( 1.569125987930860800, 1.447800000000000000, -0.04318000000000001700 ) ) ;
#2145 = CARTESIAN_POINT ( 'NONE',  ( 1.405318419487913100, 0.6299199999999999200, -1.600199999999999800 ) ) ;
#2146 = ORIENTED_EDGE ( 'NONE', *, *, #3053, .T. ) ;
#2147 = CARTESIAN_POINT ( 'NONE',  ( -1.489875705765618700, 1.432662312704499300, -0.8673807348906039700 ) ) ;
#2148 = ORIENTED_EDGE ( 'NONE', *, *, #2743, .T. ) ;
#2149 = FACE_OUTER_BOUND ( 'NONE', #1227, .T. ) ;
#2150 =( BOUNDED_CURVE ( )  B_SPLINE_CURVE ( 3, ( #3431, #4051, #4669, #981 ),
 .UNSPECIFIED., .F., .T. )
 B_SPLINE_CURVE_WITH_KNOTS ( ( 4, 4 ),
 ( 0.0000000000000000000, 1.570796326794894800 ),
 .UNSPECIFIED. )
 CURVE ( )  GEOMETRIC_REPRESENTATION_ITEM ( )  RATIONAL_B_SPLINE_CURVE ( ( 1.000000000000000000, 0.8047378541243654900, 0.8047378541243654900, 1.000000000000000000 ) )
 REPRESENTATION_ITEM ( '' )  );
#2151 = LINE ( 'NONE', #7893, #6683 ) ;
#2152 = EDGE_CURVE ( 'NONE', #982, #7823, #7463, .T. ) ;
#2153 = CARTESIAN_POINT ( 'NONE',  ( -0.7990070332319336700, 0.6730252293811317400, 1.437514331234581300 ) ) ;
#2154 = CARTESIAN_POINT ( 'NONE',  ( 0.0000000000000000000, 0.7238999999999995400, 0.0000000000000000000 ) ) ;
#2155 = EDGE_LOOP ( 'NONE', ( #5798, #1388, #5260, #3320, #3330, #2861, #1899, #3932, #1449, #5145, #5687, #848, #2499, #7058, #2640, #480, #2934 ) ) ;
#2156 = DIRECTION ( 'NONE',  ( 0.0000000000000000000, 0.0000000000000000000, -1.000000000000000000 ) ) ;
#2157 = CARTESIAN_POINT ( 'NONE',  ( -0.4190999999999957500, 0.7238999999999998800, -1.600200000000000100 ) ) ;
#2158 = VERTEX_POINT ( 'NONE', #1298 ) ;
#2159 = VECTOR ( 'NONE', #7060, 1000.000000000000000 ) ;
#2160 = ORIENTED_EDGE ( 'NONE', *, *, #978, .T. ) ;
#2161 = CARTESIAN_POINT ( 'NONE',  ( -1.479152769698708600, 0.6603999999999994300, 0.9016252293811324300 ) ) ;
#2162 = DIRECTION ( 'NONE',  ( 0.2708668550689637400, 0.0000000000000000000, -0.9626168224299058700 ) ) ;
#2163 = EDGE_LOOP ( 'NONE', ( #7491, #1512, #3288, #5815 ) ) ;
#2164 = VECTOR ( 'NONE', #6489, 1000.000000000000000 ) ;
#2165 = AXIS2_PLACEMENT_3D ( 'NONE', #7745, #3472, #992 ) ;
#2166 = DIRECTION ( 'NONE',  ( 0.0000000000000000000, 1.000000000000000000, 0.0000000000000000000 ) ) ;
#2167 = CARTESIAN_POINT ( 'NONE',  ( -1.866900000000000000, 0.5968999999999998800, -1.219199999999999800 ) ) ;
#2168 = ORIENTED_EDGE ( 'NONE', *, *, #57, .F. ) ;
#2169 = CARTESIAN_POINT ( 'NONE',  ( 1.520445815248008900, 1.034096896943872600, -0.3613324729698793600 ) ) ;
#2170 = EDGE_CURVE ( 'NONE', #6798, #2755, #910, .T. ) ;
#2171 = CARTESIAN_POINT ( 'NONE',  ( -2.374899999999999800, 0.6477747706188681200, -0.9651999999999999500 ) ) ;
#2172 = CARTESIAN_POINT ( 'NONE',  ( -0.4317252293811277800, 0.01262522938113192800, 1.600199999999999800 ) ) ;
#2173 = CARTESIAN_POINT ( 'NONE',  ( -0.2286000000000001100, 1.447800000000000000, -0.6600335521774631800 ) ) ;
#2174 = ADVANCED_FACE ( 'NONE', ( #5633 ), #7081, .T. ) ;
#2175 = CARTESIAN_POINT ( 'NONE',  ( 1.412927103711796100, 0.6572261430270023300, -1.569462638044779100 ) ) ;
#2176 = ORIENTED_EDGE ( 'NONE', *, *, #1820, .T. ) ;
#2177 = CARTESIAN_POINT ( 'NONE',  ( -1.489875705765618700, 1.426324937109718400, -0.8737781220854407000 ) ) ;
#2178 = LINE ( 'NONE', #2321, #553 ) ;
#2179 = VECTOR ( 'NONE', #5227, 1000.000000000000000 ) ;
#2180 = EDGE_LOOP ( 'NONE', ( #7092, #539, #2461, #2504 ) ) ;
#2181 = CARTESIAN_POINT ( 'NONE',  ( -1.107420532055499500, 0.6730252293811317400, 1.215927406073576700 ) ) ;
#2182 = ORIENTED_EDGE ( 'NONE', *, *, #2605, .T. ) ;
#2183 = CARTESIAN_POINT ( 'NONE',  ( -0.2067595414887411200, 0.6979650976731125400, -1.600199999999999600 ) ) ;
#2184 = VECTOR ( 'NONE', #3314, 1000.000000000000000 ) ;
#2185 = CARTESIAN_POINT ( 'NONE',  ( 2.217132737020558700, 1.353704919147110400E-006, 0.7672287482558110000 ) ) ;
#2186 = CARTESIAN_POINT ( 'NONE',  ( -1.866900000000000000, 0.6603999999999997600, -0.9347199999999997700 ) ) ;
#2187 = CIRCLE ( 'NONE', #6649, 1.600200000000000100 ) ;
#2188 = VERTEX_POINT ( 'NONE', #7535 ) ;
#2189 = CARTESIAN_POINT ( 'NONE',  ( -1.346727066632285700, 1.417319999999999700, -0.9194799999999996300 ) ) ;
#2190 = CARTESIAN_POINT ( 'NONE',  ( -1.866900000000000400, 0.6477747706188680100, 0.9652000000000003900 ) ) ;
#2191 = ORIENTED_EDGE ( 'NONE', *, *, #1520, .F. ) ;
#2192 = EDGE_CURVE ( 'NONE', #3625, #5686, #727, .T. ) ;
#2193 = DIRECTION ( 'NONE',  ( -0.0000000000000000000, -1.000000000000000000, -0.0000000000000000000 ) ) ;
#2194 = EDGE_CURVE ( 'NONE', #485, #5749, #2343, .T. ) ;
#2195 = EDGE_CURVE ( 'NONE', #6946, #4769, #3996, .T. ) ;
#2196 = LINE ( 'NONE', #3355, #394 ) ;
#2197 = LINE ( 'NONE', #828, #5276 ) ;
#2198 = ORIENTED_EDGE ( 'NONE', *, *, #4930, .F. ) ;
#2199 = DIRECTION ( 'NONE',  ( -1.000000000000000000, 0.0000000000000000000, 1.224646799147353200E-016 ) ) ;
#2200 = DIRECTION ( 'NONE',  ( 0.0000000000000000000, 1.000000000000000000, 0.0000000000000000000 ) ) ;
#2201 = ORIENTED_EDGE ( 'NONE', *, *, #2766, .T. ) ;
#2202 = CARTESIAN_POINT ( 'NONE',  ( 1.517513982362495000, 0.9984450203831510800, -0.3715369697655948600 ) ) ;
#2203 = CARTESIAN_POINT ( 'NONE',  ( 1.516380330703346500, 0.9778855377320968500, -0.3755876187038620900 ) ) ;
#2204 = FACE_OUTER_BOUND ( 'NONE', #4881, .T. ) ;
#2205 = CARTESIAN_POINT ( 'NONE',  ( -0.3886199999999959700, 0.01262522938113200600, 1.511299999999999600 ) ) ;
#2206 = CARTESIAN_POINT ( 'NONE',  ( 1.412927103711796300, 0.6573780311956918300, -1.585577996100654200 ) ) ;
#2207 = CARTESIAN_POINT ( 'NONE',  ( -1.489875705765618900, 1.417319999999999700, -0.8737781220854407000 ) ) ;
#2208 = CARTESIAN_POINT ( 'NONE',  ( -1.239088197096140100E-016, 0.7238999999999995400, -1.600199999999999800 ) ) ;
#2209 = CARTESIAN_POINT ( 'NONE',  ( -1.321554598097102400, 0.6730252293811317400, 0.9022934579439255700 ) ) ;
#2210 = CARTESIAN_POINT ( 'NONE',  ( -2.217420000000000200, 0.6299199999999998100, -1.600200000000000100 ) ) ;
#2211 = CARTESIAN_POINT ( 'NONE',  ( 1.522558634467377600, 0.6908799999999996100, 0.4929943853950228300 ) ) ;
#2212 = CARTESIAN_POINT ( 'NONE',  ( -0.2605773323775652000, 0.7238999999999983200, -1.579672279807305100 ) ) ;
#2213 = CARTESIAN_POINT ( 'NONE',  ( -2.247900000000000000, 0.6934199999999998100, 1.600200000000000100 ) ) ;
#2214 = EDGE_CURVE ( 'NONE', #6690, #7466, #2543, .T. ) ;
#2215 = CARTESIAN_POINT ( 'NONE',  ( -1.463489722546762000, 0.6603999999999994300, 0.9016252293811323200 ) ) ;
#2216 = CARTESIAN_POINT ( 'NONE',  ( 0.0000000000000000000, 4.572929130132065400, 0.0000000000000000000 ) ) ;
#2217 = ADVANCED_FACE ( 'NONE', ( #538 ), #6817, .F. ) ;
#2218 = CARTESIAN_POINT ( 'NONE',  ( 0.4190999999999963100, 0.7238999999999996500, -1.587574770618868100 ) ) ;
#2219 = VERTEX_POINT ( 'NONE', #6976 ) ;
#2220 = ORIENTED_EDGE ( 'NONE', *, *, #1829, .F. ) ;
#2221 = EDGE_CURVE ( 'NONE', #3625, #4490, #1960, .T. ) ;
#2222 = CARTESIAN_POINT ( 'NONE',  ( 2.217420000000001100, 0.6299199999999998100, -0.4953000000000003000 ) ) ;
#2223 = DIRECTION ( 'NONE',  ( 0.0000000000000000000, 0.0000000000000000000, 1.000000000000000000 ) ) ;
#2224 = CARTESIAN_POINT ( 'NONE',  ( 0.4230832267467668500, 0.0000000000000000000, 1.481204363613636500 ) ) ;
#2225 = CIRCLE ( 'NONE', #6666, 0.03048000000000004900 ) ;
#2226 = ORIENTED_EDGE ( 'NONE', *, *, #33, .T. ) ;
#2227 = AXIS2_PLACEMENT_3D ( 'NONE', #2514, #6834, #3144 ) ;
#2228 = ORIENTED_EDGE ( 'NONE', *, *, #4216, .F. ) ;
#2229 = AXIS2_PLACEMENT_3D ( 'NONE', #4097, #4063, #3985 ) ;
#2230 = CARTESIAN_POINT ( 'NONE',  ( 1.412927103711796300, 0.6460360738173055500, -1.597027355825621600 ) ) ;
#2231 = CARTESIAN_POINT ( 'NONE',  ( -1.484294868104227200, 1.442227999587952800, -0.8582852406834503600 ) ) ;
#2232 = ORIENTED_EDGE ( 'NONE', *, *, #5046, .T. ) ;
#2233 = LINE ( 'NONE', #6786, #3683 ) ;
#2234 = FACE_OUTER_BOUND ( 'NONE', #5644, .T. ) ;
#2235 = CARTESIAN_POINT ( 'NONE',  ( 1.586257729522443800, 1.277778633242106400, -0.2242766392067701300 ) ) ;
#2236 = VERTEX_POINT ( 'NONE', #6302 ) ;
#2237 = AXIS2_PLACEMENT_3D ( 'NONE', #4389, #4360, #4335 ) ;
#2238 = CARTESIAN_POINT ( 'NONE',  ( -1.654659406041013800, 0.6604000000000002100, 0.4953000000000004100 ) ) ;
#2239 = VECTOR ( 'NONE', #4247, 1000.000000000000000 ) ;
#2240 = EDGE_CURVE ( 'NONE', #4692, #4605, #3820, .T. ) ;
#2241 = CARTESIAN_POINT ( 'NONE',  ( -1.489779957083530600, 0.6730252293811313000, 0.8739425149700601500 ) ) ;
#2242 = CARTESIAN_POINT ( 'NONE',  ( 0.0000000000000000000, 0.6299199999999998100, -1.569720000000000000 ) ) ;
#2243 = ORIENTED_EDGE ( 'NONE', *, *, #1886, .F. ) ;
#2244 = CIRCLE ( 'NONE', #4568, 0.03048000000000004900 ) ;
#2245 = VECTOR ( 'NONE', #5768, 1000.000000000000000 ) ;
#2246 = DIRECTION ( 'NONE',  ( 0.0000000000000000000, 0.0000000000000000000, -1.000000000000000000 ) ) ;
#2247 = EDGE_CURVE ( 'NONE', #729, #2755, #5241, .T. ) ;
#2248 = ORIENTED_EDGE ( 'NONE', *, *, #265, .F. ) ;
#2249 = CARTESIAN_POINT ( 'NONE',  ( 0.4416971632238546600, 0.6603999999999997600, -1.569720000000000000 ) ) ;
#2250 = ORIENTED_EDGE ( 'NONE', *, *, #4263, .F. ) ;
#2251 = VECTOR ( 'NONE', #5895, 1000.000000000000000 ) ;
#2252 = ORIENTED_EDGE ( 'NONE', *, *, #961, .F. ) ;
#2253 = CARTESIAN_POINT ( 'NONE',  ( 0.2285999999999995800, 1.423813309519346100, 0.6868575179758901200 ) ) ;
#2254 = CARTESIAN_POINT ( 'NONE',  ( 1.390439482815922100E-016, 1.447800000000000000, 1.135380000000000100 ) ) ;
#2255 = ADVANCED_FACE ( 'NONE', ( #5063 ), #1733, .T. ) ;
#2256 = CARTESIAN_POINT ( 'NONE',  ( -1.484294868104227200, 1.442366548281534400, -0.8729852783789435700 ) ) ;
#2257 = DIRECTION ( 'NONE',  ( 0.0000000000000000000, -1.000000000000000000, 0.0000000000000000000 ) ) ;
#2258 = ORIENTED_EDGE ( 'NONE', *, *, #6893, .T. ) ;
#2259 = VERTEX_POINT ( 'NONE', #4341 ) ;
#2260 = CIRCLE ( 'NONE', #5948, 0.03047999999999999300 ) ;
#2261 = EDGE_CURVE ( 'NONE', #3231, #7050, #3419, .T. ) ;
#2262 = DIRECTION ( 'NONE',  ( 0.0000000000000000000, 1.000000000000000000, 0.0000000000000000000 ) ) ;
#2263 = ORIENTED_EDGE ( 'NONE', *, *, #6477, .T. ) ;
#2264 = ORIENTED_EDGE ( 'NONE', *, *, #1009, .F. ) ;
#2265 = CARTESIAN_POINT ( 'NONE',  ( -1.336377825953577500, 0.6602318187484320600, 0.9017795780245259100 ) ) ;
#2266 = EDGE_LOOP ( 'NONE', ( #2198, #2263, #3823, #1974 ) ) ;
#2267 = LINE ( 'NONE', #6622, #646 ) ;
#2268 = CARTESIAN_POINT ( 'NONE',  ( -1.484175913614888700, 0.6730252293811314100, 0.8834955364734180500 ) ) ;
#2269 =( BOUNDED_SURFACE ( )  B_SPLINE_SURFACE ( 3, 3, (
 ( #3373, #332, #6468, #2788 ),
 ( #7094, #3403, #7698, #4026 ),
 ( #359, #4638, #953, #5254 ),
 ( #1566, #5878, #2185, #6496 ) ),
 .UNSPECIFIED., .F., .F., .F. )
 B_SPLINE_SURFACE_WITH_KNOTS ( ( 4, 4 ),
 ( 4, 4 ),
 ( 0.0000000000000000000, 1.000000000000000000 ),
 ( 0.0000000000000000000, 1.000000000000000000 ),
 .UNSPECIFIED. )
 GEOMETRIC_REPRESENTATION_ITEM ( )  RATIONAL_B_SPLINE_SURFACE ( (
 ( 1.000000000000000000, 0.8047378541234059300, 0.8047378541234059300, 1.000000000000000000),
 ( 0.8025111867385936700, 0.6458111303260437600, 0.6458111303260437600, 0.8025111867385936700),
 ( 0.8025111867385936700, 0.6458111303260437600, 0.6458111303260437600, 0.8025111867385936700),
 ( 1.000000000000000000, 0.8047378541234059300, 0.8047378541234059300, 1.000000000000000000) ) )
 REPRESENTATION_ITEM ( '' )  SURFACE ( )  );
#2270 = ORIENTED_EDGE ( 'NONE', *, *, #4028, .F. ) ;
#2271 = DIRECTION ( 'NONE',  ( 0.0000000000000000000, 1.000000000000000000, -0.0000000000000000000 ) ) ;
#2272 = DIRECTION ( 'NONE',  ( -1.000000000000000000, 0.0000000000000000000, 0.0000000000000000000 ) ) ;
#2273 = VERTEX_POINT ( 'NONE', #3942 ) ;
#2274 = AXIS2_PLACEMENT_3D ( 'NONE', #5900, #7036, #7009 ) ;
#2275 = DIRECTION ( 'NONE',  ( 1.000000000000000000, -0.0000000000000000000, 0.0000000000000000000 ) ) ;
#2276 = LINE ( 'NONE', #399, #2080 ) ;
#2277 = EDGE_CURVE ( 'NONE', #1795, #4396, #3612, .T. ) ;
#2278 = FACE_OUTER_BOUND ( 'NONE', #2545, .T. ) ;
#2279 = CARTESIAN_POINT ( 'NONE',  ( -1.327240442169626700, 0.6651181591866595100, -0.9046016145741829800 ) ) ;
#2280 = EDGE_CURVE ( 'NONE', #3409, #6696, #1765, .T. ) ;
#2281 = CARTESIAN_POINT ( 'NONE',  ( -0.3886199999999958000, 0.05842000000000000000, -1.511300000000000300 ) ) ;
#2282 = EDGE_LOOP ( 'NONE', ( #4923, #6295, #3169, #6096 ) ) ;
#2283 = EDGE_LOOP ( 'NONE', ( #7538, #7783, #7346, #4759 ) ) ;
#2284 = COLOUR_RGB ( '',0.7921568627450980000, 0.8196078431372548800, 0.9333333333333333500 ) ;
#2285 = CYLINDRICAL_SURFACE ( 'NONE', #1845, 0.03048000000000004900 ) ;
#2286 = DIRECTION ( 'NONE',  ( 0.0000000000000000000, 0.0000000000000000000, -1.000000000000000000 ) ) ;
#2287 = ORIENTED_EDGE ( 'NONE', *, *, #6479, .T. ) ;
#2288 = CARTESIAN_POINT ( 'NONE',  ( -0.4495799999999958700, 0.6603999999999998800, -1.600200000000000100 ) ) ;
#2289 = FACE_OUTER_BOUND ( 'NONE', #4871, .T. ) ;
#2290 = CARTESIAN_POINT ( 'NONE',  ( -2.217420000000000200, 0.03048000000000004900, 1.600200000000000100 ) ) ;
#2291 = ORIENTED_EDGE ( 'NONE', *, *, #4724, .F. ) ;
#2292 = CARTESIAN_POINT ( 'NONE',  ( -1.474565169401947900, 0.6730252293811314100, 0.8890000000000000100 ) ) ;
#2293 = ADVANCED_FACE ( 'NONE', ( #1583 ), #4022, .T. ) ;
#2294 = CARTESIAN_POINT ( 'NONE',  ( 0.4190999999999960900, 0.6607081252762645500, -1.569720000285298000 ) ) ;
#2295 = ORIENTED_EDGE ( 'NONE', *, *, #4057, .T. ) ;
#2296 = EDGE_CURVE ( 'NONE', #6300, #4148, #4666, .T. ) ;
#2297 = AXIS2_PLACEMENT_3D ( 'NONE', #1521, #1544, #1574 ) ;
#2298 = EDGE_CURVE ( 'NONE', #5077, #2363, #5461, .T. ) ;
#2299 = CARTESIAN_POINT ( 'NONE',  ( -1.346727066632285500, 1.447799999999999800, -0.8585199999999997300 ) ) ;
#2300 = CARTESIAN_POINT ( 'NONE',  ( -1.489779957083530600, 0.6730252293811316300, 0.8739425149700600400 ) ) ;
#2301 = CARTESIAN_POINT ( 'NONE',  ( 0.8995866265487595400, 1.447799999999999800, -1.569720000000000000 ) ) ;
#2302 = ORIENTED_EDGE ( 'NONE', *, *, #5959, .T. ) ;
#2303 = VERTEX_POINT ( 'NONE', #1958 ) ;
#2304 = CARTESIAN_POINT ( 'NONE',  ( -1.321554598097102200, 0.6908799999999997200, 0.9022934579439255700 ) ) ;
#2305 = CARTESIAN_POINT ( 'NONE',  ( -0.4109758215994452300, 0.6905574796038386200, -1.546524786112622100 ) ) ;
#2306 = CARTESIAN_POINT ( 'NONE',  ( 1.572260000000000900, 0.1117600000000006900, -0.4953000000000003000 ) ) ;
#2307 = VERTEX_POINT ( 'NONE', #2009 ) ;
#2308 = EDGE_LOOP ( 'NONE', ( #2547, #7555, #1686, #4385, #3245, #3194, #1999 ) ) ;
#2309 = AXIS2_PLACEMENT_3D ( 'NONE', #2242, #5936, #2872 ) ;
#2310 = CARTESIAN_POINT ( 'NONE',  ( 0.0000000000000000000, 0.7238999999999998800, 0.0000000000000000000 ) ) ;
#2311 = CARTESIAN_POINT ( 'NONE',  ( -1.463489722546762000, 0.6730252293811313000, 0.8890000000000003500 ) ) ;
#2312 = CARTESIAN_POINT ( 'NONE',  ( 2.217420000000001100, 0.6603999999999997600, 0.5079252293811314900 ) ) ;
#2313 = CIRCLE ( 'NONE', #5211, 0.03047999999999999300 ) ;
#2314 = EDGE_CURVE ( 'NONE', #3300, #1795, #6113, .T. ) ;
#2315 = ORIENTED_EDGE ( 'NONE', *, *, #4819, .F. ) ;
#2316 = CARTESIAN_POINT ( 'NONE',  ( 0.9691505487763852900, 0.6603999999999995400, -1.421302024736022200 ) ) ;
#2317 = VECTOR ( 'NONE', #284, 1000.000000000000000 ) ;
#2318 = CARTESIAN_POINT ( 'NONE',  ( -1.686450975391813800, 0.6603999999999996500, 0.4952999999999997400 ) ) ;
#2319 = DIRECTION ( 'NONE',  ( -1.000000000000000000, 0.0000000000000000000, -0.0000000000000000000 ) ) ;
#2320 = ADVANCED_FACE ( 'NONE', ( #6305 ), #1190, .F. ) ;
#2321 = CARTESIAN_POINT ( 'NONE',  ( 0.4190999999999957500, 0.08890000000000000700, 1.569720000000000000 ) ) ;
#2322 = LINE ( 'NONE', #4321, #5225 ) ;
#2323 = CARTESIAN_POINT ( 'NONE',  ( 2.217420000000001100, 0.6299199999999998100, -0.5257800000000003600 ) ) ;
#2324 = FILL_AREA_STYLE_COLOUR ( '', #2284 ) ;
#2325 = CARTESIAN_POINT ( 'NONE',  ( 0.4189406101714019400, 0.6602406101789698400, -1.572833036899878000 ) ) ;
#2326 = DIRECTION ( 'NONE',  ( 0.0000000000000000000, -1.000000000000000000, 1.454732309464923200E-015 ) ) ;
#2327 = CARTESIAN_POINT ( 'NONE',  ( 0.0000000000000000000, 1.288650937169677500, 0.0000000000000000000 ) ) ;
#2328 = ORIENTED_EDGE ( 'NONE', *, *, #5407, .F. ) ;
#2329 = AXIS2_PLACEMENT_3D ( 'NONE', #426, #401, #372 ) ;
#2330 = ORIENTED_EDGE ( 'NONE', *, *, #4368, .F. ) ;
#2331 = EDGE_CURVE ( 'NONE', #7466, #7050, #7742, .T. ) ;
#2332 = DIRECTION ( 'NONE',  ( 1.094490382077028800E-016, -0.0000000000000000000, -1.000000000000000000 ) ) ;
#2333 = CYLINDRICAL_SURFACE ( 'NONE', #2658, 0.03048000000000004900 ) ;
#2334 = EDGE_CURVE ( 'NONE', #5484, #5538, #3031, .T. ) ;
#2335 = EDGE_CURVE ( 'NONE', #7116, #683, #1390, .T. ) ;
#2336 = FACE_OUTER_BOUND ( 'NONE', #1020, .T. ) ;
#2337 = CARTESIAN_POINT ( 'NONE',  ( 0.4172616706710315900, 0.6585616706710356600, 1.589185708514590600 ) ) ;
#2338 = CARTESIAN_POINT ( 'NONE',  ( -0.4190999999999958100, 0.03047999999999999300, 1.569720000000000200 ) ) ;
#2339 = CARTESIAN_POINT ( 'NONE',  ( -0.4190999999999958600, 0.08889999999999995100, 1.587574770618868100 ) ) ;
#2340 = ORIENTED_EDGE ( 'NONE', *, *, #3860, .F. ) ;
#2341 = CARTESIAN_POINT ( 'NONE',  ( -0.2285999999996936900, 1.447268194321806600, -0.6663500704832224800 ) ) ;
#2342 = ORIENTED_EDGE ( 'NONE', *, *, #7809, .F. ) ;
#2343 = LINE ( 'NONE', #686, #5431 ) ;
#2344 = VERTEX_POINT ( 'NONE', #1405 ) ;
#2345 = ORIENTED_EDGE ( 'NONE', *, *, #295, .T. ) ;
#2346 = CARTESIAN_POINT ( 'NONE',  ( -1.346727066632285300, 1.417319999999999900, 0.8585200000000001700 ) ) ;
#2347 = DIRECTION ( 'NONE',  ( 0.0000000000000000000, 0.0000000000000000000, -1.000000000000000000 ) ) ;
#2348 = ORIENTED_EDGE ( 'NONE', *, *, #441, .F. ) ;
#2349 = CARTESIAN_POINT ( 'NONE',  ( 0.2285999999999999700, 1.447800000000000000, -0.6600335521774631800 ) ) ;
#2350 = ORIENTED_EDGE ( 'NONE', *, *, #2393, .T. ) ;
#2351 = CARTESIAN_POINT ( 'NONE',  ( 0.0000000000000000000, 0.6603999999999998800, 0.0000000000000000000 ) ) ;
#2352 = CARTESIAN_POINT ( 'NONE',  ( 0.0000000000000000000, 1.435174770618868000, -1.600200000000000100 ) ) ;
#2353 = EDGE_CURVE ( 'NONE', #7563, #3803, #2845, .T. ) ;
#2354 = CARTESIAN_POINT ( 'NONE',  ( 2.247900000000000000, 0.6603999999999998800, 0.4952999999999996300 ) ) ;
#2355 = AXIS2_PLACEMENT_3D ( 'NONE', #2735, #7044, #3354 ) ;
#2356 = FILL_AREA_STYLE ('',( #2324 ) ) ;
#2357 = CARTESIAN_POINT ( 'NONE',  ( -0.3886199999999958000, 0.05842000000000000000, 1.511300000000000100 ) ) ;
#2358 = ORIENTED_EDGE ( 'NONE', *, *, #856, .T. ) ;
#2359 = DIRECTION ( 'NONE',  ( 1.000000000000000000, 0.0000000000000000000, 0.0000000000000000000 ) ) ;
#2360 = FACE_OUTER_BOUND ( 'NONE', #7327, .T. ) ;
#2361 = CARTESIAN_POINT ( 'NONE',  ( -0.4190999999999958100, 0.08889999999999999300, 1.541780000000000200 ) ) ;
#2362 = CIRCLE ( 'NONE', #4959, 0.03048000000000014900 ) ;
#2363 = VERTEX_POINT ( 'NONE', #377 ) ;
#2364 = EDGE_CURVE ( 'NONE', #673, #3417, #5918, .T. ) ;
#2365 = CARTESIAN_POINT ( 'NONE',  ( 0.4334411414813528200, 0.6908799999999996100, 1.540379439252336200 ) ) ;
#2366 = CARTESIAN_POINT ( 'NONE',  ( -1.489779957083530600, 0.6908799999999996100, 0.8739425149700600400 ) ) ;
#2367 = ADVANCED_FACE ( 'NONE', ( #1007 ), #278, .F. ) ;
#2368 = ORIENTED_EDGE ( 'NONE', *, *, #6141, .T. ) ;
#2369 = CYLINDRICAL_SURFACE ( 'NONE', #7361, 0.02540000000000000900 ) ;
#2370 = CARTESIAN_POINT ( 'NONE',  ( -0.2286000000000001100, 1.422400000000000800, -0.6868575179758900100 ) ) ;
#2371 = CARTESIAN_POINT ( 'NONE',  ( -0.3886199999999958000, 0.08890000000000000700, -1.541780000000000400 ) ) ;
#2372 = DIRECTION ( 'NONE',  ( 0.0000000000000000000, 0.0000000000000000000, 1.000000000000000000 ) ) ;
#2373 = CARTESIAN_POINT ( 'NONE',  ( 1.409700000000008600, 0.6603999999999998800, -1.600200000000000100 ) ) ;
#2374 = ORIENTED_EDGE ( 'NONE', *, *, #6067, .F. ) ;
#2375 = AXIS2_PLACEMENT_3D ( 'NONE', #6642, #6992, #6932 ) ;
#2376 = CARTESIAN_POINT ( 'NONE',  ( 1.397074770618876900, 0.03048000000000004900, -1.569720000000000000 ) ) ;
#2377 = ORIENTED_EDGE ( 'NONE', *, *, #7134, .F. ) ;
#2378 = CARTESIAN_POINT ( 'NONE',  ( -0.4190999999999958600, 0.03047999999999999000, 1.600200000000000100 ) ) ;
#2379 = LINE ( 'NONE', #2109, #3850 ) ;
#2380 = LINE ( 'NONE', #5678, #759 ) ;
#2381 = ORIENTED_EDGE ( 'NONE', *, *, #3022, .T. ) ;
#2382 = CARTESIAN_POINT ( 'NONE',  ( -1.460500000000000400, 0.6603999999999998800, 0.4952999999999998500 ) ) ;
#2383 = ORIENTED_EDGE ( 'NONE', *, *, #2878, .F. ) ;
#2384 = DIRECTION ( 'NONE',  ( 0.0000000000000000000, -0.0000000000000000000, -1.000000000000000000 ) ) ;
#2385 = AXIS2_PLACEMENT_3D ( 'NONE', #6225, #5680, #5657 ) ;
#2386 = EDGE_CURVE ( 'NONE', #3476, #7380, #4285, .T. ) ;
#2387 = FACE_OUTER_BOUND ( 'NONE', #4686, .T. ) ;
#2388 = DIRECTION ( 'NONE',  ( 0.0000000000000000000, -1.000000000000000000, 0.0000000000000000000 ) ) ;
#2389 = DIRECTION ( 'NONE',  ( 0.0000000000000000000, 0.0000000000000000000, -1.000000000000000000 ) ) ;
#2390 = CARTESIAN_POINT ( 'NONE',  ( -0.4189406101714015500, 0.6602406101789698400, 1.572833036899878000 ) ) ;
#2391 = B_SPLINE_CURVE_WITH_KNOTS ( 'NONE', 3,
 ( #3267, #6953, #4509, #817, #5130, #1440, #5737, #2041 ),
 .UNSPECIFIED., .F., .F.,
 ( 4, 2, 2, 4 ),
 ( 0.0000000000000000000, 0.2500000000000000000, 0.5000000000000000000, 1.000000000000000000 ),
 .UNSPECIFIED. ) ;
#2392 = CARTESIAN_POINT ( 'NONE',  ( 1.460500000000000400, 1.130299999999999900, 0.4952999999999996300 ) ) ;
#2393 = EDGE_CURVE ( 'NONE', #6513, #4373, #2436, .T. ) ;
#2394 = AXIS2_PLACEMENT_3D ( 'NONE', #207, #5106, #5766 ) ;
#2395 = CARTESIAN_POINT ( 'NONE',  ( -1.866900000000000000, 0.6477747706188679000, -0.9651999999999996100 ) ) ;
#2396 = DIRECTION ( 'NONE',  ( 0.0000000000000000000, 0.0000000000000000000, -1.000000000000000000 ) ) ;
#2397 = CARTESIAN_POINT ( 'NONE',  ( 0.4190999999999958100, 0.7238999999999998800, 1.569720000000000000 ) ) ;
#2398 = CARTESIAN_POINT ( 'NONE',  ( 0.4495799999999963200, 0.03048000000000003500, -1.600200000000000100 ) ) ;
#2399 = CARTESIAN_POINT ( 'NONE',  ( -2.217420000000000200, 0.6603999999999997600, 1.569719999999999800 ) ) ;
#2400 = ORIENTED_EDGE ( 'NONE', *, *, #3178, .T. ) ;
#2401 = ORIENTED_EDGE ( 'NONE', *, *, #5866, .T. ) ;
#2402 = AXIS2_PLACEMENT_3D ( 'NONE', #2476, #6792, #3106 ) ;
#2403 = CARTESIAN_POINT ( 'NONE',  ( -1.463489722546762000, 1.417319999999999200, 0.8890000000000002300 ) ) ;
#2404 = EDGE_CURVE ( 'NONE', #2571, #5975, #4092, .T. ) ;
#2405 = ADVANCED_FACE ( 'NONE', ( #5526 ), #7732, .T. ) ;
#2406 = PLANE ( 'NONE',  #6543 ) ;
#2407 = FACE_OUTER_BOUND ( 'NONE', #3848, .T. ) ;
#2408 = DIRECTION ( 'NONE',  ( -0.0000000000000000000, -1.000000000000000000, -0.0000000000000000000 ) ) ;
#2409 = CARTESIAN_POINT ( 'NONE',  ( 0.2285999999970381400, 1.426623517482866800, 0.6864848327881287700 ) ) ;
#2410 = CARTESIAN_POINT ( 'NONE',  ( 0.4190999999999962500, 0.7238999999999998800, -1.569720000000000000 ) ) ;
#2411 = EDGE_LOOP ( 'NONE', ( #3088, #5498, #2445, #7525, #85, #36 ) ) ;
#2412 = DIRECTION ( 'NONE',  ( 0.0000000000000000000, 0.0000000000000000000, -1.000000000000000000 ) ) ;
#2413 = CIRCLE ( 'NONE', #7027, 1.600200000000000100 ) ;
#2414 = CARTESIAN_POINT ( 'NONE',  ( 0.0000000000000000000, 0.7238999999999995400, 0.0000000000000000000 ) ) ;
#2415 = LINE ( 'NONE', #846, #4266 ) ;
#2416 = CARTESIAN_POINT ( 'NONE',  ( 1.460500000000000100, 0.6603999999999998800, -0.4953000000000003000 ) ) ;
#2417 = CARTESIAN_POINT ( 'NONE',  ( -0.3886199999999956900, 0.6299199999999998100, -1.600200000000000100 ) ) ;
#2418 = EDGE_LOOP ( 'NONE', ( #7105, #2113 ) ) ;
#2419 = CARTESIAN_POINT ( 'NONE',  ( 1.516380000000000500, 1.130299999999999900, 0.4952999999999996300 ) ) ;
#2420 = FACE_OUTER_BOUND ( 'NONE', #4721, .T. ) ;
#2421 = CARTESIAN_POINT ( 'NONE',  ( -0.4191000000037261600, 0.6809261978362933800, 1.546023520227992800 ) ) ;
#2422 = EDGE_CURVE ( 'NONE', #3803, #1304, #6979, .T. ) ;
#2423 = CARTESIAN_POINT ( 'NONE',  ( -2.247900000000000000, 0.03048000000000000700, -1.569720000000000200 ) ) ;
#2424 = CARTESIAN_POINT ( 'NONE',  ( -1.866900000000000000, 0.6095999999999999200, -1.219199999999999800 ) ) ;
#2425 = ORIENTED_EDGE ( 'NONE', *, *, #1214, .F. ) ;
#2426 = CARTESIAN_POINT ( 'NONE',  ( 1.543590831146648200, 0.6603999999999997600, -0.5257800000000004700 ) ) ;
#2427 = CARTESIAN_POINT ( 'NONE',  ( -2.247900000000000000, 0.6299199999999997000, 1.569719999999999300 ) ) ;
#2428 = CIRCLE ( 'NONE', #2491, 1.104900000000000000 ) ;
#2429 = CARTESIAN_POINT ( 'NONE',  ( 0.0000000000000000000, 1.288650937169962800, 1.104899999917760700 ) ) ;
#2430 = DIRECTION ( 'NONE',  ( -0.0000000000000000000, -0.0000000000000000000, -1.000000000000000000 ) ) ;
#2431 = LINE ( 'NONE', #5688, #5710 ) ;
#2432 = ADVANCED_FACE ( 'NONE', ( #811 ), #5840, .F. ) ;
#2433 = ORIENTED_EDGE ( 'NONE', *, *, #3201, .T. ) ;
#2434 = ORIENTED_EDGE ( 'NONE', *, *, #1372, .T. ) ;
#2435 = CARTESIAN_POINT ( 'NONE',  ( 2.247900000000001300, 0.6299199999999999200, -0.5257800000000004700 ) ) ;
#2436 = LINE ( 'NONE', #204, #7170 ) ;
#2437 = ORIENTED_EDGE ( 'NONE', *, *, #3858, .T. ) ;
#2438 = CARTESIAN_POINT ( 'NONE',  ( 1.412927103711796100, 0.6299199999999999200, -1.597027355825621600 ) ) ;
#2439 = STYLED_ITEM ( 'NONE', ( #5571 ), #3559 ) ;
#2440 = EDGE_CURVE ( 'NONE', #6900, #5098, #6101, .T. ) ;
#2441 = DIRECTION ( 'NONE',  ( 0.0000000000000000000, 0.0000000000000000000, -1.000000000000000000 ) ) ;
#2442 = ORIENTED_EDGE ( 'NONE', *, *, #5093, .T. ) ;
#2443 = AXIS2_PLACEMENT_3D ( 'NONE', #3128, #1693, #1983 ) ;
#2444 = EDGE_CURVE ( 'NONE', #4544, #4470, #2048, .T. ) ;
#2445 = ORIENTED_EDGE ( 'NONE', *, *, #5389, .F. ) ;
#2446 = CYLINDRICAL_SURFACE ( 'NONE', #6357, 0.03048000000000004900 ) ;
#2447 = CARTESIAN_POINT ( 'NONE',  ( -2.247900000000000900, 0.1117600000000006900, -0.4953000000000003000 ) ) ;
#2448 = ORIENTED_EDGE ( 'NONE', *, *, #5693, .F. ) ;
#2449 = ADVANCED_FACE ( 'NONE', ( #5334 ), #5146, .T. ) ;
#2450 = ORIENTED_EDGE ( 'NONE', *, *, #448, .T. ) ;
#2451 = DIRECTION ( 'NONE',  ( -0.0000000000000000000, -1.000000000000000000, 0.0000000000000000000 ) ) ;
#2452 = DIRECTION ( 'NONE',  ( 0.0000000000000000000, -1.000000000000000000, 0.0000000000000000000 ) ) ;
#2453 = ORIENTED_EDGE ( 'NONE', *, *, #6805, .F. ) ;
#2454 = PLANE ( 'NONE',  #2727 ) ;
#2455 = CARTESIAN_POINT ( 'NONE',  ( -0.2285999999999998600, 1.257300000000000300, -0.6868575179758900100 ) ) ;
#2456 = EDGE_LOOP ( 'NONE', ( #5522, #760, #2853, #2752 ) ) ;
#2457 = CARTESIAN_POINT ( 'NONE',  ( 1.527895867965460600, 1.111339308067371700, 0.3404678286638571100 ) ) ;
#2458 = DIRECTION ( 'NONE',  ( -0.0000000000000000000, -1.000000000000000000, -0.0000000000000000000 ) ) ;
#2459 = CARTESIAN_POINT ( 'NONE',  ( -0.4495799999999958700, 0.03047999999999999000, 1.569720000000000000 ) ) ;
#2460 = PLANE ( 'NONE',  #5666 ) ;
#2461 = ORIENTED_EDGE ( 'NONE', *, *, #684, .F. ) ;
#2462 = LINE ( 'NONE', #7695, #5362 ) ;
#2463 = CARTESIAN_POINT ( 'NONE',  ( 1.155700000000000400, 0.0000000000000000000, 0.4952999999999996300 ) ) ;
#2464 = LINE ( 'NONE', #3519, #655 ) ;
#2465 = VERTEX_POINT ( 'NONE', #5099 ) ;
#2466 = EDGE_CURVE ( 'NONE', #4373, #3839, #3709, .T. ) ;
#2467 = AXIS2_PLACEMENT_3D ( 'NONE', #2043, #6364, #2683 ) ;
#2468 = CARTESIAN_POINT ( 'NONE',  ( 1.418728709932698800, 0.6513698587651367600, -1.569517833857914500 ) ) ;
#2469 = CARTESIAN_POINT ( 'NONE',  ( -0.2286000000000001100, 1.422400000000000800, -0.6868575179758900100 ) ) ;
#2470 =( NAMED_UNIT ( * ) SI_UNIT ( $, .STERADIAN. ) SOLID_ANGLE_UNIT ( ) );
#2471 = ORIENTED_EDGE ( 'NONE', *, *, #3305, .T. ) ;
#2472 = ORIENTED_EDGE ( 'NONE', *, *, #2298, .F. ) ;
#2473 = DIRECTION ( 'NONE',  ( 0.0000000000000000000, 0.0000000000000000000, 1.000000000000000000 ) ) ;
#2474 = FACE_OUTER_BOUND ( 'NONE', #1432, .T. ) ;
#2475 = EDGE_CURVE ( 'NONE', #270, #7116, #6782, .T. ) ;
#2476 = CARTESIAN_POINT ( 'NONE',  ( -1.463489722546762000, 1.417319999999999900, 0.8585200000000001700 ) ) ;
#2477 = ORIENTED_EDGE ( 'NONE', *, *, #265, .T. ) ;
#2478 = DIRECTION ( 'NONE',  ( 1.000000000000000000, 0.0000000000000000000, 0.0000000000000000000 ) ) ;
#2479 = ADVANCED_FACE ( 'NONE', ( #1865 ), #4668, .T. ) ;
#2480 =( NAMED_UNIT ( * ) PLANE_ANGLE_UNIT ( ) SI_UNIT ( $, .RADIAN. ) );
#2481 = CIRCLE ( 'NONE', #2028, 0.03048000000000004900 ) ;
#2482 = CARTESIAN_POINT ( 'NONE',  ( -0.3108362295486161200, 0.6934199999999997000, 1.600200000000000100 ) ) ;
#2483 = CARTESIAN_POINT ( 'NONE',  ( -1.346727066632285300, 0.6603999999999997600, 0.9194800000000003000 ) ) ;
#2484 = CYLINDRICAL_SURFACE ( 'NONE', #3275, 0.05588000000000055400 ) ;
#2485 = ORIENTED_EDGE ( 'NONE', *, *, #380, .T. ) ;
#2486 = CARTESIAN_POINT ( 'NONE',  ( -0.3886199999999956900, 0.6934199999999998100, 1.600200000000000100 ) ) ;
#2487 = CARTESIAN_POINT ( 'NONE',  ( 0.0000000000000000000, 1.447800000000000000, 0.04317999999999998900 ) ) ;
#2488 = CARTESIAN_POINT ( 'NONE',  ( 0.4064747706188637800, 0.07627477061886808700, 1.511300000000000100 ) ) ;
#2489 = ADVANCED_FACE ( 'NONE', ( #453 ), #3180, .F. ) ;
#2490 = CARTESIAN_POINT ( 'NONE',  ( 0.4190999999999958100, 0.08890000000000002100, 1.541780000000000200 ) ) ;
#2491 = AXIS2_PLACEMENT_3D ( 'NONE', #6077, #5968, #5890 ) ;
#2492 = DIRECTION ( 'NONE',  ( -1.000000000000000000, 0.0000000000000000000, 0.0000000000000000000 ) ) ;
#2493 = EDGE_CURVE ( 'NONE', #7417, #4532, #1670, .T. ) ;
#2494 = CARTESIAN_POINT ( 'NONE',  ( 1.418728709932698600, 0.6514891718355788600, -1.582176968980231200 ) ) ;
#2495 = CARTESIAN_POINT ( 'NONE',  ( -0.4190999999999958600, 0.01262522938113193300, -1.541780000000000200 ) ) ;
#2496 = DIRECTION ( 'NONE',  ( 1.000000000000000000, 0.0000000000000000000, 0.0000000000000000000 ) ) ;
#2497 = ORIENTED_EDGE ( 'NONE', *, *, #6288, .F. ) ;
#2498 = DIRECTION ( 'NONE',  ( 0.0000000000000000000, 0.0000000000000000000, -1.000000000000000000 ) ) ;
#2499 = ORIENTED_EDGE ( 'NONE', *, *, #2138, .T. ) ;
#2500 = ORIENTED_EDGE ( 'NONE', *, *, #3641, .F. ) ;
#2501 = DIRECTION ( 'NONE',  ( 0.0000000000000000000, 0.0000000000000000000, 1.000000000000000000 ) ) ;
#2502 = FACE_OUTER_BOUND ( 'NONE', #1753, .T. ) ;
#2503 = CARTESIAN_POINT ( 'NONE',  ( -0.4190999999999958100, 0.6614822826333334200, -1.565844687864544900 ) ) ;
#2504 = ORIENTED_EDGE ( 'NONE', *, *, #5471, .T. ) ;
#2505 = EDGE_LOOP ( 'NONE', ( #6790, #5310, #1092, #1414 ) ) ;
#2506 = CARTESIAN_POINT ( 'NONE',  ( -1.654659406041013600, 0.6908799999999996100, -0.4953000000000001800 ) ) ;
#2507 = CARTESIAN_POINT ( 'NONE',  ( 1.135377403377521500, 1.447799999999999800, 0.002428229749612147600 ) ) ;
#2508 =( BOUNDED_SURFACE ( )  B_SPLINE_SURFACE ( 3, 3, (
 ( #913, #2774, #4015, #348 ),
 ( #4625, #942, #5244, #1554 ),
 ( #5869, #2171, #6486, #2803 ),
 ( #7112, #3421, #7717, #4041 ) ),
 .UNSPECIFIED., .F., .F., .F. )
 B_SPLINE_SURFACE_WITH_KNOTS ( ( 4, 4 ),
 ( 4, 4 ),
 ( 0.0000000000000000000, 1.000000000000000000 ),
 ( 0.0000000000000000000, 1.000000000000000000 ),
 .UNSPECIFIED. )
 GEOMETRIC_REPRESENTATION_ITEM ( )  RATIONAL_B_SPLINE_SURFACE ( (
 ( 1.000000000000000000, 0.3333333333333332000, 0.3333333333333332000, 1.000000000000000000),
 ( 0.8047378541243617200, 0.2682459513747871300, 0.2682459513747871300, 0.8047378541243617200),
 ( 0.8047378541243617200, 0.2682459513747871300, 0.2682459513747871300, 0.8047378541243617200),
 ( 1.000000000000000000, 0.3333333333333332000, 0.3333333333333332000, 1.000000000000000000) ) )
 REPRESENTATION_ITEM ( '' )  SURFACE ( )  );
#2509 = LINE ( 'NONE', #5754, #1266 ) ;
#2510 = CARTESIAN_POINT ( 'NONE',  ( 0.0000000000000000000, 0.7238999999999998800, 0.0000000000000000000 ) ) ;
#2511 = COLOUR_RGB ( '',1.000000000000000000, 0.8117647058823529400, 0.5019607843137254800 ) ;
#2512 = CARTESIAN_POINT ( 'NONE',  ( -1.321554598097102400, 7.512325129353056000, 0.9022934579439255700 ) ) ;
#2513 = DIRECTION ( 'NONE',  ( 0.0000000000000000000, -1.000000000000000000, -0.0000000000000000000 ) ) ;
#2514 = CARTESIAN_POINT ( 'NONE',  ( -2.217420000000000200, 0.03048000000000004900, -1.569719999999999800 ) ) ;
#2515 = EDGE_CURVE ( 'NONE', #5563, #1863, #3319, .T. ) ;
#2516 = AXIS2_PLACEMENT_3D ( 'NONE', #3087, #4332, #68 ) ;
#2517 = ORIENTED_EDGE ( 'NONE', *, *, #3594, .T. ) ;
#2518 = CARTESIAN_POINT ( 'NONE',  ( -1.516380000000000500, 0.6603999999999998800, 0.4952999999999996300 ) ) ;
#2519 = ORIENTED_EDGE ( 'NONE', *, *, #3726, .F. ) ;
#2520 = LINE ( 'NONE', #7620, #2317 ) ;
#2521 = CARTESIAN_POINT ( 'NONE',  ( -2.247900000000000500, 0.03048000000000004900, 0.5257799999999995800 ) ) ;
#2522 = CARTESIAN_POINT ( 'NONE',  ( 2.247900000000000900, 0.6299199999999998100, 0.7493747706188679200 ) ) ;
#2523 = CARTESIAN_POINT ( 'NONE',  ( 0.2067595414895536400, 0.6979650976761588900, 1.600200000000000700 ) ) ;
#2524 = CARTESIAN_POINT ( 'NONE',  ( -1.572260000000000900, 0.05588000000000031800, 0.4952999999999996300 ) ) ;
#2525 = LINE ( 'NONE', #4972, #5807 ) ;
#2526 = CARTESIAN_POINT ( 'NONE',  ( -1.484294868104227200, 1.432020690595662100, -0.8834291058733577700 ) ) ;
#2527 = FACE_OUTER_BOUND ( 'NONE', #2180, .T. ) ;
#2528 = CARTESIAN_POINT ( 'NONE',  ( -0.05183253677046348300, 0.7166784970013976300, -1.600199999999996500 ) ) ;
#2529 = CARTESIAN_POINT ( 'NONE',  ( 1.521672874462563600, 1.046971159177713600, 0.3568466519426623500 ) ) ;
#2530 = AXIS2_PLACEMENT_3D ( 'NONE', #3207, #761, #5072 ) ;
#2531 = ADVANCED_FACE ( 'NONE', ( #4753 ), #3238, .T. ) ;
#2532 = EDGE_LOOP ( 'NONE', ( #6188, #5228, #493, #3402 ) ) ;
#2533 = CARTESIAN_POINT ( 'NONE',  ( -1.516070191620299000, 0.6603999999999995400, -0.8893650299401192300 ) ) ;
#2534 = CARTESIAN_POINT ( 'NONE',  ( -1.866900000000000000, 0.6299199999999998100, -1.473200000000000100 ) ) ;
#2535 = ORIENTED_EDGE ( 'NONE', *, *, #486, .T. ) ;
#2536 = CARTESIAN_POINT ( 'NONE',  ( -1.866900000000000000, 0.6299199999999998100, 0.9652000000000007200 ) ) ;
#2537 = CIRCLE ( 'NONE', #2237, 0.7239000000000001000 ) ;
#2538 = CARTESIAN_POINT ( 'NONE',  ( -0.2586050209406702800, 0.6934202049374862400, 1.600200000000000100 ) ) ;
#2539 = CARTESIAN_POINT ( 'NONE',  ( 1.355252715606880500E-016, 1.435174770618868000, 1.104900000000000000 ) ) ;
#2540 = DIRECTION ( 'NONE',  ( 1.776356839400250500E-015, 0.0000000000000000000, -1.000000000000000000 ) ) ;
#2541 = ORIENTED_EDGE ( 'NONE', *, *, #268, .T. ) ;
#2542 = ORIENTED_EDGE ( 'NONE', *, *, #1173, .T. ) ;
#2543 = LINE ( 'NONE', #7007, #6886 ) ;
#2544 = ORIENTED_EDGE ( 'NONE', *, *, #5733, .T. ) ;
#2545 = EDGE_LOOP ( 'NONE', ( #5703, #7829, #6511 ) ) ;
#2546 = DIRECTION ( 'NONE',  ( -3.557093741750336900E-015, 0.0000000000000000000, -1.000000000000000000 ) ) ;
#2547 = ORIENTED_EDGE ( 'NONE', *, *, #1591, .F. ) ;
#2548 = CARTESIAN_POINT ( 'NONE',  ( -1.489779957083531100, 0.6908799999999996100, -0.8739425149700594800 ) ) ;
#2549 =( BOUNDED_CURVE ( )  B_SPLINE_CURVE ( 3, ( #4652, #4464, #3889, #1798 ),
 .UNSPECIFIED., .F., .F. )
 B_SPLINE_CURVE_WITH_KNOTS ( ( 4, 4 ),
 ( 0.0000000000000000000, 1.000000000000000000 ),
 .UNSPECIFIED. )
 CURVE ( )  GEOMETRIC_REPRESENTATION_ITEM ( )  RATIONAL_B_SPLINE_CURVE ( ( 1.000000000000000000, 0.9598730924591312200, 0.9598730924591312200, 1.000000000000000000 ) )
 REPRESENTATION_ITEM ( '' )  );
#2550 = EDGE_LOOP ( 'NONE', ( #5424, #2898, #702, #634 ) ) ;
#2551 = CIRCLE ( 'NONE', #2804, 0.03047999999999983000 ) ;
#2552 = CARTESIAN_POINT ( 'NONE',  ( 1.405318419487914000, 0.6479084838754908300, 1.600199999999999600 ) ) ;
#2553 = DIRECTION ( 'NONE',  ( 0.0000000000000000000, 0.0000000000000000000, 1.000000000000000000 ) ) ;
#2554 = EDGE_LOOP ( 'NONE', ( #6499, #5076, #61, #6724 ) ) ;
#2555 = CARTESIAN_POINT ( 'NONE',  ( 0.1033155247642532200, 0.7094734034594429900, -1.600199999999999600 ) ) ;
#2556 = EDGE_CURVE ( 'NONE', #2188, #4391, #3123, .T. ) ;
#2557 = CARTESIAN_POINT ( 'NONE',  ( 0.0000000000000000000, 4.572929130132065400, 0.0000000000000000000 ) ) ;
#2558 = CARTESIAN_POINT ( 'NONE',  ( -1.484294868104227200, 1.417319999999999700, -0.8834291058733575500 ) ) ;
#2559 = AXIS2_PLACEMENT_3D ( 'NONE', #1054, #1639, #1689 ) ;
#2560 = CARTESIAN_POINT ( 'NONE',  ( 0.0000000000000000000, 0.6908799999999996100, 0.0000000000000000000 ) ) ;
#2561 = CARTESIAN_POINT ( 'NONE',  ( 0.4190999999999962000, 0.08890000000000000700, -1.541780000000000400 ) ) ;
#2562 = VERTEX_POINT ( 'NONE', #2522 ) ;
#2563 = CARTESIAN_POINT ( 'NONE',  ( -0.4191000000107576500, 0.6670534119813560400, -1.555641536177088800 ) ) ;
#2564 = CIRCLE ( 'NONE', #7639, 0.05588000000000055400 ) ;
#2565 = CARTESIAN_POINT ( 'NONE',  ( 1.600149340025623700, 1.325691055589680100, 0.01269998851737196700 ) ) ;
#2566 = CARTESIAN_POINT ( 'NONE',  ( -2.374899999999999300, 0.6299199999999998100, 0.9652000000000007200 ) ) ;
#2567 = VECTOR ( 'NONE', #1467, 1000.000000000000000 ) ;
#2568 = CARTESIAN_POINT ( 'NONE',  ( 0.0000000000000000000, 0.7238999999999997700, 1.600200000000000100 ) ) ;
#2569 = AXIS2_PLACEMENT_3D ( 'NONE', #7677, #3993, #333 ) ;
#2570 = EDGE_CURVE ( 'NONE', #1863, #4373, #1484, .T. ) ;
#2571 = VERTEX_POINT ( 'NONE', #1316 ) ;
#2572 = CARTESIAN_POINT ( 'NONE',  ( 1.341369653360580300, 0.6730252293811316300, -1.024931031789438000 ) ) ;
#2573 = FACE_OUTER_BOUND ( 'NONE', #3030, .T. ) ;
#2574 = DIRECTION ( 'NONE',  ( 0.0000000000000000000, 0.0000000000000000000, -1.000000000000000000 ) ) ;
#2575 = FACE_OUTER_BOUND ( 'NONE', #1906, .T. ) ;
#2576 = DIRECTION ( 'NONE',  ( 1.000000000000000000, 0.0000000000000000000, 0.0000000000000000000 ) ) ;
#2577 = LINE ( 'NONE', #6165, #4027 ) ;
#2578 = ADVANCED_FACE ( 'NONE', ( #7824 ), #1289, .F. ) ;
#2579 = ORIENTED_EDGE ( 'NONE', *, *, #2680, .F. ) ;
#2580 = DIRECTION ( 'NONE',  ( 1.000000000000000000, 3.952326379722607800E-016, -0.0000000000000000000 ) ) ;
#2581 = ORIENTED_EDGE ( 'NONE', *, *, #189, .T. ) ;
#2582 = CIRCLE ( 'NONE', #1475, 0.2539999999999998900 ) ;
#2583 = LINE ( 'NONE', #7424, #949 ) ;
#2584 = ORIENTED_EDGE ( 'NONE', *, *, #2660, .F. ) ;
#2585 = CARTESIAN_POINT ( 'NONE',  ( 1.418728709932698600, 0.6425796973760767900, -1.591170811457688800 ) ) ;
#2586 = AXIS2_PLACEMENT_3D ( 'NONE', #5551, #1862, #6183 ) ;
#2587 = CARTESIAN_POINT ( 'NONE',  ( -1.866900000000000000, 0.6095999999999999200, 1.219200000000000300 ) ) ;
#2588 = ORIENTED_EDGE ( 'NONE', *, *, #1433, .T. ) ;
#2589 = CARTESIAN_POINT ( 'NONE',  ( -1.474638141137641000, 1.447798646295080300, -0.8582327370205572500 ) ) ;
#2590 = CARTESIAN_POINT ( 'NONE',  ( 0.4190999999999961400, 0.08889999999999996500, -1.587574770618868300 ) ) ;
#2591 = CARTESIAN_POINT ( 'NONE',  ( -0.1033155212379720000, 0.7094734039269610100, -1.600200000000000700 ) ) ;
#2592 = EDGE_CURVE ( 'NONE', #2562, #4476, #4570, .T. ) ;
#2593 = LINE ( 'NONE', #58, #3857 ) ;
#2594 = CARTESIAN_POINT ( 'NONE',  ( 1.418627385309442900, 0.6299199999999998100, 1.591272614690565800 ) ) ;
#2595 = CARTESIAN_POINT ( 'NONE',  ( 0.0000000000000000000, 0.0000000000000000000, 0.0000000000000000000 ) ) ;
#2596 = CARTESIAN_POINT ( 'NONE',  ( 2.247900000000000900, 0.6299199999999998100, -0.7493747706188677000 ) ) ;
#2597 = CARTESIAN_POINT ( 'NONE',  ( 0.0000000000000000000, 1.417319999999999700, 0.0000000000000000000 ) ) ;
#2598 = CARTESIAN_POINT ( 'NONE',  ( 1.155700000000000400, 0.08890000000000000700, -0.4953000000000003000 ) ) ;
#2599 = CARTESIAN_POINT ( 'NONE',  ( 1.397074770618876600, 0.01249151612450905500, 1.600200000000000100 ) ) ;
#2600 = AXIS2_PLACEMENT_3D ( 'NONE', #584, #561, #533 ) ;
#2601 = EDGE_CURVE ( 'NONE', #4191, #1547, #7643, .T. ) ;
#2602 = ORIENTED_EDGE ( 'NONE', *, *, #226, .T. ) ;
#2603 = CARTESIAN_POINT ( 'NONE',  ( 8.865218179027692800E-017, 0.6604000000000002100, 0.7239000000000002100 ) ) ;
#2604 = EDGE_CURVE ( 'NONE', #4196, #7719, #6208, .T. ) ;
#2605 = EDGE_CURVE ( 'NONE', #5458, #982, #6009, .T. ) ;
#2606 = VERTEX_POINT ( 'NONE', #98 ) ;
#2607 = CARTESIAN_POINT ( 'NONE',  ( 1.460500000000000100, 1.295188274504349900, -0.4953000000000003000 ) ) ;
#2608 = CARTESIAN_POINT ( 'NONE',  ( 2.217132737020558700, 0.6477739776368859300, -0.7798534169139484900 ) ) ;
#2609 = CARTESIAN_POINT ( 'NONE',  ( -2.247900000000000900, 1.084202172485504400E-016, 0.4952999999999996300 ) ) ;
#2610 = CIRCLE ( 'NONE', #7530, 0.1117600000000006800 ) ;
#2611 = CARTESIAN_POINT ( 'NONE',  ( 0.8509000000000003200, 0.08890000000000000700, 0.4952999999999996300 ) ) ;
#2612 = CARTESIAN_POINT ( 'NONE',  ( -1.474638141137641000, 1.447968181251567700, -0.8762204219754737800 ) ) ;
#2613 = LINE ( 'NONE', #7637, #7331 ) ;
#2614 = CARTESIAN_POINT ( 'NONE',  ( -0.3886199999999958000, 0.08890000000000000700, 1.511300000000000100 ) ) ;
#2615 = ADVANCED_FACE ( 'NONE', ( #1287 ), #407, .T. ) ;
#2616 = CARTESIAN_POINT ( 'NONE',  ( -0.4190999999999958600, 0.03047999999999999700, -1.569719999999999800 ) ) ;
#2617 = ORIENTED_EDGE ( 'NONE', *, *, #5540, .T. ) ;
#2618 = CIRCLE ( 'NONE', #5776, 0.03048000000000004900 ) ;
#2619 = CARTESIAN_POINT ( 'NONE',  ( -2.217420000000000200, 0.03048000000000004200, 1.600200000000000100 ) ) ;
#2620 = CIRCLE ( 'NONE', #5, 0.03048000000000004900 ) ;
#2621 = CARTESIAN_POINT ( 'NONE',  ( -2.217420000000000200, 0.6603999999999997600, -1.569720000000000000 ) ) ;
#2622 = CARTESIAN_POINT ( 'NONE',  ( 1.483397385309444900, 0.6299199999999998100, 1.483397385309431100 ) ) ;
#2623 = CARTESIAN_POINT ( 'NONE',  ( 0.4190999999999958600, 0.08890000000000000700, 1.541780000000000200 ) ) ;
#2624 = DIRECTION ( 'NONE',  ( 0.0000000000000000000, 0.0000000000000000000, -1.000000000000000000 ) ) ;
#2625 = CARTESIAN_POINT ( 'NONE',  ( 2.217420000000001100, 0.6299199999999998100, -0.7493747706188677000 ) ) ;
#2626 = VERTEX_POINT ( 'NONE', #916 ) ;
#2627 = CARTESIAN_POINT ( 'NONE',  ( 1.460500000000000400, 1.295188274504349900, 0.01270000000000085100 ) ) ;
#2628 = CIRCLE ( 'NONE', #1843, 0.03048000000000004900 ) ;
#2629 = DIRECTION ( 'NONE',  ( 0.0000000000000000000, 0.0000000000000000000, -1.000000000000000000 ) ) ;
#2630 = EDGE_CURVE ( 'NONE', #3124, #3834, #5816, .T. ) ;
#2631 =( BOUNDED_SURFACE ( )  B_SPLINE_SURFACE ( 3, 2, (
 ( #4915, #45, #1228 ),
 ( #5530, #1839, #6164 ),
 ( #2457, #6774, #3085 ),
 ( #7396, #3716, #66 ),
 ( #4331, #648, #4945 ),
 ( #1253, #5558, #1871 ) ),
 .UNSPECIFIED., .F., .F., .F. )
 B_SPLINE_SURFACE_WITH_KNOTS ( ( 4, 2, 4 ),
 ( 3, 3 ),
 ( 0.0000000000000000000, 0.0003187955086209428600, 0.0006375910172418857200 ),
 ( 0.0000000000000000000, 1.000000000000000000 ),
 .UNSPECIFIED. )
 GEOMETRIC_REPRESENTATION_ITEM ( )  RATIONAL_B_SPLINE_SURFACE ( (
 ( 1.000000000000000000, 0.6073977599851270200, 1.000000000000000000),
 ( 1.000000000000000000, 0.6063500332320958000, 1.000000000000000000),
 ( 1.000000000000000000, 0.6326208338800194400, 1.000000000000000000),
 ( 1.000000000000000000, 0.6836702882344147800, 1.000000000000000000),
 ( 1.000000000000000000, 0.7070240068186831600, 1.000000000000000000),
 ( 1.000000000000000000, 0.7070657797047239500, 1.000000000000000000) ) )
 REPRESENTATION_ITEM ( '' )  SURFACE ( )  );
#2632 = VERTEX_POINT ( 'NONE', #52 ) ;
#2633 = CARTESIAN_POINT ( 'NONE',  ( 0.0000000000000000000, 0.6604000000000002100, 0.0000000000000000000 ) ) ;
#2634 = CIRCLE ( 'NONE', #466, 0.7239000000000001000 ) ;
#2635 = LINE ( 'NONE', #5056, #7357 ) ;
#2636 = EDGE_CURVE ( 'NONE', #1988, #4225, #2737, .T. ) ;
#2637 = DIRECTION ( 'NONE',  ( -0.0000000000000000000, 1.000000000000000000, 0.0000000000000000000 ) ) ;
#2638 = CARTESIAN_POINT ( 'NONE',  ( 2.247900000000000900, 0.03047999999999999700, -0.7493747706188675900 ) ) ;
#2639 = CARTESIAN_POINT ( 'NONE',  ( 0.0000000000000000000, 1.288650937169962800, 0.0000000000000000000 ) ) ;
#2640 = ORIENTED_EDGE ( 'NONE', *, *, #7411, .T. ) ;
#2641 = CARTESIAN_POINT ( 'NONE',  ( -1.474638141137641000, 1.435308483875490600, -0.8889999999999997900 ) ) ;
#2642 = ORIENTED_EDGE ( 'NONE', *, *, #5656, .F. ) ;
#2643 = VECTOR ( 'NONE', #741, 1000.000000000000000 ) ;
#2644 = VERTEX_POINT ( 'NONE', #6269 ) ;
#2645 =( BOUNDED_SURFACE ( )  B_SPLINE_SURFACE ( 3, 3, (
 ( #5239, #4089, #3416, #3389 ),
 ( #3084, #3064, #3035, #3010 ),
 ( #2987, #2958, #2931, #2903 ),
 ( #2888, #2856, #2826, #2802 ) ),
 .UNSPECIFIED., .F., .F., .T. )
 B_SPLINE_SURFACE_WITH_KNOTS ( ( 4, 4 ),
 ( 4, 4 ),
 ( 0.0000000000000000000, 1.000000000000000000 ),
 ( 0.0000000000000000000, 1.000000000000000000 ),
 .UNSPECIFIED. )
 GEOMETRIC_REPRESENTATION_ITEM ( )  RATIONAL_B_SPLINE_SURFACE ( (
 ( 1.000000000000000000, 0.8025111867385907900, 0.8025111867385907900, 1.000000000000000000),
 ( 0.9486501948152638000, 0.7613023936409927300, 0.7613023936409927300, 0.9486501948152638000),
 ( 0.9486501948152638000, 0.7613023936409927300, 0.7613023936409927300, 0.9486501948152638000),
 ( 1.000000000000000000, 0.8025111867385907900, 0.8025111867385907900, 1.000000000000000000) ) )
 REPRESENTATION_ITEM ( '' )  SURFACE ( )  );
#2646 = AXIS2_PLACEMENT_3D ( 'NONE', #5787, #4656, #4627 ) ;
#2647 = CARTESIAN_POINT ( 'NONE',  ( -2.247900000000000000, 0.03048000000000017400, 1.569720000000000200 ) ) ;
#2648 = VERTEX_POINT ( 'NONE', #5595 ) ;
#2649 = DIRECTION ( 'NONE',  ( 0.7071067811865442400, 0.0000000000000000000, -0.7071067811865509000 ) ) ;
#2650 = CARTESIAN_POINT ( 'NONE',  ( 0.4188039324870537200, 0.6602387398022061500, 1.572851200543127700 ) ) ;
#2651 = ORIENTED_EDGE ( 'NONE', *, *, #1750, .T. ) ;
#2652 = VECTOR ( 'NONE', #835, 1000.000000000000000 ) ;
#2653 = ORIENTED_EDGE ( 'NONE', *, *, #4008, .T. ) ;
#2654 = ORIENTED_EDGE ( 'NONE', *, *, #416, .F. ) ;
#2655 = CARTESIAN_POINT ( 'NONE',  ( -0.4189406101714015500, 0.6602406101789698400, 1.572833036899878000 ) ) ;
#2656 = CARTESIAN_POINT ( 'NONE',  ( 2.247900000000000900, 0.6299199999999998100, -0.7493747706188677000 ) ) ;
#2657 = CARTESIAN_POINT ( 'NONE',  ( -1.024207589142488400, 1.447800000000000200, -0.4243000600790303200 ) ) ;
#2658 = AXIS2_PLACEMENT_3D ( 'NONE', #6835, #5191, #5164 ) ;
#2659 = ORIENTED_EDGE ( 'NONE', *, *, #5173, .F. ) ;
#2660 = EDGE_CURVE ( 'NONE', #1483, #6920, #7452, .T. ) ;
#2661 = CARTESIAN_POINT ( 'NONE',  ( 1.569660074587722300, 1.295187772303129500, -0.01269998298494384700 ) ) ;
#2662 = ADVANCED_FACE ( 'NONE', ( #5622 ), #2333, .F. ) ;
#2663 = ORIENTED_EDGE ( 'NONE', *, *, #7757, .F. ) ;
#2664 = CARTESIAN_POINT ( 'NONE',  ( -1.296382129561919600, 1.447799999999999800, -0.8851069158878501800 ) ) ;
#2665 = CARTESIAN_POINT ( 'NONE',  ( 2.217132737020558700, 1.353704919264831600E-006, -0.7493747706188677000 ) ) ;
#2666 = CARTESIAN_POINT ( 'NONE',  ( 1.368573695128015000E-016, 1.447799999999999500, 1.117525229381132000 ) ) ;
#2667 = ORIENTED_EDGE ( 'NONE', *, *, #7764, .T. ) ;
#2668 = EDGE_CURVE ( 'NONE', #6801, #1466, #2537, .T. ) ;
#2669 = CARTESIAN_POINT ( 'NONE',  ( -1.474638141137641000, 1.417319999999999700, -0.8889999999999996800 ) ) ;
#2670 = LINE ( 'NONE', #4530, #5943 ) ;
#2671 = FACE_OUTER_BOUND ( 'NONE', #5612, .T. ) ;
#2672 = CARTESIAN_POINT ( 'NONE',  ( 1.571999645153866700, 1.295187033520302800, -0.01270000000128576300 ) ) ;
#2673 = CARTESIAN_POINT ( 'NONE',  ( 2.247900000000000900, 0.03048000000000004900, 0.7619999999999996800 ) ) ;
#2674 = ORIENTED_EDGE ( 'NONE', *, *, #3130, .T. ) ;
#2675 = VERTEX_POINT ( 'NONE', #5016 ) ;
#2676 = LINE ( 'NONE', #2354, #1040 ) ;
#2677 = DIRECTION ( 'NONE',  ( 0.0000000000000000000, 0.0000000000000000000, 1.000000000000000000 ) ) ;
#2678 = CARTESIAN_POINT ( 'NONE',  ( 0.4116828317798646400, 0.6629770323487735900, 1.546336904164407900 ) ) ;
#2679 = VECTOR ( 'NONE', #1065, 1000.000000000000000 ) ;
#2680 = EDGE_CURVE ( 'NONE', #2632, #5279, #718, .T. ) ;
#2681 = B_SPLINE_CURVE_WITH_KNOTS ( 'NONE', 3,
 ( #5409, #4788, #6028, #2325 ),
 .UNSPECIFIED., .F., .F.,
 ( 4, 4 ),
 ( 8.757911074631566700E-019, 3.151979131323221700E-006 ),
 .UNSPECIFIED. ) ;
#2682 = EDGE_LOOP ( 'NONE', ( #2744, #23, #5590, #6255, #324, #3203, #2939, #2911 ) ) ;
#2683 = DIRECTION ( 'NONE',  ( 0.0000000000000000000, 0.0000000000000000000, 1.000000000000000000 ) ) ;
#2684 = DIRECTION ( 'NONE',  ( -0.0000000000000000000, -1.000000000000000000, -0.0000000000000000000 ) ) ;
#2685 = PLANE ( 'NONE',  #3038 ) ;
#2686 = DIRECTION ( 'NONE',  ( 1.000000000000000000, 0.0000000000000000000, 0.0000000000000000000 ) ) ;
#2687 = VECTOR ( 'NONE', #1597, 1000.000000000000000 ) ;
#2688 = VERTEX_POINT ( 'NONE', #4309 ) ;
#2689 = CARTESIAN_POINT ( 'NONE',  ( 1.409700000000008600, 0.6603999999999998800, 1.600200000000000100 ) ) ;
#2690 = AXIS2_PLACEMENT_3D ( 'NONE', #7845, #7272, #3585 ) ;
#2691 = CARTESIAN_POINT ( 'NONE',  ( -1.516380000000000500, 0.6603999999999998800, 0.4952999999999996300 ) ) ;
#2692 = AXIS2_PLACEMENT_3D ( 'NONE', #2167, #2200, #2223 ) ;
#2693 = CARTESIAN_POINT ( 'NONE',  ( -1.463489722546762500, 1.447798646295080500, -0.8582327370205574700 ) ) ;
#2694 = EDGE_CURVE ( 'NONE', #6939, #3360, #1794, .T. ) ;
#2695 = EDGE_CURVE ( 'NONE', #7563, #5705, #5425, .T. ) ;
#2696 = ADVANCED_FACE ( 'NONE', ( #2149 ), #6877, .T. ) ;
#2697 = CARTESIAN_POINT ( 'NONE',  ( -0.4368608976583440200, 0.6603999999999997600, 1.552532697441650500 ) ) ;
#2698 = CARTESIAN_POINT ( 'NONE',  ( 1.569660074587722300, 1.295187772303129500, -0.01269998298494384700 ) ) ;
#2699 = CARTESIAN_POINT ( 'NONE',  ( 0.4190999999999958600, 0.01262522938113193300, 1.541779999999999900 ) ) ;
#2700 = ORIENTED_EDGE ( 'NONE', *, *, #6892, .F. ) ;
#2701 = ORIENTED_EDGE ( 'NONE', *, *, #3574, .T. ) ;
#2702 = DIRECTION ( 'NONE',  ( 0.0000000000000000000, -1.000000000000000000, 4.066647359276938300E-012 ) ) ;
#2703 = CARTESIAN_POINT ( 'NONE',  ( -1.484175913614888700, 0.6908799999999994900, 0.8834955364734178300 ) ) ;
#2704 = CARTESIAN_POINT ( 'NONE',  ( 0.0000000000000000000, 0.6603999999999997600, 0.0000000000000000000 ) ) ;
#2705 = ADVANCED_FACE ( 'NONE', ( #3987 ), #2090, .F. ) ;
#2706 = LINE ( 'NONE', #4307, #7423 ) ;
#2707 = DIRECTION ( 'NONE',  ( 1.000000000000000000, 0.0000000000000000000, 0.0000000000000000000 ) ) ;
#2708 = ORIENTED_EDGE ( 'NONE', *, *, #660, .F. ) ;
#2709 = CARTESIAN_POINT ( 'NONE',  ( -0.2285999999999998600, 1.425134306529171500, 0.6868575179758900100 ) ) ;
#2710 = CARTESIAN_POINT ( 'NONE',  ( -1.463489722546762000, 0.6603999999999997600, 0.9194800000000004100 ) ) ;
#2711 = VERTEX_POINT ( 'NONE', #2490 ) ;
#2712 =( BOUNDED_SURFACE ( )  B_SPLINE_SURFACE ( 3, 3, (
 ( #3535, #3477, #4068, #4101 ),
 ( #4131, #4151, #4177, #2942 ),
 ( #4202, #4234, #4690, #4714 ),
 ( #4738, #4762, #4785, #4810 ) ),
 .UNSPECIFIED., .F., .F., .F. )
 B_SPLINE_SURFACE_WITH_KNOTS ( ( 4, 4 ),
 ( 4, 4 ),
 ( 0.0000000000000000000, 1.000000000000000000 ),
 ( 0.0000000000000000000, 1.000000000000000000 ),
 .UNSPECIFIED. )
 GEOMETRIC_REPRESENTATION_ITEM ( )  RATIONAL_B_SPLINE_SURFACE ( (
 ( 1.000000000000000000, 0.9598730924591313300, 0.9598730924591313300, 1.000000000000000000),
 ( 0.8047378541243613800, 0.7724462126572760900, 0.7724462126572760900, 0.8047378541243613800),
 ( 0.8047378541243613800, 0.7724462126572760900, 0.7724462126572760900, 0.8047378541243613800),
 ( 1.000000000000000000, 0.9598730924591313300, 0.9598730924591313300, 1.000000000000000000) ) )
 REPRESENTATION_ITEM ( '' )  SURFACE ( )  );
#2713 = VERTEX_POINT ( 'NONE', #1878 ) ;
#2714 = LINE ( 'NONE', #2006, #1074 ) ;
#2715 = EDGE_CURVE ( 'NONE', #6920, #4490, #3604, .T. ) ;
#2716 = AXIS2_PLACEMENT_3D ( 'NONE', #6033, #4516, #6506 ) ;
#2717 = EDGE_CURVE ( 'NONE', #5576, #6271, #5230, .T. ) ;
#2718 = LINE ( 'NONE', #6729, #7431 ) ;
#2719 = DIRECTION ( 'NONE',  ( 0.0000000000000000000, 0.0000000000000000000, -1.000000000000000000 ) ) ;
#2720 = CARTESIAN_POINT ( 'NONE',  ( 1.581339584303164800, 1.297463828246573800, 0.01270000000007948600 ) ) ;
#2721 = CARTESIAN_POINT ( 'NONE',  ( 1.530653081118039000, 0.6604000000000001000, -0.4666235081117399200 ) ) ;
#2722 = CARTESIAN_POINT ( 'NONE',  ( -1.866900000000000000, 0.6603999999999997600, 1.503680000000000300 ) ) ;
#2723 = EDGE_LOOP ( 'NONE', ( #7148, #4566 ) ) ;
#2724 =( BOUNDED_CURVE ( )  B_SPLINE_CURVE ( 3, ( #7899, #7318, #1171, #5478 ),
 .UNSPECIFIED., .F., .F. )
 B_SPLINE_CURVE_WITH_KNOTS ( ( 4, 4 ),
 ( 3.141592653589793100, 4.712388980384693200 ),
 .UNSPECIFIED. )
 CURVE ( )  GEOMETRIC_REPRESENTATION_ITEM ( )  RATIONAL_B_SPLINE_CURVE ( ( 1.000000000000000000, 0.8047378541243641600, 0.8047378541243641600, 1.000000000000000000 ) )
 REPRESENTATION_ITEM ( '' )  );
#2725 = LINE ( 'NONE', #156, #4171 ) ;
#2726 = CARTESIAN_POINT ( 'NONE',  ( 0.3886199999999961900, -3.388131789017201400E-018, -1.480820000000000200 ) ) ;
#2727 = AXIS2_PLACEMENT_3D ( 'NONE', #2424, #3712, #63 ) ;
#2728 = CARTESIAN_POINT ( 'NONE',  ( 1.516380000000000500, 1.130299999999999900, -0.4953000000000003000 ) ) ;
#2729 = CIRCLE ( 'NONE', #5651, 0.03048000000000004900 ) ;
#2730 = PLANE ( 'NONE',  #5821 ) ;
#2731 = LINE ( 'NONE', #582, #5808 ) ;
#2732 = CARTESIAN_POINT ( 'NONE',  ( -1.866900000000000000, 0.6603999999999997600, 1.503680000000000300 ) ) ;
#2733 = CARTESIAN_POINT ( 'NONE',  ( 1.533910442430486100, 0.6641361341126392800, 0.4558057834738796200 ) ) ;
#2734 = ORIENTED_EDGE ( 'NONE', *, *, #1128, .T. ) ;
#2735 = CARTESIAN_POINT ( 'NONE',  ( 1.397074770618877100, 0.6299199999999998100, 1.569719999999999800 ) ) ;
#2736 = VERTEX_POINT ( 'NONE', #1235 ) ;
#2737 = CIRCLE ( 'NONE', #1421, 0.03047999999999993800 ) ;
#2738 = CARTESIAN_POINT ( 'NONE',  ( -1.346727066632285300, 1.447800000000000000, 0.8585200000000001700 ) ) ;
#2739 = ADVANCED_FACE ( 'NONE', ( #6681, #3807 ), #887, .F. ) ;
#2740 = DIRECTION ( 'NONE',  ( 0.0000000000000000000, 0.0000000000000000000, 1.000000000000000000 ) ) ;
#2741 = VERTEX_POINT ( 'NONE', #863 ) ;
#2742 = VERTEX_POINT ( 'NONE', #294 ) ;
#2743 = EDGE_CURVE ( 'NONE', #7372, #6273, #404, .T. ) ;
#2744 = ORIENTED_EDGE ( 'NONE', *, *, #2058, .F. ) ;
#2745 = CARTESIAN_POINT ( 'NONE',  ( 1.598946639406096900, 1.317043438650557200, 0.01269999999999639000 ) ) ;
#2746 = ORIENTED_EDGE ( 'NONE', *, *, #5299, .T. ) ;
#2747 = CARTESIAN_POINT ( 'NONE',  ( -0.3886199999999957500, 0.6603999999999998800, 1.600200000000000100 ) ) ;
#2748 = ADVANCED_FACE ( 'NONE', ( #4184 ), #6938, .T. ) ;
#2749 = DIRECTION ( 'NONE',  ( 0.0000000000000000000, -1.000000000000000000, 0.0000000000000000000 ) ) ;
#2750 = CARTESIAN_POINT ( 'NONE',  ( -1.463489722546762500, 1.447968181251567700, -0.8762204219754739000 ) ) ;
#2751 = CARTESIAN_POINT ( 'NONE',  ( 0.4243295412377324200, -3.388131789017201400E-018, -1.480820000000000000 ) ) ;
#2752 = ORIENTED_EDGE ( 'NONE', *, *, #3593, .F. ) ;
#2753 = CIRCLE ( 'NONE', #3213, 0.03048000000000004900 ) ;
#2754 = CARTESIAN_POINT ( 'NONE',  ( -0.8053110246528132300, 0.6603999999999996500, 1.448856006131782800 ) ) ;
#2755 = VERTEX_POINT ( 'NONE', #5533 ) ;
#2756 = CARTESIAN_POINT ( 'NONE',  ( 0.4495799999999958700, 0.6603999999999998800, 1.569720000000000000 ) ) ;
#2757 = CARTESIAN_POINT ( 'NONE',  ( -1.474565169401947700, 0.6908799999999994900, 0.8890000000000000100 ) ) ;
#2758 = DIRECTION ( 'NONE',  ( 0.0000000000000000000, -0.0000000000000000000, -1.000000000000000000 ) ) ;
#2759 = ORIENTED_EDGE ( 'NONE', *, *, #554, .T. ) ;
#2760 = CARTESIAN_POINT ( 'NONE',  ( 0.4050586345784440400, 0.6463586345784477800, -1.600200000000000100 ) ) ;
#2761 = VECTOR ( 'NONE', #3873, 1000.000000000000000 ) ;
#2762 = EDGE_CURVE ( 'NONE', #5975, #2158, #1755, .T. ) ;
#2763 = FACE_OUTER_BOUND ( 'NONE', #3913, .T. ) ;
#2764 = DIRECTION ( 'NONE',  ( 0.0000000000000000000, 0.0000000000000000000, 1.000000000000000000 ) ) ;
#2765 = EDGE_CURVE ( 'NONE', #4754, #6102, #5055, .T. ) ;
#2766 = EDGE_CURVE ( 'NONE', #2742, #3974, #5499, .T. ) ;
#2767 =( NAMED_UNIT ( * ) SI_UNIT ( $, .STERADIAN. ) SOLID_ANGLE_UNIT ( ) );
#2768 = CARTESIAN_POINT ( 'NONE',  ( 1.540493816618589100, 1.173697060895683400, 0.2792321078397677600 ) ) ;
#2769 = CARTESIAN_POINT ( 'NONE',  ( 1.599722731739437600, 1.324093267200862100, -0.06648400687623150200 ) ) ;
#2770 = EDGE_LOOP ( 'NONE', ( #3050, #6821, #2471, #1355 ) ) ;
#2771 = VECTOR ( 'NONE', #4962, 1000.000000000000000 ) ;
#2772 = CARTESIAN_POINT ( 'NONE',  ( 1.535919352655602500, 1.149428679953093500, -0.3000658900200940400 ) ) ;
#2773 = CIRCLE ( 'NONE', #3235, 0.03048000000000004900 ) ;
#2774 = CARTESIAN_POINT ( 'NONE',  ( -2.435860000000001200, 0.6603999999999997600, -0.9347199999999994400 ) ) ;
#2775 = DIRECTION ( 'NONE',  ( -0.7071067811865510100, 0.0000000000000000000, 0.7071067811865440200 ) ) ;
#2776 = DIRECTION ( 'NONE',  ( 0.0000000000000000000, 0.0000000000000000000, -1.000000000000000000 ) ) ;
#2777 = ORIENTED_EDGE ( 'NONE', *, *, #7603, .T. ) ;
#2778 = DIRECTION ( 'NONE',  ( 1.000000000000000000, 0.0000000000000000000, -0.0000000000000000000 ) ) ;
#2779 = CARTESIAN_POINT ( 'NONE',  ( 0.4495799999999960400, -3.388131789017201400E-018, -1.506070458762264400 ) ) ;
#2780 = ORIENTED_EDGE ( 'NONE', *, *, #5441, .F. ) ;
#2781 = CYLINDRICAL_SURFACE ( 'NONE', #7808, 0.7239000000000002100 ) ;
#2782 = VECTOR ( 'NONE', #6169, 1000.000000000000000 ) ;
#2783 = ORIENTED_EDGE ( 'NONE', *, *, #4724, .T. ) ;
#2784 = CARTESIAN_POINT ( 'NONE',  ( -1.116157838791267800, 0.6603999999999996500, 1.225520808406087800 ) ) ;
#2785 = B_SPLINE_CURVE_WITH_KNOTS ( 'NONE', 3,
 ( #6378, #5758, #3962, #6409, #6971, #7003, #7033, #7056, #7587, #7638, #3608, #7875, #4232, #7904, #4256, #4839 ),
 .UNSPECIFIED., .F., .F.,
 ( 4, 3, 3, 3, 3, 4 ),
 ( 0.0000000000000000000, 9.917861462435286500E-006, 1.982410909307340300E-005, 2.991064261434587100E-005, 4.040335330545048100E-005, 4.864280952133547600E-005 ),
 .UNSPECIFIED. ) ;
#2786 = ORIENTED_EDGE ( 'NONE', *, *, #5291, .T. ) ;
#2787 = DIRECTION ( 'NONE',  ( 9.769962616701377600E-015, 0.0000000000000000000, -1.000000000000000000 ) ) ;
#2788 = CARTESIAN_POINT ( 'NONE',  ( 2.247900000000000900, 0.03047999999999993800, 0.7493747706188675900 ) ) ;
#2789 = DIRECTION ( 'NONE',  ( 0.0000000000000000000, 0.0000000000000000000, -1.000000000000000000 ) ) ;
#2790 = EDGE_CURVE ( 'NONE', #2049, #1795, #3217, .T. ) ;
#2791 = AXIS2_PLACEMENT_3D ( 'NONE', #5158, #7599, #5771 ) ;
#2792 = PLANE ( 'NONE',  #7024 ) ;
#2793 = ADVANCED_FACE ( 'NONE', ( #1573 ), #3686, .F. ) ;
#2794 = CARTESIAN_POINT ( 'NONE',  ( -1.866900000000000000, 0.6603999999999997600, 0.9347200000000004400 ) ) ;
#2795 = CARTESIAN_POINT ( 'NONE',  ( -2.217420000000000200, 0.6299199999999998100, 0.0000000000000000000 ) ) ;
#2796 = DIRECTION ( 'NONE',  ( 1.000000000000000000, 0.0000000000000000000, 0.0000000000000000000 ) ) ;
#2797 = EDGE_CURVE ( 'NONE', #2087, #4200, #6296, .T. ) ;
#2798 = DIRECTION ( 'NONE',  ( -0.0000000000000000000, -1.000000000000000000, -0.0000000000000000000 ) ) ;
#2799 = CARTESIAN_POINT ( 'NONE',  ( 1.600149340025623700, 1.325691055589680100, -0.01269998851737189900 ) ) ;
#2800 = CARTESIAN_POINT ( 'NONE',  ( 1.520686030251205500, 1.036798437756927900, -0.3604225647000349800 ) ) ;
#2801 = ORIENTED_EDGE ( 'NONE', *, *, #1047, .T. ) ;
#2802 = CARTESIAN_POINT ( 'NONE',  ( 1.397074770618876400, 0.03048000000000004900, -1.600200000000000100 ) ) ;
#2803 = CARTESIAN_POINT ( 'NONE',  ( -1.866900000000000200, 0.6477747706188683500, -1.473199999999999600 ) ) ;
#2804 = AXIS2_PLACEMENT_3D ( 'NONE', #6314, #5691, #3246 ) ;
#2805 = CARTESIAN_POINT ( 'NONE',  ( -1.572260000000000900, 1.084202172485504400E-016, -0.4953000000000003000 ) ) ;
#2806 = CARTESIAN_POINT ( 'NONE',  ( -1.463489722546762500, 1.417319999999999500, -0.8889999999999995700 ) ) ;
#2807 = VECTOR ( 'NONE', #2110, 1000.000000000000000 ) ;
#2808 = ORIENTED_EDGE ( 'NONE', *, *, #5875, .T. ) ;
#2809 = ORIENTED_EDGE ( 'NONE', *, *, #1721, .T. ) ;
#2810 = CARTESIAN_POINT ( 'NONE',  ( -1.331981375962785200, 0.6603999999999997600, 0.9094123567538473500 ) ) ;
#2811 = CARTESIAN_POINT ( 'NONE',  ( -1.516380000000000500, 0.1117600000000006900, -0.4953000000000003000 ) ) ;
#2812 = CARTESIAN_POINT ( 'NONE',  ( -0.1067305358502959500, 0.7165602750741277800, -1.600200000000000100 ) ) ;
#2813 = FACE_OUTER_BOUND ( 'NONE', #4540, .T. ) ;
#2814 = EDGE_CURVE ( 'NONE', #3073, #7116, #7898, .T. ) ;
#2815 = DIRECTION ( 'NONE',  ( 0.7071067811865441300, 0.0000000000000000000, 0.7071067811865507900 ) ) ;
#2816 = DIRECTION ( 'NONE',  ( 0.0000000000000000000, 0.0000000000000000000, -1.000000000000000000 ) ) ;
#2817 = ORIENTED_EDGE ( 'NONE', *, *, #959, .T. ) ;
#2818 = CARTESIAN_POINT ( 'NONE',  ( -1.358900000000000000, 0.6477747706188679000, 1.473200000000001000 ) ) ;
#2819 = FACE_OUTER_BOUND ( 'NONE', #3669, .T. ) ;
#2820 = DIRECTION ( 'NONE',  ( 1.000000000000000000, 0.0000000000000000000, 0.0000000000000000000 ) ) ;
#2821 = CARTESIAN_POINT ( 'NONE',  ( 2.217420000000001100, 1.694065894508600700E-018, -0.4953000000000004100 ) ) ;
#2822 = CARTESIAN_POINT ( 'NONE',  ( 0.0000000000000000000, 1.288650937169677500, 0.0000000000000000000 ) ) ;
#2823 = EDGE_CURVE ( 'NONE', #3420, #2742, #167, .T. ) ;
#2824 = CARTESIAN_POINT ( 'NONE',  ( 1.516380330703346500, 0.9778855377320968500, -0.3755876187038620900 ) ) ;
#2825 = ORIENTED_EDGE ( 'NONE', *, *, #3880, .T. ) ;
#2826 = CARTESIAN_POINT ( 'NONE',  ( 1.397074770618876600, 0.01249151612450900100, -1.600199999999999600 ) ) ;
#2827 = CARTESIAN_POINT ( 'NONE',  ( 1.516380000000000100, 0.9356373294419397800, -0.3810395450031177100 ) ) ;
#2828 = DIRECTION ( 'NONE',  ( 1.000000000000000000, 9.427635668924778100E-016, 0.0000000000000000000 ) ) ;
#2829 = CARTESIAN_POINT ( 'NONE',  ( -0.4317252293811280600, 9.504106807841518000E-017, 1.516529541237736400 ) ) ;
#2830 = ADVANCED_FACE ( 'NONE', ( #4657 ), #1182, .T. ) ;
#2831 = EDGE_LOOP ( 'NONE', ( #4832, #450, #672, #2448 ) ) ;
#2832 = DIRECTION ( 'NONE',  ( -0.0000000000000000000, -1.000000000000000000, -0.0000000000000000000 ) ) ;
#2833 = VECTOR ( 'NONE', #7813, 1000.000000000000000 ) ;
#2834 = FACE_OUTER_BOUND ( 'NONE', #4554, .T. ) ;
#2835 = AXIS2_PLACEMENT_3D ( 'NONE', #3702, #4906, #3054 ) ;
#2836 = EDGE_CURVE ( 'NONE', #1466, #485, #6105, .T. ) ;
#2837 = CARTESIAN_POINT ( 'NONE',  ( -0.4416971632238544900, 0.6603999999999996500, 1.569720000000000000 ) ) ;
#2838 = SURFACE_SIDE_STYLE ('',( #3746 ) ) ;
#2839 = CARTESIAN_POINT ( 'NONE',  ( -1.463489722546762000, 0.6908799999999996100, 0.8585200000000001700 ) ) ;
#2840 = CARTESIAN_POINT ( 'NONE',  ( -0.4190999999999958600, 0.03047999999999999000, -1.600200000000000100 ) ) ;
#2841 = VERTEX_POINT ( 'NONE', #1199 ) ;
#2842 = CARTESIAN_POINT ( 'NONE',  ( -0.2586050176286723300, 0.6934202049375530800, -1.600199999999999600 ) ) ;
#2843 = CARTESIAN_POINT ( 'NONE',  ( -1.460500000000000600, 0.0000000000000000000, -0.4953000000000003000 ) ) ;
#2844 = ORIENTED_EDGE ( 'NONE', *, *, #2895, .F. ) ;
#2845 = LINE ( 'NONE', #837, #2643 ) ;
#2846 = ORIENTED_EDGE ( 'NONE', *, *, #783, .T. ) ;
#2847 = CARTESIAN_POINT ( 'NONE',  ( -1.463489722546762000, 0.6908799999999996100, 0.8890000000000002300 ) ) ;
#2848 = DIRECTION ( 'NONE',  ( -0.0000000000000000000, -1.000000000000000000, -0.0000000000000000000 ) ) ;
#2849 = ORIENTED_EDGE ( 'NONE', *, *, #1771, .T. ) ;
#2850 = ORIENTED_EDGE ( 'NONE', *, *, #3495, .T. ) ;
#2851 = LINE ( 'NONE', #1534, #5924 ) ;
#2852 = CARTESIAN_POINT ( 'NONE',  ( -2.217420000000000200, 5.421010862427522200E-017, -1.569720000000000000 ) ) ;
#2853 = ORIENTED_EDGE ( 'NONE', *, *, #4417, .F. ) ;
#2854 = EDGE_LOOP ( 'NONE', ( #1537, #6193, #5822, #3486 ) ) ;
#2855 = CARTESIAN_POINT ( 'NONE',  ( -1.460500000000000100, 0.6603999999999998800, -0.4953000000000003000 ) ) ;
#2856 = CARTESIAN_POINT ( 'NONE',  ( 1.397074770618876600, -0.0001681812515678646800, -1.587420421975473900 ) ) ;
#2857 = EDGE_CURVE ( 'NONE', #7380, #590, #1381, .T. ) ;
#2858 = ORIENTED_EDGE ( 'NONE', *, *, #7391, .T. ) ;
#2859 = CARTESIAN_POINT ( 'NONE',  ( -2.247900000000000000, 0.03048000000000003500, -1.569719999999999800 ) ) ;
#2860 = CARTESIAN_POINT ( 'NONE',  ( -0.6095999999999999200, 1.422399999999999900, -1.122633641922335100E-016 ) ) ;
#2861 = ORIENTED_EDGE ( 'NONE', *, *, #4265, .T. ) ;
#2862 = DIRECTION ( 'NONE',  ( -0.7071067811865441300, 0.0000000000000000000, 0.7071067811865507900 ) ) ;
#2863 = PRESENTATION_STYLE_ASSIGNMENT (( #1861 ) ) ;
#2864 = SURFACE_STYLE_USAGE ( .BOTH. , #2838 ) ;
#2865 = CARTESIAN_POINT ( 'NONE',  ( 1.556043259182015000, 1.250861687473207700, -0.2037080417652094000 ) ) ;
#2866 = ORIENTED_EDGE ( 'NONE', *, *, #4466, .T. ) ;
#2867 = CARTESIAN_POINT ( 'NONE',  ( -0.2920999999999991400, 1.417319999999999700, 0.01269999999999999400 ) ) ;
#2868 = CARTESIAN_POINT ( 'NONE',  ( 0.3886199999999957500, 0.6299199999999998100, 1.600200000000000100 ) ) ;
#2869 = CYLINDRICAL_SURFACE ( 'NONE', #6972, 0.03048000000000004900 ) ;
#2870 = CARTESIAN_POINT ( 'NONE',  ( 1.409700000000008600, 0.03048000000000004900, -1.600200000000000100 ) ) ;
#2871 =( BOUNDED_SURFACE ( )  B_SPLINE_SURFACE ( 3, 3, (
 ( #475, #7204, #5992, #2299 ),
 ( #6616, #2927, #7230, #3552 ),
 ( #7834, #4168, #498, #4775 ),
 ( #1090, #5397, #1702, #6020 ) ),
 .UNSPECIFIED., .F., .F., .F. )
 B_SPLINE_SURFACE_WITH_KNOTS ( ( 4, 4 ),
 ( 4, 4 ),
 ( 0.0000000000000000000, 1.000000000000000000 ),
 ( 0.0000000000000000000, 1.000000000000000000 ),
 .UNSPECIFIED. )
 GEOMETRIC_REPRESENTATION_ITEM ( )  RATIONAL_B_SPLINE_SURFACE ( (
 ( 1.000000000000000000, 0.9228459245378347600, 0.9228459245378347600, 1.000000000000000000),
 ( 0.8047378541243663800, 0.7426490489999940700, 0.7426490489999940700, 0.8047378541243663800),
 ( 0.8047378541243663800, 0.7426490489999940700, 0.7426490489999940700, 0.8047378541243663800),
 ( 1.000000000000000000, 0.9228459245378347600, 0.9228459245378347600, 1.000000000000000000) ) )
 REPRESENTATION_ITEM ( '' )  SURFACE ( )  );
#2872 = DIRECTION ( 'NONE',  ( 0.0000000000000000000, 0.0000000000000000000, 1.000000000000000000 ) ) ;
#2873 = ADVANCED_FACE ( 'NONE', ( #4276 ), #1279, .F. ) ;
#2874 = CARTESIAN_POINT ( 'NONE',  ( 2.247900000000000900, 0.6603999999999998800, 0.5257799999999996900 ) ) ;
#2875 = AXIS2_PLACEMENT_3D ( 'NONE', #2323, #6646, #2968 ) ;
#2876 = ORIENTED_EDGE ( 'NONE', *, *, #708, .F. ) ;
#2877 = ORIENTED_EDGE ( 'NONE', *, *, #7066, .T. ) ;
#2878 = EDGE_CURVE ( 'NONE', #6134, #2562, #7541, .T. ) ;
#2879 = CARTESIAN_POINT ( 'NONE',  ( 0.3886199999999961900, 0.03047999999999999000, -1.480820000000000200 ) ) ;
#2880 = AXIS2_PLACEMENT_3D ( 'NONE', #7409, #5022, #1824 ) ;
#2881 = EDGE_CURVE ( 'NONE', #485, #3651, #2634, .T. ) ;
#2882 = CYLINDRICAL_SURFACE ( 'NONE', #1723, 0.03048000000000004900 ) ;
#2883 = VECTOR ( 'NONE', #424, 1000.000000000000000 ) ;
#2884 = DIRECTION ( 'NONE',  ( -0.0000000000000000000, -1.000000000000000000, -0.0000000000000000000 ) ) ;
#2885 = CARTESIAN_POINT ( 'NONE',  ( 1.596566241246952800, 1.312342480451729000, -0.1188808271725421600 ) ) ;
#2886 = ORIENTED_EDGE ( 'NONE', *, *, #7708, .T. ) ;
#2887 = PLANE ( 'NONE',  #6957 ) ;
#2888 = CARTESIAN_POINT ( 'NONE',  ( 1.397074770618876400, 1.353704919268219800E-006, -1.569432737020557400 ) ) ;
#2889 = CARTESIAN_POINT ( 'NONE',  ( -0.5295393497753672100, 1.447800000000000000, -1.569720000000000000 ) ) ;
#2890 = VECTOR ( 'NONE', #2815, 1000.000000000000100 ) ;
#2891 = EDGE_LOOP ( 'NONE', ( #5672, #7697, #3297, #5631, #1644, #3018 ) ) ;
#2892 = CARTESIAN_POINT ( 'NONE',  ( 1.110020776777872300, 1.447799999999999800, 0.6879138144735438300 ) ) ;
#2893 = CARTESIAN_POINT ( 'NONE',  ( 1.572260000000000900, 0.0000000000000000000, 0.4952999999999996300 ) ) ;
#2894 = CARTESIAN_POINT ( 'NONE',  ( -1.336377825953577200, 0.6908800000000000500, 0.8890000000000002300 ) ) ;
#2895 = EDGE_CURVE ( 'NONE', #439, #7097, #996, .T. ) ;
#2896 = ORIENTED_EDGE ( 'NONE', *, *, #2296, .F. ) ;
#2897 = DIRECTION ( 'NONE',  ( 1.000000000000000000, -0.0000000000000000000, -1.224646799147353200E-016 ) ) ;
#2898 = ORIENTED_EDGE ( 'NONE', *, *, #5284, .F. ) ;
#2899 = EDGE_CURVE ( 'NONE', #3032, #4754, #7356, .T. ) ;
#2900 = CARTESIAN_POINT ( 'NONE',  ( 1.585985295210133600, 1.269316191685442500, -0.2186482497891917800 ) ) ;
#2901 = CARTESIAN_POINT ( 'NONE',  ( 1.600149602380977400, 7.512325129353056000, -0.01270000000000041900 ) ) ;
#2902 = LINE ( 'NONE', #1122, #1257 ) ;
#2903 = CARTESIAN_POINT ( 'NONE',  ( 1.405318419487913800, 0.03048000000000004500, -1.600200000000000100 ) ) ;
#2904 = ORIENTED_EDGE ( 'NONE', *, *, #7250, .F. ) ;
#2905 = ORIENTED_EDGE ( 'NONE', *, *, #1369, .F. ) ;
#2906 = CARTESIAN_POINT ( 'NONE',  ( -1.336377825953577700, 0.6908799999999996100, -0.8889999999999994600 ) ) ;
#2907 = ORIENTED_EDGE ( 'NONE', *, *, #7152, .F. ) ;
#2908 = CARTESIAN_POINT ( 'NONE',  ( -0.4190999999999958100, 0.08890000000000002100, -1.541780000000000400 ) ) ;
#2909 = ADVANCED_FACE ( 'NONE', ( #7162 ), #7283, .F. ) ;
#2911 = ORIENTED_EDGE ( 'NONE', *, *, #2386, .F. ) ;
#2910 = CARTESIAN_POINT ( 'NONE',  ( 0.4191000000037267700, 0.6840590963890642600, -1.544922099443209600 ) ) ;
#2912 = VECTOR ( 'NONE', #1374, 1000.000000000000000 ) ;
#2913 = CIRCLE ( 'NONE', #1452, 0.03048000000000014900 ) ;
#2914 = EDGE_LOOP ( 'NONE', ( #1638, #3681, #2651 ) ) ;
#2915 = CARTESIAN_POINT ( 'NONE',  ( -0.4190999999999957500, 0.7238999999999998800, 0.0000000000000000000 ) ) ;
#2916 =( LENGTH_UNIT ( ) NAMED_UNIT ( * ) SI_UNIT ( .MILLI., .METRE. ) );
#2917 = DIRECTION ( 'NONE',  ( -0.0000000000000000000, -1.000000000000000000, 0.0000000000000000000 ) ) ;
#2918 = CARTESIAN_POINT ( 'NONE',  ( 1.586152231467894900, 1.277291317577279100, 0.2248867326813459000 ) ) ;
#2919 = ORIENTED_EDGE ( 'NONE', *, *, #3349, .T. ) ;
#2920 = AXIS2_PLACEMENT_3D ( 'NONE', #7183, #7133, #7109 ) ;
#2921 = VECTOR ( 'NONE', #7518, 1000.000000000000000 ) ;
#2922 = EDGE_CURVE ( 'NONE', #5926, #7500, #4076, .T. ) ;
#2923 =( BOUNDED_CURVE ( )  B_SPLINE_CURVE ( 3, ( #2521, #3147, #123, #4390 ),
 .UNSPECIFIED., .F., .F. )
 B_SPLINE_CURVE_WITH_KNOTS ( ( 4, 4 ),
 ( 4.712388980384689700, 6.283185307179586200 ),
 .UNSPECIFIED. )
 CURVE ( )  GEOMETRIC_REPRESENTATION_ITEM ( )  RATIONAL_B_SPLINE_CURVE ( ( 1.000000000000000000, 0.8047378541243649400, 0.8047378541243649400, 1.000000000000000000 ) )
 REPRESENTATION_ITEM ( '' )  );
#2924 = CARTESIAN_POINT ( 'NONE',  ( 2.247900000000000900, 0.6299199999999998100, 0.5257799999999995800 ) ) ;
#2925 = CYLINDRICAL_SURFACE ( 'NONE', #4415, 1.600200000000000100 ) ;
#2926 = DIRECTION ( 'NONE',  ( 0.0000000000000000000, 0.0000000000000000000, 1.000000000000000000 ) ) ;
#2927 = CARTESIAN_POINT ( 'NONE',  ( -1.319327172569533200, 1.447799999999999800, -0.8831652824530617000 ) ) ;
#2928 = B_SPLINE_CURVE_WITH_KNOTS ( 'NONE', 3,
 ( #3423, #5920, #7159, #3473 ),
 .UNSPECIFIED., .F., .F.,
 ( 4, 4 ),
 ( 0.0000000000000000000, 1.000000000000000000 ),
 .UNSPECIFIED. ) ;
#2929 = CARTESIAN_POINT ( 'NONE',  ( -1.618053878014182200, 0.6730252293811316300, 0.6207555997902419700 ) ) ;
#2930 = ORIENTED_EDGE ( 'NONE', *, *, #369, .F. ) ;
#2931 = CARTESIAN_POINT ( 'NONE',  ( 1.405318419487914000, 0.01249151612450900300, -1.600200000000000100 ) ) ;
#2932 = EDGE_LOOP ( 'NONE', ( #3315, #1996, #463, #5248 ) ) ;
#2933 = VECTOR ( 'NONE', #1240, 1000.000000000000000 ) ;
#2934 = ORIENTED_EDGE ( 'NONE', *, *, #6222, .T. ) ;
#2935 = DIRECTION ( 'NONE',  ( -0.0000000000000000000, -1.000000000000000000, -0.0000000000000000000 ) ) ;
#2936 = DIRECTION ( 'NONE',  ( 0.8660254037844383700, 0.0000000000000000000, 0.5000000000000003300 ) ) ;
#2937 = CARTESIAN_POINT ( 'NONE',  ( -1.572260000000000900, 0.1117600000000006900, -0.4953000000000003000 ) ) ;
#2938 = ORIENTED_EDGE ( 'NONE', *, *, #7624, .T. ) ;
#2939 = ORIENTED_EDGE ( 'NONE', *, *, #7120, .F. ) ;
#2940 = EDGE_LOOP ( 'NONE', ( #6268, #2228, #2542, #6567 ) ) ;
#2941 = EDGE_CURVE ( 'NONE', #4935, #1348, #2428, .T. ) ;
#2942 = CARTESIAN_POINT ( 'NONE',  ( -0.4334411414813531000, 0.6730252293811316300, -1.540379439252336000 ) ) ;
#2943 = EDGE_LOOP ( 'NONE', ( #4865, #473, #6715, #751 ) ) ;
#2944 =( NAMED_UNIT ( * ) PLANE_ANGLE_UNIT ( ) SI_UNIT ( $, .RADIAN. ) );
#2945 = DIRECTION ( 'NONE',  ( -1.000000000000000000, 0.0000000000000000000, 0.0000000000000000000 ) ) ;
#2946 = DIRECTION ( 'NONE',  ( -0.0000000000000000000, -1.000000000000000000, -0.0000000000000000000 ) ) ;
#2947 = DIRECTION ( 'NONE',  ( 0.0000000000000000000, 0.0000000000000000000, -1.000000000000000000 ) ) ;
#2948 = ORIENTED_EDGE ( 'NONE', *, *, #1108, .F. ) ;
#2949 = PLANE ( 'NONE',  #107 ) ;
#2950 = FACE_OUTER_BOUND ( 'NONE', #421, .T. ) ;
#2951 = DIRECTION ( 'NONE',  ( -0.0000000000000000000, 0.0000000000000000000, 1.000000000000000000 ) ) ;
#2952 = ADVANCED_FACE ( 'NONE', ( #3899 ), #6773, .T. ) ;
#2953 = ORIENTED_EDGE ( 'NONE', *, *, #2393, .F. ) ;
#2954 = AXIS2_PLACEMENT_3D ( 'NONE', #4581, #890, #5193 ) ;
#2955 = ADVANCED_BREP_SHAPE_REPRESENTATION ( 'JZ400', ( #3559, #7589, #4989, #7247, #2111, #698, #815 ), #4277 ) ;
#2956 = CARTESIAN_POINT ( 'NONE',  ( 0.2285999999999999700, 1.447800000000000000, 0.0000000000000000000 ) ) ;
#2957 = ORIENTED_EDGE ( 'NONE', *, *, #320, .F. ) ;
#2958 = CARTESIAN_POINT ( 'NONE',  ( 1.405318419487914000, -0.0001681812515679813100, -1.587420421975473900 ) ) ;
#2959 = VECTOR ( 'NONE', #7131, 1000.000000000000000 ) ;
#2960 = CIRCLE ( 'NONE', #826, 1.600200000000000100 ) ;
#2961 = CARTESIAN_POINT ( 'NONE',  ( -1.588843853677686800, 0.6603999999999995400, 0.7653102537053451100 ) ) ;
#2962 = B_SPLINE_CURVE_WITH_KNOTS ( 'NONE', 3,
 ( #1802, #5702, #4238, #2390 ),
 .UNSPECIFIED., .F., .F.,
 ( 4, 4 ),
 ( 0.0000000000000000000, 3.151979131323818900E-006 ),
 .UNSPECIFIED. ) ;
#2963 = FILL_AREA_STYLE ('',( #6620 ) ) ;
#2964 = DIRECTION ( 'NONE',  ( 0.0000000000000000000, 0.0000000000000000000, 1.000000000000000000 ) ) ;
#2965 = ORIENTED_EDGE ( 'NONE', *, *, #7478, .F. ) ;
#2966 = FACE_OUTER_BOUND ( 'NONE', #952, .T. ) ;
#2967 = LINE ( 'NONE', #4774, #6431 ) ;
#2968 = DIRECTION ( 'NONE',  ( 0.0000000000000000000, 0.0000000000000000000, -1.000000000000000000 ) ) ;
#2969 = LINE ( 'NONE', #5532, #1328 ) ;
#2970 = DIRECTION ( 'NONE',  ( 0.0000000000000000000, -0.0000000000000000000, 1.000000000000000000 ) ) ;
#2971 =( NAMED_UNIT ( * ) SI_UNIT ( $, .STERADIAN. ) SOLID_ANGLE_UNIT ( ) );
#2972 = ORIENTED_EDGE ( 'NONE', *, *, #6141, .F. ) ;
#2973 = CARTESIAN_POINT ( 'NONE',  ( 0.0000000000000000000, 7.512325129353056000, 0.0000000000000000000 ) ) ;
#2974 = DIRECTION ( 'NONE',  ( 0.0000000000000000000, 0.0000000000000000000, 1.000000000000000000 ) ) ;
#2975 = ORIENTED_EDGE ( 'NONE', *, *, #4988, .T. ) ;
#2976 = DIRECTION ( 'NONE',  ( 0.0000000000000000000, 1.000000000000000000, 0.0000000000000000000 ) ) ;
#2977 = LINE ( 'NONE', #3568, #4609 ) ;
#2978 = CARTESIAN_POINT ( 'NONE',  ( 0.0000000000000000000, 0.7238999999999995400, 1.600200000000000100 ) ) ;
#2979 = FACE_OUTER_BOUND ( 'NONE', #5906, .T. ) ;
#2980 = VERTEX_POINT ( 'NONE', #5475 ) ;
#2981 = CARTESIAN_POINT ( 'NONE',  ( 0.4495799999999958700, 0.1193799999999999900, 1.600200000000000100 ) ) ;
#2982 = ORIENTED_EDGE ( 'NONE', *, *, #2029, .T. ) ;
#2983 = EDGE_CURVE ( 'NONE', #1488, #3974, #5707, .T. ) ;
#2984 = CARTESIAN_POINT ( 'NONE',  ( -0.2285999999996936900, 1.445203729341800100, -0.6722767983249121600 ) ) ;
#2985 = DIRECTION ( 'NONE',  ( 0.0000000000000000000, 0.0000000000000000000, 1.000000000000000000 ) ) ;
#2986 = CARTESIAN_POINT ( 'NONE',  ( 0.4286669376602912900, 0.6908353484922931100, -1.541722833159794300 ) ) ;
#2987 = CARTESIAN_POINT ( 'NONE',  ( 1.405318419487913800, 1.353704919151580400E-006, -1.569432737020557600 ) ) ;
#2988 = CARTESIAN_POINT ( 'NONE',  ( -1.463489722546762500, 1.417319999999999700, -0.8585199999999993900 ) ) ;
#2989 = AXIS2_PLACEMENT_3D ( 'NONE', #2104, #3971, #313 ) ;
#2990 = DIRECTION ( 'NONE',  ( 0.0000000000000000000, -1.000000000000000000, 0.0000000000000000000 ) ) ;
#2991 = EDGE_CURVE ( 'NONE', #143, #4892, #2244, .T. ) ;
#2992 = ADVANCED_FACE ( 'NONE', ( #617 ), #5446, .F. ) ;
#2993 = EDGE_LOOP ( 'NONE', ( #1763, #4161, #7161, #2584, #6961 ) ) ;
#2994 = CARTESIAN_POINT ( 'NONE',  ( 1.601550234335655100, 1.435174770618867600, -0.9361403254109740300 ) ) ;
#2995 = CARTESIAN_POINT ( 'NONE',  ( 1.600157700825787700, 1.417319999999999700, -0.01163496832521034700 ) ) ;
#2996 = CARTESIAN_POINT ( 'NONE',  ( 0.1033155247642532200, 0.7094734034594429900, -1.600199999999999600 ) ) ;
#2997 = DIRECTION ( 'NONE',  ( -0.0000000000000000000, -1.000000000000000000, -0.0000000000000000000 ) ) ;
#2998 = CARTESIAN_POINT ( 'NONE',  ( 1.516380000000000500, 1.130299999999999900, 0.4952999999999996300 ) ) ;
#2999 = ORIENTED_EDGE ( 'NONE', *, *, #1627, .T. ) ;
#3000 = EDGE_LOOP ( 'NONE', ( #3475, #5917 ) ) ;
#3001 = B_SPLINE_CURVE_WITH_KNOTS ( 'NONE', 3,
 ( #5028, #2503, #1938, #6261, #2563, #6874, #3191, #7492, #3822, #154, #4427, #744, #5054 ),
 .UNSPECIFIED., .F., .F.,
 ( 4, 3, 3, 3, 4 ),
 ( 1.325901466378305200E-013, 1.185564399854732400E-005, 2.273515708345835400E-005, 3.328487564283076100E-005, 4.227960608591194000E-005 ),
 .UNSPECIFIED. ) ;
#3002 = CARTESIAN_POINT ( 'NONE',  ( 0.0000000000000000000, 0.7238999999999997700, 1.600200000000000100 ) ) ;
#3003 = CARTESIAN_POINT ( 'NONE',  ( 1.341369653360580100, 0.6730252293811317400, 1.024931031789437300 ) ) ;
#3004 = DIRECTION ( 'NONE',  ( 0.0000000000000000000, 1.707404996040164400E-015, -1.000000000000000000 ) ) ;
#3005 = LINE ( 'NONE', #6262, #3385 ) ;
#3006 = VECTOR ( 'NONE', #199, 1000.000000000000000 ) ;
#3007 = EDGE_CURVE ( 'NONE', #1030, #5363, #5330, .T. ) ;
#3008 = DIRECTION ( 'NONE',  ( 0.7071067811865510100, 0.0000000000000000000, -0.7071067811865440200 ) ) ;
#3009 = ORIENTED_EDGE ( 'NONE', *, *, #165, .F. ) ;
#3010 = CARTESIAN_POINT ( 'NONE',  ( 1.412927103711796500, 0.03047999999999983000, -1.597027355825620900 ) ) ;
#3011 = FACE_OUTER_BOUND ( 'NONE', #3927, .T. ) ;
#3012 = CARTESIAN_POINT ( 'NONE',  ( 0.4190999999999958100, 0.7238999999999996500, 1.544342976802757900 ) ) ;
#3013 = CARTESIAN_POINT ( 'NONE',  ( -1.463489722546762200, 1.447968181251567900, 0.8762204219754741200 ) ) ;
#3014 = VERTEX_POINT ( 'NONE', #4726 ) ;
#3015 = LINE ( 'NONE', #5316, #1378 ) ;
#3016 = CARTESIAN_POINT ( 'NONE',  ( -2.247900000000000000, 0.1193799999999999900, -1.600200000000000100 ) ) ;
#3017 = DIRECTION ( 'NONE',  ( 0.0000000000000000000, 0.0000000000000000000, -1.000000000000000000 ) ) ;
#3018 = ORIENTED_EDGE ( 'NONE', *, *, #3957, .F. ) ;
#3019 = AXIS2_PLACEMENT_3D ( 'NONE', #7654, #7249, #7198 ) ;
#3020 = EDGE_CURVE ( 'NONE', #7336, #4612, #5516, .T. ) ;
#3021 = VECTOR ( 'NONE', #2513, 1000.000000000000000 ) ;
#3022 = EDGE_CURVE ( 'NONE', #2626, #1698, #6966, .T. ) ;
#3023 = EDGE_CURVE ( 'NONE', #3214, #5381, #445, .T. ) ;
#3024 = CIRCLE ( 'NONE', #3140, 0.2540000000000001100 ) ;
#3025 = DIRECTION ( 'NONE',  ( -1.000000000000000000, -0.0000000000000000000, -0.0000000000000000000 ) ) ;
#3026 = ADVANCED_FACE ( 'NONE', ( #3698 ), #2645, .T. ) ;
#3027 = CARTESIAN_POINT ( 'NONE',  ( -0.4495799999999958700, 0.03047999999999999000, -1.569720000000000000 ) ) ;
#3028 = ORIENTED_EDGE ( 'NONE', *, *, #2765, .F. ) ;
#3029 = CARTESIAN_POINT ( 'NONE',  ( -1.358900000000000000, 0.6299199999999998100, -1.473200000000000100 ) ) ;
#3030 = EDGE_LOOP ( 'NONE', ( #1491, #3, #4588, #3452 ) ) ;
#3031 = LINE ( 'NONE', #1434, #7549 ) ;
#3032 = VERTEX_POINT ( 'NONE', #2398 ) ;
#3033 = CARTESIAN_POINT ( 'NONE',  ( -2.217420000000000200, 0.01262522938113175600, -1.600200000000000100 ) ) ;
#3034 = CARTESIAN_POINT ( 'NONE',  ( 0.4222431584558687400, 0.0000000000000000000, -1.481194994447871700 ) ) ;
#3035 = CARTESIAN_POINT ( 'NONE',  ( 1.412927103711796800, 0.01436392618269383800, -1.597027355825621200 ) ) ;
#3036 = CARTESIAN_POINT ( 'NONE',  ( -2.217420000000000200, 0.6299199999999999200, 1.600199999999999800 ) ) ;
#3037 = ORIENTED_EDGE ( 'NONE', *, *, #3467, .T. ) ;
#3038 = AXIS2_PLACEMENT_3D ( 'NONE', #1446, #262, #4539 ) ;
#3039 = DIRECTION ( 'NONE',  ( 0.0000000000000000000, 0.0000000000000000000, 1.000000000000000000 ) ) ;
#3040 = CARTESIAN_POINT ( 'NONE',  ( 1.460500000000000400, 0.1117600000000006900, -0.4953000000000003000 ) ) ;
#3041 = CYLINDRICAL_SURFACE ( 'NONE', #4301, 1.104900000000000000 ) ;
#3042 = CARTESIAN_POINT ( 'NONE',  ( -1.474638141137640600, 1.447968181251567900, 0.8762204219754743400 ) ) ;
#3043 = EDGE_LOOP ( 'NONE', ( #4845, #126, #4648, #6788 ) ) ;
#3044 = CARTESIAN_POINT ( 'NONE',  ( -0.2920999999999991400, 1.295188274504349900, 0.01269999999999998400 ) ) ;
#3045 = DIRECTION ( 'NONE',  ( -1.000000000000000000, 0.0000000000000000000, 0.0000000000000000000 ) ) ;
#3046 = ORIENTED_EDGE ( 'NONE', *, *, #6127, .T. ) ;
#3047 = EDGE_CURVE ( 'NONE', #7026, #5332, #1207, .T. ) ;
#3048 = CARTESIAN_POINT ( 'NONE',  ( -0.4191000001234631000, 0.6907460454768802300, 1.544342977257723500 ) ) ;
#3049 = CARTESIAN_POINT ( 'NONE',  ( 1.516379999999999600, 0.9144000000000002100, -6.762205290378619100E-018 ) ) ;
#3050 = ORIENTED_EDGE ( 'NONE', *, *, #3775, .F. ) ;
#3051 = CARTESIAN_POINT ( 'NONE',  ( 1.397074770618876900, 7.115076756936122800E-017, 1.569719999999999800 ) ) ;
#3052 = CIRCLE ( 'NONE', #6035, 0.03047999999999999300 ) ;
#3053 = EDGE_CURVE ( 'NONE', #7561, #6920, #1854, .T. ) ;
#3054 = DIRECTION ( 'NONE',  ( -1.000000000000000000, 0.0000000000000000000, 0.0000000000000000000 ) ) ;
#3055 = DIRECTION ( 'NONE',  ( 0.0000000000000000000, 0.0000000000000000000, -1.000000000000000000 ) ) ;
#3056 = ORIENTED_EDGE ( 'NONE', *, *, #5607, .F. ) ;
#3057 = ADVANCED_FACE ( 'NONE', ( #6585 ), #7769, .F. ) ;
#3058 = DIRECTION ( 'NONE',  ( 0.0000000000000000000, 0.0000000000000000000, -1.000000000000000000 ) ) ;
#3059 = FACE_OUTER_BOUND ( 'NONE', #379, .T. ) ;
#3060 = CARTESIAN_POINT ( 'NONE',  ( -0.4191000000053049000, 0.6748129827314323100, 1.548774299836681400 ) ) ;
#3061 = VECTOR ( 'NONE', #4567, 1000.000000000000000 ) ;
#3062 = CARTESIAN_POINT ( 'NONE',  ( -2.247900000000000000, 0.03048000000000004900, -1.569720000000000200 ) ) ;
#3063 = AXIS2_PLACEMENT_3D ( 'NONE', #3919, #3892, #3841 ) ;
#3064 = CARTESIAN_POINT ( 'NONE',  ( 1.412927103711796800, 0.003021968804307547500, -1.585577996100653300 ) ) ;
#3065 = EDGE_LOOP ( 'NONE', ( #7184, #2270, #7205, #4699 ) ) ;
#3066 = ORIENTED_EDGE ( 'NONE', *, *, #1372, .F. ) ;
#3067 = DIRECTION ( 'NONE',  ( -0.0000000000000000000, -1.000000000000000000, -0.0000000000000000000 ) ) ;
#3068 = LINE ( 'NONE', #2915, #1231 ) ;
#3069 = DIRECTION ( 'NONE',  ( 1.000000000000000000, 0.0000000000000000000, -0.0000000000000000000 ) ) ;
#3070 = CYLINDRICAL_SURFACE ( 'NONE', #5301, 0.03047999999999999300 ) ;
#3071 = ORIENTED_EDGE ( 'NONE', *, *, #5058, .F. ) ;
#3072 = ADVANCED_FACE ( 'NONE', ( #4946 ), #6384, .T. ) ;
#3073 = VERTEX_POINT ( 'NONE', #588 ) ;
#3074 = CARTESIAN_POINT ( 'NONE',  ( -0.4495799999999958700, 0.03047999999999999700, 1.569720000000000000 ) ) ;
#3075 = EDGE_CURVE ( 'NONE', #2307, #3995, #3310, .T. ) ;
#3076 = LINE ( 'NONE', #2870, #2890 ) ;
#3077 = ORIENTED_EDGE ( 'NONE', *, *, #6353, .T. ) ;
#3078 = CARTESIAN_POINT ( 'NONE',  ( 1.418728709932698800, 0.6299199999999998100, -1.591170811457688800 ) ) ;
#3079 = CARTESIAN_POINT ( 'NONE',  ( 1.155700000000000400, 0.08890000000000000700, 0.4952999999999996300 ) ) ;
#3080 = DIRECTION ( 'NONE',  ( 0.0000000000000000000, 0.0000000000000000000, -1.000000000000000000 ) ) ;
#3081 = PLANE ( 'NONE',  #5165 ) ;
#3082 = DIRECTION ( 'NONE',  ( 0.0000000000000000000, 0.0000000000000000000, -1.000000000000000000 ) ) ;
#3083 = EDGE_CURVE ( 'NONE', #4692, #5128, #254, .T. ) ;
#3084 = CARTESIAN_POINT ( 'NONE',  ( 1.412927103711796500, 0.003173856972997770100, -1.569462638044777600 ) ) ;
#3085 = CARTESIAN_POINT ( 'NONE',  ( 1.557563710773524700, 1.127094441941682400, 0.3748451443529580700 ) ) ;
#3086 = ORIENTED_EDGE ( 'NONE', *, *, #4293, .F. ) ;
#3087 = CARTESIAN_POINT ( 'NONE',  ( 2.217420000000001100, 0.6603999999999998800, 0.7493747706188677000 ) ) ;
#3088 = ORIENTED_EDGE ( 'NONE', *, *, #2630, .F. ) ;
#3089 = DIRECTION ( 'NONE',  ( 0.0000000000000000000, 0.0000000000000000000, 1.000000000000000000 ) ) ;
#3090 = AXIS2_PLACEMENT_3D ( 'NONE', #4193, #1751, #6073 ) ;
#3091 = CARTESIAN_POINT ( 'NONE',  ( 1.390439482815922100E-016, 1.447800000000000000, 1.135380000000000100 ) ) ;
#3092 = EDGE_CURVE ( 'NONE', #5663, #6947, #79, .T. ) ;
#3093 = ADVANCED_FACE ( 'NONE', ( #6199 ), #2925, .T. ) ;
#3094 = ORIENTED_EDGE ( 'NONE', *, *, #6530, .T. ) ;
#3095 = CARTESIAN_POINT ( 'NONE',  ( 0.0000000000000000000, 1.417319999999999700, 0.0000000000000000000 ) ) ;
#3096 = VERTEX_POINT ( 'NONE', #6770 ) ;
#3097 = DIRECTION ( 'NONE',  ( 2.188980764154056600E-016, 0.0000000000000000000, -1.000000000000000000 ) ) ;
#3098 = CARTESIAN_POINT ( 'NONE',  ( -0.3886199999999958000, 0.03047999999999999300, -1.511300000000000300 ) ) ;
#3099 = CARTESIAN_POINT ( 'NONE',  ( -0.4495799999999958700, 0.0000000000000000000, 1.569720000000000200 ) ) ;
#3100 = ORIENTED_EDGE ( 'NONE', *, *, #3113, .T. ) ;
#3101 = CARTESIAN_POINT ( 'NONE',  ( 1.563028992053570300, 0.6428163243009421500, 0.4952999999999998500 ) ) ;
#3102 = LINE ( 'NONE', #5070, #2912 ) ;
#3103 = VECTOR ( 'NONE', #2917, 1000.000000000000000 ) ;
#3104 = CARTESIAN_POINT ( 'NONE',  ( 0.4495799999999960900, -3.388131789017201400E-018, -1.541780000000000400 ) ) ;
#3105 = ORIENTED_EDGE ( 'NONE', *, *, #1216, .T. ) ;
#3106 = DIRECTION ( 'NONE',  ( 0.0000000000000000000, 0.0000000000000000000, -1.000000000000000000 ) ) ;
#3107 = AXIS2_PLACEMENT_3D ( 'NONE', #6087, #2388, #6704 ) ;
#3108 = ADVANCED_FACE ( 'NONE', ( #7818 ), #7335, .T. ) ;
#3109 = AXIS2_PLACEMENT_3D ( 'NONE', #963, #934, #988 ) ;
#3110 = VERTEX_POINT ( 'NONE', #6714 ) ;
#3111 = VECTOR ( 'NONE', #7442, 1000.000000000000000 ) ;
#3112 = EDGE_CURVE ( 'NONE', #3420, #4769, #7791, .T. ) ;
#3113 = EDGE_CURVE ( 'NONE', #2236, #1003, #1278, .T. ) ;
#3114 =( BOUNDED_CURVE ( )  B_SPLINE_CURVE ( 3, ( #4180, #5387, #7273, #3586 ),
 .UNSPECIFIED., .F., .F. )
 B_SPLINE_CURVE_WITH_KNOTS ( ( 4, 4 ),
 ( 3.243904813565128700, 4.712388980384692300 ),
 .UNSPECIFIED. )
 CURVE ( )  GEOMETRIC_REPRESENTATION_ITEM ( )  RATIONAL_B_SPLINE_CURVE ( ( 1.000000000000000000, 0.8282258596109338700, 0.8282258596109338700, 1.000000000000000000 ) )
 REPRESENTATION_ITEM ( '' )  );
#3115 = CARTESIAN_POINT ( 'NONE',  ( -2.247900000000000000, 0.6477747706188679000, 0.5079252293811314900 ) ) ;
#3116 = CIRCLE ( 'NONE', #1519, 0.03047999999999996200 ) ;
#3117 = DIRECTION ( 'NONE',  ( 1.000000000000000000, 0.0000000000000000000, 0.0000000000000000000 ) ) ;
#3118 = FACE_OUTER_BOUND ( 'NONE', #330, .T. ) ;
#3119 = CARTESIAN_POINT ( 'NONE',  ( 0.0000000000000000000, 0.6603999999999997600, -0.7239000000000001000 ) ) ;
#3120 = DIRECTION ( 'NONE',  ( 0.0000000000000000000, -0.0000000000000000000, -1.000000000000000000 ) ) ;
#3121 = ORIENTED_EDGE ( 'NONE', *, *, #803, .F. ) ;
#3122 = ORIENTED_EDGE ( 'NONE', *, *, #6731, .T. ) ;
#3123 = LINE ( 'NONE', #1399, #87 ) ;
#3124 = VERTEX_POINT ( 'NONE', #2455 ) ;
#3125 = CARTESIAN_POINT ( 'NONE',  ( -1.460500000000000100, 0.1117600000000006900, -0.4953000000000003000 ) ) ;
#3126 = CARTESIAN_POINT ( 'NONE',  ( -0.4138704587622597000, -1.082636358311556300E-019, -1.498674770618868300 ) ) ;
#3127 = EDGE_CURVE ( 'NONE', #734, #4892, #3116, .T. ) ;
#3128 = CARTESIAN_POINT ( 'NONE',  ( -1.866900000000000000, 0.5968999999999998800, -1.219199999999999800 ) ) ;
#3129 = EDGE_LOOP ( 'NONE', ( #2250, #6081, #1229, #6491 ) ) ;
#3130 = EDGE_CURVE ( 'NONE', #2648, #2344, #6372, .T. ) ;
#3131 = CARTESIAN_POINT ( 'NONE',  ( 0.3886199999999961900, 1.267575119831637700E-016, -1.498674770618868300 ) ) ;
#3132 = ORIENTED_EDGE ( 'NONE', *, *, #5655, .F. ) ;
#3133 = DIRECTION ( 'NONE',  ( 0.0000000000000000000, -1.000000000000000000, -8.880397041612045000E-017 ) ) ;
#3134 = EDGE_LOOP ( 'NONE', ( #5125, #163, #4898, #7888, #459 ) ) ;
#3135 = CARTESIAN_POINT ( 'NONE',  ( -1.489779957083530800, 0.6908799999999996100, -0.8739425149700593700 ) ) ;
#3136 = PLANE ( 'NONE',  #6298 ) ;
#3137 = CARTESIAN_POINT ( 'NONE',  ( -2.374900000000000200, 0.6299199999999998100, 1.473199999999999600 ) ) ;
#3138 = ORIENTED_EDGE ( 'NONE', *, *, #7708, .F. ) ;
#3139 = CARTESIAN_POINT ( 'NONE',  ( 1.133957390235037100, 1.447799999999999800, 0.6663896340332765600 ) ) ;
#3140 = AXIS2_PLACEMENT_3D ( 'NONE', #5669, #1967, #6286 ) ;
#3141 = VECTOR ( 'NONE', #1318, 1000.000000000000000 ) ;
#3142 = ORIENTED_EDGE ( 'NONE', *, *, #1281, .T. ) ;
#3143 = DIRECTION ( 'NONE',  ( -0.0000000000000000000, -0.0000000000000000000, -1.000000000000000000 ) ) ;
#3144 = DIRECTION ( 'NONE',  ( -1.000000000000000000, 0.0000000000000000000, 0.0000000000000000000 ) ) ;
#3145 = ADVANCED_FACE ( 'NONE', ( #7634 ), #1225, .F. ) ;
#3146 = LINE ( 'NONE', #7180, #2959 ) ;
#3147 = CARTESIAN_POINT ( 'NONE',  ( -2.247900000000000000, 0.01262522938113202700, 0.5079252293811314900 ) ) ;
#3148 = VECTOR ( 'NONE', #1309, 1000.000000000000000 ) ;
#3149 = AXIS2_PLACEMENT_3D ( 'NONE', #585, #4884, #1186 ) ;
#3150 = CARTESIAN_POINT ( 'NONE',  ( 1.418728709932699300, 0.6513698587651358700, 1.569517833857913700 ) ) ;
#3151 = CARTESIAN_POINT ( 'NONE',  ( -0.4495799999999958700, 1.270221856575270900E-016, 1.587574770618868500 ) ) ;
#3152 = CARTESIAN_POINT ( 'NONE',  ( 0.3108362295486158900, 0.6934200000011603300, 1.600200000000000100 ) ) ;
#3153 = ORIENTED_EDGE ( 'NONE', *, *, #3595, .F. ) ;
#3154 = FACE_OUTER_BOUND ( 'NONE', #6985, .T. ) ;
#3155 = CARTESIAN_POINT ( 'NONE',  ( 0.9691505487763857300, 0.6603999999999994300, 1.421302024736021700 ) ) ;
#3156 = LINE ( 'NONE', #7565, #7852 ) ;
#3157 = CARTESIAN_POINT ( 'NONE',  ( 0.4138704587622601400, 1.267575119831637700E-016, -1.498674770618868300 ) ) ;
#3158 = EDGE_CURVE ( 'NONE', #7794, #7771, #4367, .T. ) ;
#3159 = CARTESIAN_POINT ( 'NONE',  ( 1.524264684372457200, 1.070105267939001500, 0.3473568837657383100 ) ) ;
#3160 = VERTEX_POINT ( 'NONE', #7413 ) ;
#3161 = CARTESIAN_POINT ( 'NONE',  ( 0.0000000000000000000, 0.7238999999999998800, 1.600200000000000100 ) ) ;
#3162 = CARTESIAN_POINT ( 'NONE',  ( -1.485640616257134500, 0.6603999999999996500, -0.9194799999999995200 ) ) ;
#3163 = CARTESIAN_POINT ( 'NONE',  ( -2.217420000000000200, 0.6603999999999998800, -0.5257800000000003600 ) ) ;
#3164 = CARTESIAN_POINT ( 'NONE',  ( -1.866900000000000200, 0.6299199999999998100, 1.473200000000000300 ) ) ;
#3165 = FACE_OUTER_BOUND ( 'NONE', #1558, .T. ) ;
#3166 = CARTESIAN_POINT ( 'NONE',  ( -0.2605773355787175400, 0.7238999999999995400, 1.579672279173452500 ) ) ;
#3167 = CARTESIAN_POINT ( 'NONE',  ( 1.103515581101210500, 1.417319999999999700, 0.6484999794283564700 ) ) ;
#3168 = LINE ( 'NONE', #1791, #4610 ) ;
#3169 = ORIENTED_EDGE ( 'NONE', *, *, #5231, .T. ) ;
#3170 = ORIENTED_EDGE ( 'NONE', *, *, #1926, .T. ) ;
#3171 = CARTESIAN_POINT ( 'NONE',  ( 0.4495799999999958700, 0.03048000000000004900, 1.600200000000000100 ) ) ;
#3172 = CARTESIAN_POINT ( 'NONE',  ( 1.460500000000000400, 1.295188274504349900, -0.01270000000000084900 ) ) ;
#3173 = CARTESIAN_POINT ( 'NONE',  ( -2.217420000000000200, 0.6299199999999998100, 1.569720000000000000 ) ) ;
#3174 = DIRECTION ( 'NONE',  ( -1.000000000000000000, -0.0000000000000000000, -0.0000000000000000000 ) ) ;
#3175 = DIRECTION ( 'NONE',  ( 1.000000000000000000, 0.0000000000000000000, 0.0000000000000000000 ) ) ;
#3176 = EDGE_CURVE ( 'NONE', #4158, #6798, #2729, .T. ) ;
#3177 = CARTESIAN_POINT ( 'NONE',  ( -1.618053878014181800, 0.6730252293811314100, -0.6207555997902410900 ) ) ;
#3178 = EDGE_CURVE ( 'NONE', #6628, #1488, #4560, .T. ) ;
#3179 = EDGE_CURVE ( 'NONE', #2273, #1366, #7445, .T. ) ;
#3180 = PLANE ( 'NONE',  #5282 ) ;
#3181 = CARTESIAN_POINT ( 'NONE',  ( 1.397074770618876900, 0.6603986462950804900, 1.569432737020557400 ) ) ;
#3183 = UNCERTAINTY_MEASURE_WITH_UNIT (LENGTH_MEASURE( 1.000000000000000100E-005 ), #1057, 'distance_accuracy_value', 'NONE');
#3182 = CARTESIAN_POINT ( 'NONE',  ( 0.1053185930897013000, 0.7239000007291908100, -1.597584000893953000 ) ) ;
#3184 = PLANE ( 'NONE',  #419 ) ;
#3185 = CARTESIAN_POINT ( 'NONE',  ( -1.463489722546762500, 1.435308483875491000, -0.8889999999999997900 ) ) ;
#3186 = EDGE_LOOP ( 'NONE', ( #210, #2100, #71, #1955 ) ) ;
#3187 = CARTESIAN_POINT ( 'NONE',  ( 1.516380330703346800, 0.9778855377320940800, 0.3755876187038631500 ) ) ;
#3188 = CARTESIAN_POINT ( 'NONE',  ( 0.4317252293811281200, 1.267575119831637700E-016, -1.516529541237736600 ) ) ;
#3189 = ADVANCED_FACE ( 'NONE', ( #1086 ), #7251, .T. ) ;
#3190 = FACE_OUTER_BOUND ( 'NONE', #6120, .T. ) ;
#3191 = CARTESIAN_POINT ( 'NONE',  ( -0.4191000000406372400, 0.6724419534234151700, -1.550644558729661300 ) ) ;
#3192 = DIRECTION ( 'NONE',  ( 0.0000000000000000000, -1.000000000000000000, -0.0000000000000000000 ) ) ;
#3193 = CARTESIAN_POINT ( 'NONE',  ( -1.866900000000000000, 0.6477747706188679000, 0.9652000000000007200 ) ) ;
#3194 = ORIENTED_EDGE ( 'NONE', *, *, #4437, .T. ) ;
#3195 = ORIENTED_EDGE ( 'NONE', *, *, #6066, .T. ) ;
#3196 = FACE_OUTER_BOUND ( 'NONE', #2411, .T. ) ;
#3197 = CARTESIAN_POINT ( 'NONE',  ( 0.4368608976583440700, 0.6603999999999997600, -1.552532697441650500 ) ) ;
#3198 = LINE ( 'NONE', #7531, #3006 ) ;
#3199 = DIRECTION ( 'NONE',  ( 0.0000000000000000000, -0.0000000000000000000, 1.000000000000000000 ) ) ;
#3200 = CARTESIAN_POINT ( 'NONE',  ( 1.418728709932699300, 0.008910828164420852800, 1.582176968980230100 ) ) ;
#3201 = EDGE_CURVE ( 'NONE', #3721, #7759, #2525, .T. ) ;
#3202 = AXIS2_PLACEMENT_3D ( 'NONE', #3377, #7682, #4003 ) ;
#3203 = ORIENTED_EDGE ( 'NONE', *, *, #3463, .F. ) ;
#3204 = VERTEX_POINT ( 'NONE', #4824 ) ;
#3205 = FACE_OUTER_BOUND ( 'NONE', #3708, .T. ) ;
#3206 = EDGE_CURVE ( 'NONE', #7719, #6406, #4173, .T. ) ;
#3207 = CARTESIAN_POINT ( 'NONE',  ( 0.0000000000000000000, 0.6299199999999998100, 1.569720000000000000 ) ) ;
#3208 = CARTESIAN_POINT ( 'NONE',  ( 1.409700000000008600, 0.03048000000000004900, 1.600200000000000100 ) ) ;
#3209 = VERTEX_POINT ( 'NONE', #4324 ) ;
#3210 = CIRCLE ( 'NONE', #5711, 0.03047999999999996200 ) ;
#3211 = CARTESIAN_POINT ( 'NONE',  ( 0.4317252293811281200, 1.267575119831637700E-016, -1.541780000000000400 ) ) ;
#3212 = AXIS2_PLACEMENT_3D ( 'NONE', #6569, #429, #456 ) ;
#3213 = AXIS2_PLACEMENT_3D ( 'NONE', #2625, #2018, #2001 ) ;
#3214 = VERTEX_POINT ( 'NONE', #4880 ) ;
#3215 = DIRECTION ( 'NONE',  ( -2.188980764154056600E-016, -0.0000000000000000000, -1.000000000000000000 ) ) ;
#3216 = CARTESIAN_POINT ( 'NONE',  ( -2.374899999999999300, 0.6477747706188677900, 0.9652000000000007200 ) ) ;
#3217 = CIRCLE ( 'NONE', #4312, 0.03047999999999983000 ) ;
#3218 = CARTESIAN_POINT ( 'NONE',  ( -1.296382129561919600, 1.417319999999999700, -0.8851069158878501800 ) ) ;
#3219 = FACE_OUTER_BOUND ( 'NONE', #3000, .T. ) ;
#3220 = ORIENTED_EDGE ( 'NONE', *, *, #249, .T. ) ;
#3221 = DIRECTION ( 'NONE',  ( 0.0000000000000000000, 0.0000000000000000000, -1.000000000000000000 ) ) ;
#3222 = EDGE_LOOP ( 'NONE', ( #1877, #365, #6030, #6914 ) ) ;
#3223 = VECTOR ( 'NONE', #3843, 1000.000000000000000 ) ;
#3224 = ORIENTED_EDGE ( 'NONE', *, *, #6872, .F. ) ;
#3225 = CARTESIAN_POINT ( 'NONE',  ( 0.2285999999999999700, 1.257300000000000300, 0.6868575179758901200 ) ) ;
#3226 = EDGE_CURVE ( 'NONE', #322, #3995, #898, .T. ) ;
#3227 = CARTESIAN_POINT ( 'NONE',  ( 1.397074770618876900, 1.353704918993781100E-006, 1.569432737020557400 ) ) ;
#3228 = B_SPLINE_CURVE_WITH_KNOTS ( 'NONE', 3,
 ( #854, #1496, #3975, #316 ),
 .UNSPECIFIED., .F., .F.,
 ( 4, 4 ),
 ( 0.0000000000000000000, 1.000000000000000000 ),
 .UNSPECIFIED. ) ;
#3229 = ADVANCED_FACE ( 'NONE', ( #3979 ), #928, .T. ) ;
#3230 = EDGE_LOOP ( 'NONE', ( #2226, #5385, #5779, #2905 ) ) ;
#3231 = VERTEX_POINT ( 'NONE', #2417 ) ;
#3232 = EDGE_CURVE ( 'NONE', #6402, #6194, #6901, .T. ) ;
#3233 = CARTESIAN_POINT ( 'NONE',  ( 1.460500000000000400, 0.1117600000000006900, 0.4952999999999996300 ) ) ;
#3234 = CARTESIAN_POINT ( 'NONE',  ( -0.4190999999999958100, 0.03047999999999999300, 1.541780000000000200 ) ) ;
#3235 = AXIS2_PLACEMENT_3D ( 'NONE', #7477, #6853, #6238 ) ;
#3236 = CARTESIAN_POINT ( 'NONE',  ( 0.3886199999999961900, 0.01262522938113203400, -1.511300000000000300 ) ) ;
#3237 = ORIENTED_EDGE ( 'NONE', *, *, #7809, .T. ) ;
#3238 =( BOUNDED_SURFACE ( )  B_SPLINE_SURFACE ( 3, 3, (
 ( #3078, #2585, #2494, #2468 ),
 ( #2438, #2230, #2206, #2175 ),
 ( #2145, #2005, #1978, #1953 ),
 ( #1928, #1904, #1883, #1850 ) ),
 .UNSPECIFIED., .F., .F., .F. )
 B_SPLINE_SURFACE_WITH_KNOTS ( ( 4, 4 ),
 ( 4, 4 ),
 ( 0.0000000000000000000, 1.000000000000000000 ),
 ( 0.0000000000000000000, 1.000000000000000000 ),
 .UNSPECIFIED. )
 GEOMETRIC_REPRESENTATION_ITEM ( )  RATIONAL_B_SPLINE_SURFACE ( (
 ( 1.000000000000000000, 0.8025111867385987800, 0.8025111867385987800, 1.000000000000000000),
 ( 0.9486501948152661300, 0.7613023936410021600, 0.7613023936410021600, 0.9486501948152661300),
 ( 0.9486501948152661300, 0.7613023936410021600, 0.7613023936410021600, 0.9486501948152661300),
 ( 1.000000000000000000, 0.8025111867385987800, 0.8025111867385987800, 1.000000000000000000) ) )
 REPRESENTATION_ITEM ( '' )  SURFACE ( )  );
#3239 = ORIENTED_EDGE ( 'NONE', *, *, #4143, .T. ) ;
#3240 = CARTESIAN_POINT ( 'NONE',  ( -2.217420000000000200, 0.0000000000000000000, 1.569720000000000200 ) ) ;
#3241 = VECTOR ( 'NONE', #1832, 1000.000000000000000 ) ;
#3242 =( BOUNDED_SURFACE ( )  B_SPLINE_SURFACE ( 3, 3, (
 ( #1005, #5437, #6069, #2365 ),
 ( #6684, #3003, #7308, #3624 ),
 ( #7885, #4240, #560, #4850 ),
 ( #1154, #5465, #1775, #6093 ) ),
 .UNSPECIFIED., .F., .F., .F. )
 B_SPLINE_SURFACE_WITH_KNOTS ( ( 4, 4 ),
 ( 4, 4 ),
 ( 0.0000000000000000000, 1.000000000000000000 ),
 ( 0.0000000000000000000, 1.000000000000000000 ),
 .UNSPECIFIED. )
 GEOMETRIC_REPRESENTATION_ITEM ( )  RATIONAL_B_SPLINE_SURFACE ( (
 ( 1.000000000000000000, 0.9233949522821429700, 0.9233949522821429700, 1.000000000000000000),
 ( 0.8047378541243674900, 0.7430908724088044500, 0.7430908724088044500, 0.8047378541243674900),
 ( 0.8047378541243674900, 0.7430908724088044500, 0.7430908724088044500, 0.8047378541243674900),
 ( 1.000000000000000000, 0.9233949522821429700, 0.9233949522821429700, 1.000000000000000000) ) )
 REPRESENTATION_ITEM ( '' )  SURFACE ( )  );
#3243 = CARTESIAN_POINT ( 'NONE',  ( -2.235274770618868300, 0.6477747706188677900, -1.600199999999999800 ) ) ;
#3244 = EDGE_CURVE ( 'NONE', #673, #2219, #4943, .T. ) ;
#3245 = ORIENTED_EDGE ( 'NONE', *, *, #1772, .F. ) ;
#3246 = DIRECTION ( 'NONE',  ( 1.000000000000000000, 0.0000000000000000000, 0.0000000000000000000 ) ) ;
#3247 = CARTESIAN_POINT ( 'NONE',  ( 1.397074770618876400, 0.03048000000000004900, -1.569720000000000000 ) ) ;
#3248 = VECTOR ( 'NONE', #2097, 1000.000000000000000 ) ;
#3249 = FACE_OUTER_BOUND ( 'NONE', #971, .T. ) ;
#3250 = EDGE_LOOP ( 'NONE', ( #912, #2919, #176, #4021, #5147, #467, #16, #2094, #2674, #5296, #625, #2809, #7578, #6682, #4170, #6109, #3635, #88, #1402, #2846, #7756, #4817, #6154, #5274, #3869, #6303 ) ) ;
#3251 = ORIENTED_EDGE ( 'NONE', *, *, #2277, .T. ) ;
#3252 = DIRECTION ( 'NONE',  ( 0.0000000000000000000, 0.0000000000000000000, -1.000000000000000000 ) ) ;
#3253 = CIRCLE ( 'NONE', #5606, 0.03048000000000004900 ) ;
#3254 = VECTOR ( 'NONE', #5292, 1000.000000000000000 ) ;
#3255 = ORIENTED_EDGE ( 'NONE', *, *, #3641, .T. ) ;
#3256 = CARTESIAN_POINT ( 'NONE',  ( 1.516380000000000300, 1.130299999999999900, 0.4952999999999998500 ) ) ;
#3257 = AXIS2_PLACEMENT_3D ( 'NONE', #2154, #6466, #2787 ) ;
#3258 = CARTESIAN_POINT ( 'NONE',  ( 1.514738666078486500, 0.6908799999999998300, -0.5159523364485985000 ) ) ;
#3259 = DIRECTION ( 'NONE',  ( 0.0000000000000000000, 0.0000000000000000000, -1.000000000000000000 ) ) ;
#3260 = EDGE_LOOP ( 'NONE', ( #743, #6248, #292, #507 ) ) ;
#3261 = CARTESIAN_POINT ( 'NONE',  ( -2.247900000000000500, 0.03048000000000004900, 0.5257799999999995800 ) ) ;
#3262 = CARTESIAN_POINT ( 'NONE',  ( 0.4064747706188643900, 0.01262522938113203600, -1.511300000000000100 ) ) ;
#3263 = EDGE_CURVE ( 'NONE', #3390, #3073, #4235, .T. ) ;
#3264 = ADVANCED_FACE ( 'NONE', ( #2387 ), #7124, .T. ) ;
#3265 = CIRCLE ( 'NONE', #7150, 0.05588000000000055400 ) ;
#3266 = CARTESIAN_POINT ( 'NONE',  ( -0.4317252293811277800, 5.530339800867056300E-017, -1.587574770618867600 ) ) ;
#3267 = CARTESIAN_POINT ( 'NONE',  ( 1.563028992053581600, 0.6299199999995417400, 0.4952999946780460300 ) ) ;
#3268 = CARTESIAN_POINT ( 'NONE',  ( 0.4109758215994452300, 0.6905574796038386200, 1.546524786112622100 ) ) ;
#3269 = DIRECTION ( 'NONE',  ( 0.0000000000000000000, -0.0000000000000000000, -1.000000000000000000 ) ) ;
#3270 = B_SPLINE_CURVE_WITH_KNOTS ( 'NONE', 3,
 ( #4886, #1811, #6130, #2421, #6738, #3060, #7362, #3675, #41, #4297, #612, #4910, #1221, #5524, #1833, #6158 ),
 .UNSPECIFIED., .F., .F.,
 ( 4, 3, 3, 3, 3, 4 ),
 ( 0.0000000000000000000, 9.962611594555302600E-006, 1.991353853370388900E-005, 3.009489475371579700E-005, 4.064311513802679500E-005, 4.237248123240881500E-005 ),
 .UNSPECIFIED. ) ;
#3271 = DIRECTION ( 'NONE',  ( -0.0000000000000000000, -1.000000000000000000, -0.0000000000000000000 ) ) ;
#3272 = CARTESIAN_POINT ( 'NONE',  ( 2.247900000000000900, 0.6299199999999998100, -0.7673632544943586000 ) ) ;
#3273 = CARTESIAN_POINT ( 'NONE',  ( -0.2106170807924048800, 1.447800000000000000, 0.6659900113954303500 ) ) ;
#3274 = CARTESIAN_POINT ( 'NONE',  ( 1.572260000000000900, 0.05587999999999991600, 0.4952999999999996300 ) ) ;
#3275 = AXIS2_PLACEMENT_3D ( 'NONE', #583, #1034, #1010 ) ;
#3276 = EDGE_CURVE ( 'NONE', #400, #694, #4042, .T. ) ;
#3277 = EDGE_LOOP ( 'NONE', ( #5949, #231, #3906, #7711 ) ) ;
#3278 = CARTESIAN_POINT ( 'NONE',  ( -0.5295393497753677600, 1.447799999999999500, -1.569719999999999800 ) ) ;
#3279 = AXIS2_PLACEMENT_3D ( 'NONE', #3840, #6758, #6732 ) ;
#3280 = EDGE_CURVE ( 'NONE', #2465, #6887, #2593, .T. ) ;
#3281 = ORIENTED_EDGE ( 'NONE', *, *, #3595, .T. ) ;
#3282 = CARTESIAN_POINT ( 'NONE',  ( 2.217132737020559600, 0.01262602236311428400, -0.7798534169139482700 ) ) ;
#3283 = CARTESIAN_POINT ( 'NONE',  ( -1.463489722546762000, 0.6603999999999997600, 0.9194800000000004100 ) ) ;
#3284 = CARTESIAN_POINT ( 'NONE',  ( -2.235050458762263900, 1.447799999999999800, -1.117525229381131300 ) ) ;
#3285 = CARTESIAN_POINT ( 'NONE',  ( -1.296382129561919800, 1.447800000000000000, -0.8851069158878500700 ) ) ;
#3286 = DIRECTION ( 'NONE',  ( 0.0000000000000000000, -0.0000000000000000000, -1.000000000000000000 ) ) ;
#3287 = CARTESIAN_POINT ( 'NONE',  ( 0.4190999999999962500, 0.01262522938113203600, -1.523925229381132500 ) ) ;
#3288 = ORIENTED_EDGE ( 'NONE', *, *, #5255, .F. ) ;
#3289 = VERTEX_POINT ( 'NONE', #7700 ) ;
#3290 = PRESENTATION_LAYER_ASSIGNMENT (  '', '', ( #4791 ) ) ;
#3291 = VERTEX_POINT ( 'NONE', #7680 ) ;
#3292 = LINE ( 'NONE', #6226, #6575 ) ;
#3293 = DIRECTION ( 'NONE',  ( -1.000000000000000000, -0.0000000000000000000, -0.0000000000000000000 ) ) ;
#3294 = FACE_OUTER_BOUND ( 'NONE', #215, .T. ) ;
#3295 = PLANE ( 'NONE',  #4175 ) ;
#3296 = DIRECTION ( 'NONE',  ( 1.000000000000000000, 0.0000000000000000000, 0.0000000000000000000 ) ) ;
#3297 = ORIENTED_EDGE ( 'NONE', *, *, #7903, .T. ) ;
#3298 = DIRECTION ( 'NONE',  ( 0.0000000000000000000, 0.0000000000000000000, 1.000000000000000000 ) ) ;
#3299 = CARTESIAN_POINT ( 'NONE',  ( 2.247900000000000900, 0.6479084838754908300, -0.7493747706188675900 ) ) ;
#3300 = VERTEX_POINT ( 'NONE', #9 ) ;
#3301 = CARTESIAN_POINT ( 'NONE',  ( 2.217420000000001100, 0.6603999999999997600, 0.5257799999999996900 ) ) ;
#3302 = VECTOR ( 'NONE', #4351, 1000.000000000000000 ) ;
#3303 = CARTESIAN_POINT ( 'NONE',  ( -1.326162431689552800, 1.447799999999999300, 0.8585200000000000600 ) ) ;
#3304 = CARTESIAN_POINT ( 'NONE',  ( -1.866900000000000000, 0.5968999999999998800, -1.219199999999999800 ) ) ;
#3305 = EDGE_CURVE ( 'NONE', #5728, #5064, #5474, .T. ) ;
#3306 = AXIS2_PLACEMENT_3D ( 'NONE', #2704, #7020, #3329 ) ;
#3307 =( BOUNDED_SURFACE ( )  B_SPLINE_SURFACE ( 3, 3, (
 ( #2995, #3583, #6001, #6026 ),
 ( #6058, #6551, #6602, #6626 ),
 ( #6648, #6677, #7165, #7191 ),
 ( #7217, #7239, #7269, #7294 ) ),
 .UNSPECIFIED., .F., .F., .F. )
 B_SPLINE_SURFACE_WITH_KNOTS ( ( 4, 4 ),
 ( 4, 4 ),
 ( 0.0000000000000000000, 1.000000000000000000 ),
 ( 0.0000000000000000000, 1.000000000000000000 ),
 .UNSPECIFIED. )
 GEOMETRIC_REPRESENTATION_ITEM ( )  RATIONAL_B_SPLINE_SURFACE ( (
 ( 1.000000000000000000, 0.5277290485274662700, 0.5277290485274662700, 1.000000000000000000),
 ( 0.8047378541243632700, 0.4246835420710851600, 0.4246835420710851600, 0.8047378541243632700),
 ( 0.8047378541243632700, 0.4246835420710851600, 0.4246835420710851600, 0.8047378541243632700),
 ( 1.000000000000000000, 0.5277290485274662700, 0.5277290485274662700, 1.000000000000000000) ) )
 REPRESENTATION_ITEM ( '' )  SURFACE ( )  );
#3308 = ADVANCED_FACE ( 'NONE', ( #2204 ), #7626, .F. ) ;
#3309 = DIRECTION ( 'NONE',  ( -0.7071067811865441300, 0.0000000000000000000, 0.7071067811865507900 ) ) ;
#3310 = CIRCLE ( 'NONE', #2329, 0.03047999999999999300 ) ;
#3311 = LINE ( 'NONE', #2213, #4562 ) ;
#3312 = EDGE_CURVE ( 'NONE', #6977, #6946, #766, .T. ) ;
#3313 = CARTESIAN_POINT ( 'NONE',  ( 0.4190999999999963100, 0.6608225410489826400, -1.569147252560180800 ) ) ;
#3314 = DIRECTION ( 'NONE',  ( 0.0000000000000000000, 1.000000000000000000, -0.0000000000000000000 ) ) ;
#3315 = ORIENTED_EDGE ( 'NONE', *, *, #3676, .T. ) ;
#3316 = CARTESIAN_POINT ( 'NONE',  ( 2.247900000000000900, 0.03048000000000004900, 0.5257799999999996900 ) ) ;
#3317 =( BOUNDED_SURFACE ( )  B_SPLINE_SURFACE ( 3, 3, (
 ( #5379, #7206, #1681, #5994 ),
 ( #2300, #6617, #2929, #7231 ),
 ( #3555, #7836, #4169, #499 ),
 ( #4776, #1091, #5398, #1705 ) ),
 .UNSPECIFIED., .F., .F., .F. )
 B_SPLINE_SURFACE_WITH_KNOTS ( ( 4, 4 ),
 ( 4, 4 ),
 ( 0.0000000000000000000, 1.000000000000000000 ),
 ( 0.0000000000000000000, 1.000000000000000000 ),
 .UNSPECIFIED. )
 GEOMETRIC_REPRESENTATION_ITEM ( )  RATIONAL_B_SPLINE_SURFACE ( (
 ( 1.000000000000000000, 0.9949496422793977500, 0.9949496422793977500, 1.000000000000000000),
 ( 0.8047378541243649400, 0.8006736400897270800, 0.8006736400897270800, 0.8047378541243649400),
 ( 0.8047378541243649400, 0.8006736400897270800, 0.8006736400897270800, 0.8047378541243649400),
 ( 1.000000000000000000, 0.9949496422793977500, 0.9949496422793977500, 1.000000000000000000) ) )
 REPRESENTATION_ITEM ( '' )  SURFACE ( )  );
#3318 = ORIENTED_EDGE ( 'NONE', *, *, #7049, .T. ) ;
#3319 = LINE ( 'NONE', #3125, #6396 ) ;
#3320 = ORIENTED_EDGE ( 'NONE', *, *, #1768, .T. ) ;
#3321 = CARTESIAN_POINT ( 'NONE',  ( -0.8142262148173041700, 0.6603999999999997600, 1.464895556591430600 ) ) ;
#3322 = AXIS2_PLACEMENT_3D ( 'NONE', #2290, #1774, #4849 ) ;
#3323 = CARTESIAN_POINT ( 'NONE',  ( 0.4138704587622597000, -1.082636358311556300E-019, 1.498674770618868300 ) ) ;
#3324 = EDGE_LOOP ( 'NONE', ( #4104, #812, #823, #4111 ) ) ;
#3325 = CARTESIAN_POINT ( 'NONE',  ( 0.4190999999999962500, 0.08890000000000002100, -1.541780000000000400 ) ) ;
#3326 = ORIENTED_EDGE ( 'NONE', *, *, #3880, .F. ) ;
#3327 = SURFACE_STYLE_FILL_AREA ( #1135 ) ;
#3328 = VERTEX_POINT ( 'NONE', #7125 ) ;
#3329 = DIRECTION ( 'NONE',  ( 0.0000000000000000000, 0.0000000000000000000, -1.000000000000000000 ) ) ;
#3330 = ORIENTED_EDGE ( 'NONE', *, *, #5652, .T. ) ;
#3331 = EDGE_CURVE ( 'NONE', #556, #3096, #5286, .T. ) ;
#3332 = CIRCLE ( 'NONE', #742, 0.03047999999999991000 ) ;
#3333 = ORIENTED_EDGE ( 'NONE', *, *, #3092, .F. ) ;
#3334 = DIRECTION ( 'NONE',  ( 0.0000000000000000000, 0.0000000000000000000, -1.000000000000000000 ) ) ;
#3335 = CARTESIAN_POINT ( 'NONE',  ( -0.4189406101713891700, 0.6602406101789652900, -1.572833036899923000 ) ) ;
#3336 = CARTESIAN_POINT ( 'NONE',  ( 1.584367903653051400, 1.298971563689573800, 0.01269999999999993900 ) ) ;
#3337 = CARTESIAN_POINT ( 'NONE',  ( 1.418627385309442900, 0.03048000000000002100, -1.591272614690565800 ) ) ;
#3338 = DIRECTION ( 'NONE',  ( -1.000000000000000000, 0.0000000000000000000, 0.0000000000000000000 ) ) ;
#3339 = FACE_OUTER_BOUND ( 'NONE', #5084, .T. ) ;
#3340 = CARTESIAN_POINT ( 'NONE',  ( 0.4190999999999963100, 0.01262522938113203400, -1.541780000000000400 ) ) ;
#3341 = LINE ( 'NONE', #6211, #1694 ) ;
#3342 = ADVANCED_FACE ( 'NONE', ( #3659 ), #6638, .F. ) ;
#3343 = CARTESIAN_POINT ( 'NONE',  ( -1.128514256475604300, 0.6603999999999997600, 1.239087928094025700 ) ) ;
#3344 = ORIENTED_EDGE ( 'NONE', *, *, #1520, .T. ) ;
#3345 = ORIENTED_EDGE ( 'NONE', *, *, #6686, .T. ) ;
#3346 = CARTESIAN_POINT ( 'NONE',  ( 2.247900000000000900, 0.6603999999999998800, -0.7493747706188677000 ) ) ;
#3347 = CARTESIAN_POINT ( 'NONE',  ( -1.686450975391813800, 0.6603999999999996500, 0.4952999999999997400 ) ) ;
#3348 = CYLINDRICAL_SURFACE ( 'NONE', #6390, 0.03048000000000004900 ) ;
#3349 = EDGE_CURVE ( 'NONE', #7516, #5484, #578, .T. ) ;
#3350 = ORIENTED_EDGE ( 'NONE', *, *, #7709, .T. ) ;
#3351 = CARTESIAN_POINT ( 'NONE',  ( 1.460500000000000100, 0.9144000000000002100, -6.762205290378619100E-018 ) ) ;
#3352 = CARTESIAN_POINT ( 'NONE',  ( 1.563127785505876900, 0.6470281258890424600, 0.4951338561355048700 ) ) ;
#3353 = ADVANCED_FACE ( 'NONE', ( #6727 ), #222, .T. ) ;
#3354 = DIRECTION ( 'NONE',  ( -0.7071067811865510100, 0.0000000000000000000, -0.7071067811865440200 ) ) ;
#3355 = CARTESIAN_POINT ( 'NONE',  ( 0.0000000000000000000, 0.6603999999999998800, -0.4953000000000003000 ) ) ;
#3356 = VECTOR ( 'NONE', #6869, 1000.000000000000000 ) ;
#3357 = CIRCLE ( 'NONE', #4928, 0.03048000000000004900 ) ;
#3358 = ORIENTED_EDGE ( 'NONE', *, *, #2404, .F. ) ;
#3359 = CARTESIAN_POINT ( 'NONE',  ( 1.579068580841396900, 1.240047212617662900, -0.2620292961379108700 ) ) ;
#3360 = VERTEX_POINT ( 'NONE', #5853 ) ;
#3361 = DIRECTION ( 'NONE',  ( 1.000000000000000000, 0.0000000000000000000, 0.0000000000000000000 ) ) ;
#3362 = AXIS2_PLACEMENT_3D ( 'NONE', #3890, #225, #4497 ) ;
#3363 = CARTESIAN_POINT ( 'NONE',  ( 1.599873766714451100, 1.320974840957299000, 0.01269999999999639000 ) ) ;
#3364 = CARTESIAN_POINT ( 'NONE',  ( 0.3886199999999957500, 0.6934199999999997000, 1.600200000000000100 ) ) ;
#3365 = AXIS2_PLACEMENT_3D ( 'NONE', #1098, #2257, #5974 ) ;
#3366 = CARTESIAN_POINT ( 'NONE',  ( 1.533744965933746100, 0.6582019574928891200, -0.4952829404541844700 ) ) ;
#3367 = CARTESIAN_POINT ( 'NONE',  ( 0.3886199999999961900, 0.03047999999999999300, -1.511300000000000100 ) ) ;
#3368 = CARTESIAN_POINT ( 'NONE',  ( -1.346727066632285300, 0.6603999999999996500, 0.9194800000000003000 ) ) ;
#3369 = B_SPLINE_CURVE_WITH_KNOTS ( 'NONE', 3,
 ( #5302, #3584, #5408, #5927, #5954, #5980, #6002, #6027, #6059, #6523, #6552, #6577, #6604 ),
 .UNSPECIFIED., .F., .F.,
 ( 4, 3, 3, 3, 4 ),
 ( 1.325901466378305200E-013, 1.185564399854729400E-005, 2.273515708345830000E-005, 3.328487564283068000E-005, 4.227960608591162200E-005 ),
 .UNSPECIFIED. ) ;
#3370 = DIRECTION ( 'NONE',  ( 0.0000000000000000000, 0.0000000000000000000, -1.000000000000000000 ) ) ;
#3371 = VERTEX_POINT ( 'NONE', #5828 ) ;
#3372 = ORIENTED_EDGE ( 'NONE', *, *, #7886, .F. ) ;
#3373 = CARTESIAN_POINT ( 'NONE',  ( 2.247900000000000900, 0.03047999999999999700, 0.7493747706188675900 ) ) ;
#3374 = DIRECTION ( 'NONE',  ( 0.0000000000000000000, 0.0000000000000000000, -1.000000000000000000 ) ) ;
#3375 = CARTESIAN_POINT ( 'NONE',  ( 0.0000000000000000000, 0.0000000000000000000, 1.480820000000000000 ) ) ;
#3376 = CIRCLE ( 'NONE', #6079, 1.104900000000000000 ) ;
#3377 = CARTESIAN_POINT ( 'NONE',  ( -1.866900000000000000, 0.6299199999999998100, 1.219200000000000300 ) ) ;
#3378 = VERTEX_POINT ( 'NONE', #5769 ) ;
#3379 = ORIENTED_EDGE ( 'NONE', *, *, #5155, .F. ) ;
#3380 = APPLICATION_PROTOCOL_DEFINITION ( 'draft international standard', 'automotive_design', 1998, #4009 ) ;
#3381 = ORIENTED_EDGE ( 'NONE', *, *, #6429, .F. ) ;
#3382 = ADVANCED_FACE ( 'NONE', ( #5105 ), #5963, .F. ) ;
#3383 = CARTESIAN_POINT ( 'NONE',  ( 1.543211388510427700, 1.187132957725768800, 0.2660634431964017400 ) ) ;
#3384 = CARTESIAN_POINT ( 'NONE',  ( 1.557470088583678100, 1.126558992188321000, -0.3752792870744695000 ) ) ;
#3385 = VECTOR ( 'NONE', #1939, 1000.000000000000000 ) ;
#3386 = EDGE_CURVE ( 'NONE', #7026, #911, #3515, .T. ) ;
#3387 = CARTESIAN_POINT ( 'NONE',  ( 1.531700012978686900, 1.123937539221383700, -0.3181040176777724100 ) ) ;
#3388 = CIRCLE ( 'NONE', #104, 1.104900000000000200 ) ;
#3389 = CARTESIAN_POINT ( 'NONE',  ( 1.418728709932699300, 0.03047999999999983000, -1.591170811457688300 ) ) ;
#3390 = VERTEX_POINT ( 'NONE', #5796 ) ;
#3391 = DIRECTION ( 'NONE',  ( 1.000000000000000000, 0.0000000000000000000, 0.0000000000000000000 ) ) ;
#3392 = DIRECTION ( 'NONE',  ( 0.0000000000000000000, 0.0000000000000000000, 1.000000000000000000 ) ) ;
#3393 = CARTESIAN_POINT ( 'NONE',  ( 0.0000000000000000000, 0.6603999999999998800, 0.0000000000000000000 ) ) ;
#3394 = CARTESIAN_POINT ( 'NONE',  ( 1.104827009083322500, 1.417319999999999700, -0.01270000000000028200 ) ) ;
#3395 = ADVANCED_FACE ( 'NONE', ( #405 ), #4851, .T. ) ;
#3396 = ORIENTED_EDGE ( 'NONE', *, *, #4872, .T. ) ;
#3397 = LINE ( 'NONE', #385, #5042 ) ;
#3398 = CARTESIAN_POINT ( 'NONE',  ( 0.4064747706188644400, 0.03047999999999999000, -1.511300000000000100 ) ) ;
#3399 = AXIS2_PLACEMENT_3D ( 'NONE', #5224, #1539, #5850 ) ;
#3400 = EDGE_CURVE ( 'NONE', #556, #2571, #6546, .T. ) ;
#3401 = DIRECTION ( 'NONE',  ( 0.0000000000000000000, 0.0000000000000000000, -1.000000000000000000 ) ) ;
#3402 = ORIENTED_EDGE ( 'NONE', *, *, #5490, .T. ) ;
#3403 = CARTESIAN_POINT ( 'NONE',  ( 2.247900000000001800, 0.01994259011230636900, 0.7673632544944013500 ) ) ;
#3404 = CARTESIAN_POINT ( 'NONE',  ( 0.0000000000000000000, 4.572929130132065400, 0.0000000000000000000 ) ) ;
#3405 = VECTOR ( 'NONE', #2798, 1000.000000000000000 ) ;
#3406 = DIRECTION ( 'NONE',  ( -0.9626168224299057600, 2.149384526423093000E-016, -0.2708668550689641900 ) ) ;
#3407 = ORIENTED_EDGE ( 'NONE', *, *, #3549, .F. ) ;
#3408 = CARTESIAN_POINT ( 'NONE',  ( -1.297940000000000100, 0.6603999999999997600, 0.9347200000000004400 ) ) ;
#3409 = VERTEX_POINT ( 'NONE', #4563 ) ;
#3410 = DIRECTION ( 'NONE',  ( -1.000000000000000000, -0.0000000000000000000, -0.0000000000000000000 ) ) ;
#3411 = APPLICATION_CONTEXT ( 'automotive_design' ) ;
#3412 = CIRCLE ( 'NONE', #671, 0.03047999999999983000 ) ;
#3413 = CARTESIAN_POINT ( 'NONE',  ( 1.544382614853711200, 1.022568098717594200, -0.4189542510272376000 ) ) ;
#3414 = CARTESIAN_POINT ( 'NONE',  ( 1.521787504482235800, 1.048350752425155000, -0.3563583419192368200 ) ) ;
#3415 = ORIENTED_EDGE ( 'NONE', *, *, #1772, .T. ) ;
#3416 = CARTESIAN_POINT ( 'NONE',  ( 1.418728709932699300, 0.01782030262392281900, -1.591170811457688600 ) ) ;
#3417 = VERTEX_POINT ( 'NONE', #4719 ) ;
#3418 = EDGE_CURVE ( 'NONE', #1592, #4532, #4904, .T. ) ;
#3419 = LINE ( 'NONE', #4370, #6498 ) ;
#3420 = VERTEX_POINT ( 'NONE', #4594 ) ;
#3421 = CARTESIAN_POINT ( 'NONE',  ( -2.374900000000000200, 0.6299199999999998100, -0.9651999999999999500 ) ) ;
#3422 = CARTESIAN_POINT ( 'NONE',  ( 0.3886199999999961900, 0.03047999999999999300, -1.511300000000000300 ) ) ;
#3423 = CARTESIAN_POINT ( 'NONE',  ( 0.4189406101714019400, 0.6602406101789698400, -1.572833036899878000 ) ) ;
#3424 = DIRECTION ( 'NONE',  ( 0.0000000000000000000, 0.0000000000000000000, -1.000000000000000000 ) ) ;
#3425 = ORIENTED_EDGE ( 'NONE', *, *, #829, .F. ) ;
#3426 = CYLINDRICAL_SURFACE ( 'NONE', #1409, 0.03048000000000004900 ) ;
#3427 = VERTEX_POINT ( 'NONE', #4187 ) ;
#3428 = CARTESIAN_POINT ( 'NONE',  ( -0.05284195803901351600, 0.7238999999784177000, -1.600200000000000500 ) ) ;
#3429 = ORIENTED_EDGE ( 'NONE', *, *, #6587, .F. ) ;
#3430 = CARTESIAN_POINT ( 'NONE',  ( 1.460500000000000100, 0.0000000000000000000, 0.0000000000000000000 ) ) ;
#3431 = CARTESIAN_POINT ( 'NONE',  ( -0.2285999999999999700, 1.422399999999999900, -0.2199704525612475300 ) ) ;
#3432 = ADVANCED_FACE ( 'NONE', ( #6350 ), #4212, .F. ) ;
#3433 = ORIENTED_EDGE ( 'NONE', *, *, #1768, .F. ) ;
#3434 = CARTESIAN_POINT ( 'NONE',  ( -1.866900000000000000, 0.6299199999999998100, 0.9652000000000005000 ) ) ;
#3435 = AXIS2_PLACEMENT_3D ( 'NONE', #6501, #6471, #6446 ) ;
#3436 = EDGE_CURVE ( 'NONE', #1259, #206, #3265, .T. ) ;
#3437 = CYLINDRICAL_SURFACE ( 'NONE', #2309, 0.03048000000000004900 ) ;
#3438 = VERTEX_POINT ( 'NONE', #4109 ) ;
#3439 = CARTESIAN_POINT ( 'NONE',  ( -1.346727066632285500, 1.447799999999999800, 0.8585200000000002800 ) ) ;
#3440 = EDGE_CURVE ( 'NONE', #5962, #4391, #1815, .T. ) ;
#3441 = EDGE_CURVE ( 'NONE', #2713, #6657, #4712, .T. ) ;
#3442 = DIRECTION ( 'NONE',  ( 0.0000000000000000000, 1.000000000000000000, 0.0000000000000000000 ) ) ;
#3443 = CARTESIAN_POINT ( 'NONE',  ( 1.544242545894418700, 0.9144000000000001000, -0.4194699029126214300 ) ) ;
#3444 = ORIENTED_EDGE ( 'NONE', *, *, #2762, .T. ) ;
#3445 = CARTESIAN_POINT ( 'NONE',  ( 0.4495799999999958700, -3.388131789017201400E-018, 1.541780000000000200 ) ) ;
#3446 = DIRECTION ( 'NONE',  ( -8.881784197001252300E-016, 0.0000000000000000000, -1.000000000000000000 ) ) ;
#3447 = LINE ( 'NONE', #834, #1606 ) ;
#3448 = VECTOR ( 'NONE', #7630, 1000.000000000000000 ) ;
#3449 = CARTESIAN_POINT ( 'NONE',  ( 0.0000000000000000000, 1.417319999999999700, -0.8889999999999996800 ) ) ;
#3450 = CARTESIAN_POINT ( 'NONE',  ( -0.4495799999999958700, 0.03048000000000004200, 1.600200000000000100 ) ) ;
#3451 = CARTESIAN_POINT ( 'NONE',  ( -0.3886199999999959700, 9.504106807841516700E-017, 1.498674770618867900 ) ) ;
#3452 = ORIENTED_EDGE ( 'NONE', *, *, #6223, .T. ) ;
#3453 = DIRECTION ( 'NONE',  ( -0.0000000000000000000, -1.000000000000000000, -0.0000000000000000000 ) ) ;
#3454 = ORIENTED_EDGE ( 'NONE', *, *, #2895, .T. ) ;
#3455 = ORIENTED_EDGE ( 'NONE', *, *, #3622, .F. ) ;
#3456 = FACE_OUTER_BOUND ( 'NONE', #5024, .T. ) ;
#3457 = VECTOR ( 'NONE', #4574, 1000.000000000000000 ) ;
#3458 = ORIENTED_EDGE ( 'NONE', *, *, #6458, .F. ) ;
#3459 = ORIENTED_EDGE ( 'NONE', *, *, #7454, .T. ) ;
#3460 = DIRECTION ( 'NONE',  ( 0.0000000000000000000, 0.0000000000000000000, -1.000000000000000000 ) ) ;
#3461 = CARTESIAN_POINT ( 'NONE',  ( 1.527918050410570300, 0.6807199999999997700, 0.4756586834560697600 ) ) ;
#3462 = DIRECTION ( 'NONE',  ( 1.000000000000000000, -0.0000000000000000000, 0.0000000000000000000 ) ) ;
#3463 = EDGE_CURVE ( 'NONE', #6947, #7499, #1623, .T. ) ;
#3464 = VECTOR ( 'NONE', #4823, 1000.000000000000000 ) ;
#3465 = DIRECTION ( 'NONE',  ( -1.000000000000000000, 0.0000000000000000000, 0.0000000000000000000 ) ) ;
#3466 = CARTESIAN_POINT ( 'NONE',  ( 0.0000000000000000000, 0.6604000000000002100, 0.0000000000000000000 ) ) ;
#3467 = EDGE_CURVE ( 'NONE', #1003, #1030, #3076, .T. ) ;
#3468 = CARTESIAN_POINT ( 'NONE',  ( 0.4189406101713891700, 0.6602406101789652900, 1.572833036899923000 ) ) ;
#3469 = PLANE ( 'NONE',  #5713 ) ;
#3470 = DIRECTION ( 'NONE',  ( 0.0000000000000000000, 1.000000000000000000, 0.0000000000000000000 ) ) ;
#3471 = AXIS2_PLACEMENT_3D ( 'NONE', #4255, #4920, #7374 ) ;
#3472 = DIRECTION ( 'NONE',  ( 0.0000000000000000000, -1.000000000000000000, 0.0000000000000000000 ) ) ;
#3473 = CARTESIAN_POINT ( 'NONE',  ( 0.4416971632238546600, 0.6603999999999997600, -1.569720000000000000 ) ) ;
#3474 = ADVANCED_FACE ( 'NONE', ( #7591 ), #2067, .F. ) ;
#3475 = ORIENTED_EDGE ( 'NONE', *, *, #5229, .T. ) ;
#3476 = VERTEX_POINT ( 'NONE', #1569 ) ;
#3477 = CARTESIAN_POINT ( 'NONE',  ( -1.107420532055500000, 0.6908799999999997200, -1.215927406073576100 ) ) ;
#3478 = CARTESIAN_POINT ( 'NONE',  ( -2.435859999999999500, 0.6603999999999997600, 0.9347200000000005500 ) ) ;
#3479 = CARTESIAN_POINT ( 'NONE',  ( 1.599664800945073400, 1.293138757011094800, -0.1094113580194667900 ) ) ;
#3480 = CARTESIAN_POINT ( 'NONE',  ( 0.4190999999999962000, 0.08890000000000000700, -1.600200000000000500 ) ) ;
#3481 = FACE_OUTER_BOUND ( 'NONE', #4361, .T. ) ;
#3482 = AXIS2_PLACEMENT_3D ( 'NONE', #4576, #3175, #2719 ) ;
#3483 = ORIENTED_EDGE ( 'NONE', *, *, #6752, .F. ) ;
#3484 = ORIENTED_EDGE ( 'NONE', *, *, #2766, .F. ) ;
#3485 = EDGE_CURVE ( 'NONE', #7026, #3214, #5961, .T. ) ;
#3486 = ORIENTED_EDGE ( 'NONE', *, *, #7727, .T. ) ;
#3487 = DIRECTION ( 'NONE',  ( 0.0000000000000000000, 1.000000000000000000, 0.0000000000000000000 ) ) ;
#3488 = ORIENTED_EDGE ( 'NONE', *, *, #6324, .F. ) ;
#3489 = DIRECTION ( 'NONE',  ( 1.604703943646771100E-016, 1.000000000000000000, -0.0000000000000000000 ) ) ;
#3490 = CYLINDRICAL_SURFACE ( 'NONE', #1082, 0.03048000000000004900 ) ;
#3491 = CARTESIAN_POINT ( 'NONE',  ( -1.307977764841154600, 1.447799999999999300, 0.8681232339313725800 ) ) ;
#3492 = FACE_OUTER_BOUND ( 'NONE', #6488, .T. ) ;
#3493 = ORIENTED_EDGE ( 'NONE', *, *, #6067, .T. ) ;
#3494 = CARTESIAN_POINT ( 'NONE',  ( -1.866900000000000000, 0.5968999999999998800, -1.473200000000000100 ) ) ;
#3495 = EDGE_CURVE ( 'NONE', #4856, #7752, #4329, .T. ) ;
#3496 = DIRECTION ( 'NONE',  ( -0.0000000000000000000, -1.000000000000000000, -0.0000000000000000000 ) ) ;
#3497 = EDGE_LOOP ( 'NONE', ( #5399, #3759, #4150, #5216, #3522, #6755, #4181, #3853 ) ) ;
#3498 = CARTESIAN_POINT ( 'NONE',  ( 0.0000000000000000000, 0.6908799999999996100, 0.0000000000000000000 ) ) ;
#3499 = LINE ( 'NONE', #7415, #6581 ) ;
#3500 = CARTESIAN_POINT ( 'NONE',  ( -0.4495799999999958700, 0.01262522938113192800, 1.600199999999999800 ) ) ;
#3501 = CARTESIAN_POINT ( 'NONE',  ( 1.104897473085507500, 1.417319999999999700, -0.002363042373784013800 ) ) ;
#3502 = VERTEX_POINT ( 'NONE', #2732 ) ;
#3503 = DIRECTION ( 'NONE',  ( 0.0000000000000000000, -1.000000000000000000, 0.0000000000000000000 ) ) ;
#3504 = LINE ( 'NONE', #6419, #1855 ) ;
#3505 = AXIS2_PLACEMENT_3D ( 'NONE', #113, #4379, #696 ) ;
#3506 = EDGE_CURVE ( 'NONE', #647, #4132, #4519, .T. ) ;
#3507 = DIRECTION ( 'NONE',  ( -1.000000000000000000, -0.0000000000000000000, 2.753879025871233800E-016 ) ) ;
#3508 = CARTESIAN_POINT ( 'NONE',  ( -2.217420000000000200, 0.03047999999999999700, -1.569720000000000000 ) ) ;
#3509 = CARTESIAN_POINT ( 'NONE',  ( -1.346727066632285000, 0.6602318187484321800, 0.9017795780245262400 ) ) ;
#3510 = ORIENTED_EDGE ( 'NONE', *, *, #3179, .F. ) ;
#3511 = CARTESIAN_POINT ( 'NONE',  ( 2.247900000000001300, 0.6299199999999999200, 0.7493747706188674800 ) ) ;
#3512 = VERTEX_POINT ( 'NONE', #980 ) ;
#3513 = VECTOR ( 'NONE', #4654, 1000.000000000000000 ) ;
#3514 = ORIENTED_EDGE ( 'NONE', *, *, #7106, .F. ) ;
#3515 = B_SPLINE_CURVE_WITH_KNOTS ( 'NONE', 3,
 ( #5337, #5368, #5226, #5157 ),
 .UNSPECIFIED., .F., .F.,
 ( 4, 4 ),
 ( 0.0000000000000000000, 1.000000000000000000 ),
 .UNSPECIFIED. ) ;
#3516 = CARTESIAN_POINT ( 'NONE',  ( 0.05183253677036218200, 0.7166784970006172500, 1.600200000000000100 ) ) ;
#3517 = DIRECTION ( 'NONE',  ( -0.0000000000000000000, -0.0000000000000000000, -1.000000000000000000 ) ) ;
#3518 = ADVANCED_FACE ( 'NONE', ( #7402 ), #2484, .F. ) ;
#3519 = CARTESIAN_POINT ( 'NONE',  ( -0.2285999999999998900, 1.422399999999999900, -0.2199704525612475600 ) ) ;
#3520 = ORIENTED_EDGE ( 'NONE', *, *, #2240, .T. ) ;
#3521 = CARTESIAN_POINT ( 'NONE',  ( -1.296382129561919300, 1.447799999999999800, 0.8851069158878510600 ) ) ;
#3522 = ORIENTED_EDGE ( 'NONE', *, *, #6945, .T. ) ;
#3523 = VECTOR ( 'NONE', #6231, 1000.000000000000000 ) ;
#3524 = DIRECTION ( 'NONE',  ( 1.000000000000000000, 0.0000000000000000000, 0.0000000000000000000 ) ) ;
#3525 = ORIENTED_EDGE ( 'NONE', *, *, #3158, .F. ) ;
#3526 = B_SPLINE_CURVE_WITH_KNOTS ( 'NONE', 3,
 ( #102, #680, #6228, #2523, #6838, #3152 ),
 .UNSPECIFIED., .F., .F.,
 ( 4, 2, 4 ),
 ( 0.0000000000000000000, 0.5000000000000000000, 1.000000000000000000 ),
 .UNSPECIFIED. ) ;
#3527 = AXIS2_PLACEMENT_3D ( 'NONE', #2822, #4086, #4012 ) ;
#3528 = PLANE ( 'NONE',  #1029 ) ;
#3529 = EDGE_CURVE ( 'NONE', #871, #1366, #656, .T. ) ;
#3530 = ORIENTED_EDGE ( 'NONE', *, *, #5075, .F. ) ;
#3531 = CARTESIAN_POINT ( 'NONE',  ( -1.336377825953577500, 0.6602318187484318400, -0.9017795780245253500 ) ) ;
#3532 = EDGE_CURVE ( 'NONE', #1547, #3214, #7210, .T. ) ;
#3533 = ORIENTED_EDGE ( 'NONE', *, *, #7350, .T. ) ;
#3534 = CARTESIAN_POINT ( 'NONE',  ( 1.397074770618877100, 0.6603999999999997600, -1.569720000000000700 ) ) ;
#3535 = CARTESIAN_POINT ( 'NONE',  ( -1.321554598097102600, 0.6908799999999998300, -0.9022934579439249000 ) ) ;
#3536 = CARTESIAN_POINT ( 'NONE',  ( -0.4334411414813526500, 0.6908799999999998300, -1.540379439252336400 ) ) ;
#3537 = CARTESIAN_POINT ( 'NONE',  ( 1.600149340025623700, 1.325691055589680100, 0.01269998851737196700 ) ) ;
#3538 = CYLINDRICAL_SURFACE ( 'NONE', #3109, 0.2539999999999998900 ) ;
#3539 = CARTESIAN_POINT ( 'NONE',  ( -2.247900000000000000, 0.03048000000000004900, 1.569720000000000000 ) ) ;
#3540 = CARTESIAN_POINT ( 'NONE',  ( 1.460500000000000400, 0.6603999999999998800, 0.4952999999999998500 ) ) ;
#3541 = CARTESIAN_POINT ( 'NONE',  ( -1.572260000000000900, 0.1117600000000006900, 0.4952999999999996300 ) ) ;
#3542 = CARTESIAN_POINT ( 'NONE',  ( 2.247900000000000900, 0.6403790824754721500, 0.5079252293811316000 ) ) ;
#3543 = AXIS2_PLACEMENT_3D ( 'NONE', #4461, #774, #5094 ) ;
#3544 = ORIENTED_EDGE ( 'NONE', *, *, #4547, .F. ) ;
#3545 = ORIENTED_EDGE ( 'NONE', *, *, #4143, .F. ) ;
#3546 = EDGE_CURVE ( 'NONE', #5458, #7907, #5763, .T. ) ;
#3547 = CARTESIAN_POINT ( 'NONE',  ( -1.346727066632285500, 1.447799999999999800, 0.8763747706188683700 ) ) ;
#3548 = AXIS2_PLACEMENT_3D ( 'NONE', #2879, #2897, #2926 ) ;
#3549 = EDGE_CURVE ( 'NONE', #5686, #4490, #4139, .T. ) ;
#3550 = DIRECTION ( 'NONE',  ( 0.0000000000000000000, 0.0000000000000000000, -1.000000000000000000 ) ) ;
#3551 = VECTOR ( 'NONE', #2935, 1000.000000000000000 ) ;
#3552 = CARTESIAN_POINT ( 'NONE',  ( -1.346727066632285500, 1.447799999999999800, -0.8763747706188675900 ) ) ;
#3553 =( BOUNDED_CURVE ( )  B_SPLINE_CURVE ( 3, ( #6804, #2488, #7420, #3748 ),
 .UNSPECIFIED., .F., .F. )
 B_SPLINE_CURVE_WITH_KNOTS ( ( 4, 4 ),
 ( 4.712388980384689700, 6.283185307179586200 ),
 .UNSPECIFIED. )
 CURVE ( )  GEOMETRIC_REPRESENTATION_ITEM ( )  RATIONAL_B_SPLINE_CURVE ( ( 1.000000000000000000, 0.8047378541243649400, 0.8047378541243649400, 1.000000000000000000 ) )
 REPRESENTATION_ITEM ( '' )  );
#3554 = ORIENTED_EDGE ( 'NONE', *, *, #7280, .F. ) ;
#3555 = CARTESIAN_POINT ( 'NONE',  ( -1.500669728786629700, 0.6603999999999997600, 0.8803307298365605800 ) ) ;
#3556 = CARTESIAN_POINT ( 'NONE',  ( 1.544380077491817000, 1.447799999999999800, -0.9424262057645395000 ) ) ;
#3557 = CIRCLE ( 'NONE', #3279, 1.600200000000000100 ) ;
#3558 = AXIS2_PLACEMENT_3D ( 'NONE', #645, #4941, #4328 ) ;
#3559 = MANIFOLD_SOLID_BREP ( 'Housing ', #695 ) ;
#3560 = ORIENTED_EDGE ( 'NONE', *, *, #731, .T. ) ;
#3561 = CARTESIAN_POINT ( 'NONE',  ( -0.6096000000000000300, 1.346199999999999800, -6.664329519124522100E-017 ) ) ;
#3562 = ADVANCED_FACE ( 'NONE', ( #7211 ), #4353, .T. ) ;
#3563 = CARTESIAN_POINT ( 'NONE',  ( -2.217420000000000200, 0.6603999999999998800, 0.4952999999999996300 ) ) ;
#3564 = ORIENTED_EDGE ( 'NONE', *, *, #6477, .F. ) ;
#3565 = CARTESIAN_POINT ( 'NONE',  ( -2.435859999999999500, 0.6603999999999997600, 1.503680000000000600 ) ) ;
#3566 = CARTESIAN_POINT ( 'NONE',  ( 1.460500000000000100, 0.6603999999999998800, -0.4953000000000003000 ) ) ;
#3567 = DIRECTION ( 'NONE',  ( 0.0000000000000000000, 0.0000000000000000000, -1.000000000000000000 ) ) ;
#3568 = CARTESIAN_POINT ( 'NONE',  ( -1.321554598097102600, 7.512325129353056000, -0.9022934579439249000 ) ) ;
#3569 = DIRECTION ( 'NONE',  ( -0.0000000000000000000, -0.0000000000000000000, 1.000000000000000000 ) ) ;
#3570 = AXIS2_PLACEMENT_3D ( 'NONE', #5338, #7889, #4244 ) ;
#3571 = CARTESIAN_POINT ( 'NONE',  ( 0.05234161262934593200, 0.7202887696139621500, 1.600183333470331300 ) ) ;
#3572 = CLOSED_SHELL ( 'NONE', ( #1236, #2367, #1012, #7628, #3518, #2578, #7659, #2174, #7747, #430 ) ) ;
#3573 = VERTEX_POINT ( 'NONE', #7321 ) ;
#3574 = EDGE_CURVE ( 'NONE', #6557, #188, #6636, .T. ) ;
#3575 = ORIENTED_EDGE ( 'NONE', *, *, #4848, .T. ) ;
#3576 = ORIENTED_EDGE ( 'NONE', *, *, #3664, .F. ) ;
#3577 = SURFACE_STYLE_USAGE ( .BOTH. , #7261 ) ;
#3578 = AXIS2_PLACEMENT_3D ( 'NONE', #1350, #1327, #1294 ) ;
#3579 = CYLINDRICAL_SURFACE ( 'NONE', #2165, 0.03048000000000004900 ) ;
#3580 = CIRCLE ( 'NONE', #7229, 0.03048000000000004900 ) ;
#3581 = SURFACE_SIDE_STYLE ('',( #859 ) ) ;
#3582 = ORIENTED_EDGE ( 'NONE', *, *, #2765, .T. ) ;
#3583 = CARTESIAN_POINT ( 'NONE',  ( 1.614217111924902200, 1.417319999999999700, 1.921956452854444600 ) ) ;
#3584 = CARTESIAN_POINT ( 'NONE',  ( 0.4190999999999958100, 0.6614822826333334200, 1.565844687864544900 ) ) ;
#3585 = DIRECTION ( 'NONE',  ( 1.000000000000000000, 0.0000000000000000000, -2.753879025871233800E-016 ) ) ;
#3586 = CARTESIAN_POINT ( 'NONE',  ( -0.3886199999999956900, 0.6299199999999998100, -1.600200000000000100 ) ) ;
#3587 = CARTESIAN_POINT ( 'NONE',  ( 1.521499737320220400, 0.6543974110511049400, -0.4961027357552141300 ) ) ;
#3588 = DIRECTION ( 'NONE',  ( -0.0000000000000000000, -0.0000000000000000000, -1.000000000000000000 ) ) ;
#3589 = EDGE_LOOP ( 'NONE', ( #2904, #2786, #4808, #514, #1100 ) ) ;
#3590 = AXIS2_PLACEMENT_3D ( 'NONE', #938, #616, #1728 ) ;
#3591 = LINE ( 'NONE', #2840, #6476 ) ;
#3592 = CARTESIAN_POINT ( 'NONE',  ( -0.4190999999999957500, 0.08890000000000000700, 1.569720000000000000 ) ) ;
#3593 = EDGE_CURVE ( 'NONE', #1077, #2259, #5009, .T. ) ;
#3594 = EDGE_CURVE ( 'NONE', #1483, #6102, #3357, .T. ) ;
#3595 = EDGE_CURVE ( 'NONE', #901, #3512, #6441, .T. ) ;
#3596 = B_SPLINE_CURVE_WITH_KNOTS ( 'NONE', 3,
 ( #7068, #2130, #7681, #4001 ),
 .UNSPECIFIED., .F., .F.,
 ( 4, 4 ),
 ( 0.0000000000000000000, 1.000000000000000000 ),
 .UNSPECIFIED. ) ;
#3597 = CARTESIAN_POINT ( 'NONE',  ( 0.05284195803900344100, 0.7238999999784177000, 1.600200000000000100 ) ) ;
#3598 = DIRECTION ( 'NONE',  ( -1.000000000000000000, -0.0000000000000000000, -0.0000000000000000000 ) ) ;
#3599 = ADVANCED_FACE ( 'NONE', ( #125 ), #6251, .T. ) ;
#3600 = DIRECTION ( 'NONE',  ( -0.0000000000000000000, -1.000000000000000000, -0.0000000000000000000 ) ) ;
#3601 = LINE ( 'NONE', #7737, #161 ) ;
#3602 = CARTESIAN_POINT ( 'NONE',  ( -0.2285999999977199600, 1.441654144850576400, -0.6775408946494924100 ) ) ;
#3603 = ORIENTED_EDGE ( 'NONE', *, *, #5291, .F. ) ;
#3604 = LINE ( 'NONE', #1900, #1950 ) ;
#3605 = DIRECTION ( 'NONE',  ( -0.8625405031748105700, 0.0000000000000000000, -0.5059880239520935200 ) ) ;
#3606 = FACE_OUTER_BOUND ( 'NONE', #5060, .T. ) ;
#3607 = CARTESIAN_POINT ( 'NONE',  ( -2.247900000000000000, 0.1193799999999999900, 1.600200000000000100 ) ) ;
#3608 = CARTESIAN_POINT ( 'NONE',  ( -1.671551059334603000, 0.6637444988615797100, 0.4953000000000155600 ) ) ;
#3609 = ORIENTED_EDGE ( 'NONE', *, *, #558, .T. ) ;
#3610 = ORIENTED_EDGE ( 'NONE', *, *, #6278, .F. ) ;
#3611 = CARTESIAN_POINT ( 'NONE',  ( 0.0000000000000000000, 1.447799999999999500, -1.587574770618868100 ) ) ;
#3612 = LINE ( 'NONE', #3895, #3223 ) ;
#3613 = ORIENTED_EDGE ( 'NONE', *, *, #4419, .F. ) ;
#3614 = EDGE_CURVE ( 'NONE', #2087, #7377, #1526, .T. ) ;
#3615 = AXIS2_PLACEMENT_3D ( 'NONE', #6423, #5204, #1518 ) ;
#3616 = CARTESIAN_POINT ( 'NONE',  ( 0.0000000000000000000, 0.6603999999999997600, 0.0000000000000000000 ) ) ;
#3617 = CARTESIAN_POINT ( 'NONE',  ( -1.239088197096140100E-016, 0.7238999999999995400, -1.600199999999999800 ) ) ;
#3618 = CARTESIAN_POINT ( 'NONE',  ( 1.104827009083322500, 7.512325129353056000, -0.01270000000000047000 ) ) ;
#3619 = CARTESIAN_POINT ( 'NONE',  ( -0.4317252293811278400, 0.0000000000000000000, 1.569720000000000200 ) ) ;
#3620 = DIRECTION ( 'NONE',  ( -1.000000000000000000, -0.0000000000000000000, -0.0000000000000000000 ) ) ;
#3621 = ORIENTED_EDGE ( 'NONE', *, *, #5263, .F. ) ;
#3622 = EDGE_CURVE ( 'NONE', #6941, #3073, #3168, .T. ) ;
#3623 = FACE_OUTER_BOUND ( 'NONE', #4453, .T. ) ;
#3624 = CARTESIAN_POINT ( 'NONE',  ( 0.4334411414813527700, 0.6730252293811316300, 1.540379439252335800 ) ) ;
#3625 = VERTEX_POINT ( 'NONE', #2435 ) ;
#3626 = PLANE ( 'NONE',  #3570 ) ;
#3627 = CARTESIAN_POINT ( 'NONE',  ( -1.297939999999998800, 0.6603999999999998800, -0.9347199999999998800 ) ) ;
#3628 = CARTESIAN_POINT ( 'NONE',  ( 0.0000000000000000000, 0.6603999999999998800, 0.5257799999999999100 ) ) ;
#3629 = AXIS2_PLACEMENT_3D ( 'NONE', #5086, #6344, #5741 ) ;
#3630 = CARTESIAN_POINT ( 'NONE',  ( -1.321454821362894900, 0.6808237504815475300, -0.9024405158809382100 ) ) ;
#3631 = ORIENTED_EDGE ( 'NONE', *, *, #2334, .T. ) ;
#3632 = DIRECTION ( 'NONE',  ( 0.0000000000000000000, 0.0000000000000000000, -1.000000000000000000 ) ) ;
#3633 = FACE_OUTER_BOUND ( 'NONE', #1103, .T. ) ;
#3634 = CIRCLE ( 'NONE', #676, 0.03047999999999993800 ) ;
#3635 = ORIENTED_EDGE ( 'NONE', *, *, #2604, .T. ) ;
#3636 = DIRECTION ( 'NONE',  ( -1.604703943646771100E-016, 1.000000000000000000, 0.0000000000000000000 ) ) ;
#3637 = ADVANCED_FACE ( 'NONE', ( #2979 ), #6051, .F. ) ;
#3638 = EDGE_LOOP ( 'NONE', ( #6580, #534, #2450, #3907 ) ) ;
#3639 = LINE ( 'NONE', #302, #3248 ) ;
#3640 = AXIS2_PLACEMENT_3D ( 'NONE', #5573, #5069, #5273 ) ;
#3641 = EDGE_CURVE ( 'NONE', #4769, #7860, #7686, .T. ) ;
#3642 = ORIENTED_EDGE ( 'NONE', *, *, #577, .T. ) ;
#3643 = CARTESIAN_POINT ( 'NONE',  ( 0.2285999999996929900, 1.446236489645044800, 0.6693119191420196000 ) ) ;
#3644 = DIRECTION ( 'NONE',  ( -0.0000000000000000000, -1.000000000000000000, 0.0000000000000000000 ) ) ;
#3645 = CARTESIAN_POINT ( 'NONE',  ( 1.533910442430487000, 0.6641361341126392800, -0.4558057834738767900 ) ) ;
#3646 = CARTESIAN_POINT ( 'NONE',  ( 2.247900000000001300, 0.6299199999999999200, 0.7493747706188674800 ) ) ;
#3647 = VERTEX_POINT ( 'NONE', #2463 ) ;
#3648 = CARTESIAN_POINT ( 'NONE',  ( 0.0000000000000000000, 1.417319999999999700, 0.0000000000000000000 ) ) ;
#3649 = VECTOR ( 'NONE', #4616, 1000.000000000000000 ) ;
#3650 = FACE_OUTER_BOUND ( 'NONE', #3717, .T. ) ;
#3651 = VERTEX_POINT ( 'NONE', #1237 ) ;
#3652 = DIRECTION ( 'NONE',  ( -1.000000000000000000, 0.0000000000000000000, 0.0000000000000000000 ) ) ;
#3653 = EDGE_LOOP ( 'NONE', ( #1299, #3037, #6227, #7833 ) ) ;
#3654 = EDGE_CURVE ( 'NONE', #3733, #6289, #1336, .T. ) ;
#3655 = CARTESIAN_POINT ( 'NONE',  ( 0.0000000000000000000, 0.1193800000000000000, -1.569720000000000000 ) ) ;
#3656 = CARTESIAN_POINT ( 'NONE',  ( -1.866900000000000000, 0.6299199999999998100, -0.9651999999999996100 ) ) ;
#3657 = CARTESIAN_POINT ( 'NONE',  ( -2.235274770618868300, 5.311681923987986800E-017, -1.569719999999999600 ) ) ;
#3658 = CARTESIAN_POINT ( 'NONE',  ( 0.4064747706188638900, 0.7112747706188677900, 1.600200000000000100 ) ) ;
#3659 = FACE_OUTER_BOUND ( 'NONE', #3870, .T. ) ;
#3660 = DIRECTION ( 'NONE',  ( -0.0000000000000000000, -1.000000000000000000, -0.0000000000000000000 ) ) ;
#3661 = CARTESIAN_POINT ( 'NONE',  ( -2.235274770618868300, 0.6603999999999998800, 1.587574770618867600 ) ) ;
#3662 = CARTESIAN_POINT ( 'NONE',  ( 0.0000000000000000000, 0.6908799999999999400, 0.9194800000000004100 ) ) ;
#3663 = CARTESIAN_POINT ( 'NONE',  ( -1.474638141137640600, 1.417319999999999200, 0.8890000000000002300 ) ) ;
#3664 = EDGE_CURVE ( 'NONE', #7752, #439, #4422, .T. ) ;
#3665 = CARTESIAN_POINT ( 'NONE',  ( -1.463489722546762500, 7.512325129353056000, -0.8585199999999996200 ) ) ;
#3666 = DIRECTION ( 'NONE',  ( -1.000000000000000000, 0.0000000000000000000, 0.0000000000000000000 ) ) ;
#3667 = CARTESIAN_POINT ( 'NONE',  ( -0.4190999999999958600, 0.03047999999999999700, 1.569720000000000000 ) ) ;
#3668 = FILL_AREA_STYLE_COLOUR ( '', #2511 ) ;
#3669 = EDGE_LOOP ( 'NONE', ( #6207, #6747, #293, #6121 ) ) ;
#3670 = CARTESIAN_POINT ( 'NONE',  ( 1.366919551519829400, 0.6603999999999994300, 1.044453527633045300 ) ) ;
#3671 = VERTEX_POINT ( 'NONE', #4336 ) ;
#3672 = ADVANCED_FACE ( 'NONE', ( #4794 ), #4228, .T. ) ;
#3673 = DIRECTION ( 'NONE',  ( 0.7071067811865510100, 0.0000000000000000000, 0.7071067811865440200 ) ) ;
#3674 = CYLINDRICAL_SURFACE ( 'NONE', #3212, 0.03048000000000004900 ) ;
#3675 = CARTESIAN_POINT ( 'NONE',  ( -0.4191000000053049000, 0.6695393597595906700, 1.552930020166261000 ) ) ;
#3676 = EDGE_CURVE ( 'NONE', #2307, #322, #5861, .T. ) ;
#3677 = ORIENTED_EDGE ( 'NONE', *, *, #5909, .T. ) ;
#3678 = ORIENTED_EDGE ( 'NONE', *, *, #220, .T. ) ;
#3679 = CARTESIAN_POINT ( 'NONE',  ( 2.247900000000000900, 0.01262522938113202700, -0.5079252293811323800 ) ) ;
#3680 = CARTESIAN_POINT ( 'NONE',  ( 0.3886199999999961900, -3.388131789017201400E-018, -1.480820000000000200 ) ) ;
#3681 = ORIENTED_EDGE ( 'NONE', *, *, #3007, .F. ) ;
#3682 = VERTEX_POINT ( 'NONE', #3752 ) ;
#3683 = VECTOR ( 'NONE', #4316, 1000.000000000000000 ) ;
#3684 = CYLINDRICAL_SURFACE ( 'NONE', #4495, 0.03048000000000004900 ) ;
#3685 = CARTESIAN_POINT ( 'NONE',  ( 2.217420000000001100, 0.0000000000000000000, 0.4952999999999997400 ) ) ;
#3686 = PLANE ( 'NONE',  #72 ) ;
#3687 = ORIENTED_EDGE ( 'NONE', *, *, #6956, .F. ) ;
#3688 = VECTOR ( 'NONE', #1867, 1000.000000000000000 ) ;
#3689 = DIRECTION ( 'NONE',  ( 1.000000000000000000, 0.0000000000000000000, 0.0000000000000000000 ) ) ;
#3690 = CARTESIAN_POINT ( 'NONE',  ( 1.103515581101210300, 1.417319999999999700, -0.6484999794283566900 ) ) ;
#3691 = CARTESIAN_POINT ( 'NONE',  ( 2.217420000000001100, 0.6603999999999998800, -0.5257800000000004700 ) ) ;
#3692 = CARTESIAN_POINT ( 'NONE',  ( 1.554507831020268500, 0.6603999999999998800, -0.5097547955816538200 ) ) ;
#3693 = VERTEX_POINT ( 'NONE', #4985 ) ;
#3694 = DIRECTION ( 'NONE',  ( 0.0000000000000000000, 0.0000000000000000000, -1.000000000000000000 ) ) ;
#3695 = PRESENTATION_LAYER_ASSIGNMENT (  '', '', ( #2439 ) ) ;
#3696 = EDGE_CURVE ( 'NONE', #683, #926, #2583, .T. ) ;
#3697 = CARTESIAN_POINT ( 'NONE',  ( -1.489779957083530800, 7.512325129353056000, 0.8739425149700600400 ) ) ;
#3698 = FACE_OUTER_BOUND ( 'NONE', #5116, .T. ) ;
#3699 = AXIS2_PLACEMENT_3D ( 'NONE', #4183, #5073, #6279 ) ;
#3700 = EDGE_CURVE ( 'NONE', #382, #6194, #2923, .T. ) ;
#3701 = LINE ( 'NONE', #6386, #2245 ) ;
#3702 = CARTESIAN_POINT ( 'NONE',  ( 0.4495799999999958700, 0.03047999999999999000, 1.600200000000000100 ) ) ;
#3703 = DIRECTION ( 'NONE',  ( -0.7071067811865442400, 0.0000000000000000000, 0.7071067811865509000 ) ) ;
#3704 = ADVANCED_FACE ( 'NONE', ( #5670 ), #1487, .F. ) ;
#3705 = VERTEX_POINT ( 'NONE', #6220 ) ;
#3706 = FILL_AREA_STYLE ('',( #59 ) ) ;
#3707 = CARTESIAN_POINT ( 'NONE',  ( -0.4317252293811277800, 0.1015252293811319100, -1.600200000000000100 ) ) ;
#3708 = EDGE_LOOP ( 'NONE', ( #889, #7176, #2617, #4750, #3755 ) ) ;
#3709 = LINE ( 'NONE', #4732, #3513 ) ;
#3710 = EDGE_LOOP ( 'NONE', ( #5636, #7368, #1308, #5824 ) ) ;
#3711 = DIRECTION ( 'NONE',  ( 2.753879025871235800E-016, 0.0000000000000000000, 1.000000000000000000 ) ) ;
#3712 = DIRECTION ( 'NONE',  ( 0.0000000000000000000, 1.000000000000000000, 0.0000000000000000000 ) ) ;
#3713 = MECHANICAL_DESIGN_GEOMETRIC_PRESENTATION_REPRESENTATION (  '', ( #4791 ), #4124 ) ;
#3714 =( BOUNDED_SURFACE ( )  B_SPLINE_SURFACE ( 3, 3, (
 ( #1993, #1913, #6309, #2621 ),
 ( #6929, #3243, #7542, #3871 ),
 ( #212, #4477, #791, #5108 ),
 ( #1415, #5708, #2015, #6338 ) ),
 .UNSPECIFIED., .F., .F., .F. )
 B_SPLINE_SURFACE_WITH_KNOTS ( ( 4, 4 ),
 ( 4, 4 ),
 ( 0.0000000000000000000, 1.000000000000000000 ),
 ( 0.0000000000000000000, 1.000000000000000000 ),
 .UNSPECIFIED. )
 GEOMETRIC_REPRESENTATION_ITEM ( )  RATIONAL_B_SPLINE_SURFACE ( (
 ( 1.000000000000000000, 0.8047378541243649400, 0.8047378541243649400, 1.000000000000000000),
 ( 0.8047378541243649400, 0.6476030138606876400, 0.6476030138606876400, 0.8047378541243649400),
 ( 0.8047378541243649400, 0.6476030138606876400, 0.6476030138606876400, 0.8047378541243649400),
 ( 1.000000000000000000, 0.8047378541243649400, 0.8047378541243649400, 1.000000000000000000) ) )
 REPRESENTATION_ITEM ( '' )  SURFACE ( )  );
#3715 = CARTESIAN_POINT ( 'NONE',  ( 1.514828402163096400, 0.9144000000000001000, 0.4114799999999999600 ) ) ;
#3716 = CARTESIAN_POINT ( 'NONE',  ( 1.587802445517927600, 1.245974518427648900, 0.2100919234384933900 ) ) ;
#3717 = EDGE_LOOP ( 'NONE', ( #1175, #1675, #368, #1766 ) ) ;
#3718 = DIRECTION ( 'NONE',  ( -0.0000000000000000000, -1.000000000000000000, -0.0000000000000000000 ) ) ;
#3719 = ORIENTED_EDGE ( 'NONE', *, *, #11, .T. ) ;
#3720 = FACE_OUTER_BOUND ( 'NONE', #1656, .T. ) ;
#3721 = VERTEX_POINT ( 'NONE', #166 ) ;
#3722 = ADVANCED_FACE ( 'NONE', ( #7498 ), #757, .F. ) ;
#3723 = CARTESIAN_POINT ( 'NONE',  ( -0.4265261278563231600, 0.6603467773492702800, -1.571798981196089700 ) ) ;
#3724 = DIRECTION ( 'NONE',  ( 0.0000000000000000000, 0.0000000000000000000, -1.000000000000000000 ) ) ;
#3725 = ORIENTED_EDGE ( 'NONE', *, *, #2353, .T. ) ;
#3726 = EDGE_CURVE ( 'NONE', #673, #259, #2380, .T. ) ;
#3727 = AXIS2_PLACEMENT_3D ( 'NONE', #7598, #257, #4537 ) ;
#3728 = FACE_OUTER_BOUND ( 'NONE', #7028, .T. ) ;
#3729 = CARTESIAN_POINT ( 'NONE',  ( 0.6461384147779181100, 1.417319999999999700, -1.104900000000000200 ) ) ;
#3730 = AXIS2_PLACEMENT_3D ( 'NONE', #6029, #2326, #6652 ) ;
#3731 = CARTESIAN_POINT ( 'NONE',  ( -0.4064747706188638300, 0.03047999999999999000, -1.511300000000000100 ) ) ;
#3732 = CARTESIAN_POINT ( 'NONE',  ( -0.4317252293811277800, 1.270221856575271200E-016, 1.587574770618868500 ) ) ;
#3733 = VERTEX_POINT ( 'NONE', #2603 ) ;
#3734 = CARTESIAN_POINT ( 'NONE',  ( 1.556549605084596400, 0.6603999999999998800, 0.5067577429404698200 ) ) ;
#3735 = PLANE ( 'NONE',  #6175 ) ;
#3736 = CARTESIAN_POINT ( 'NONE',  ( 0.4190999999999963100, 0.03047999999999999300, -1.541780000000000400 ) ) ;
#3737 = EDGE_CURVE ( 'NONE', #4874, #7046, #7306, .T. ) ;
#3738 = CIRCLE ( 'NONE', #2692, 0.2540000000000001100 ) ;
#3739 = ORIENTED_EDGE ( 'NONE', *, *, #5652, .F. ) ;
#3740 = CYLINDRICAL_SURFACE ( 'NONE', #979, 0.03047999999999999300 ) ;
#3741 = CARTESIAN_POINT ( 'NONE',  ( -0.8142262148173031700, 0.6603999999999994300, 1.464895556591430800 ) ) ;
#3742 = MECHANICAL_DESIGN_GEOMETRIC_PRESENTATION_REPRESENTATION (  '', ( #2070 ), #4147 ) ;
#3743 = VERTEX_POINT ( 'NONE', #1975 ) ;
#3744 = VERTEX_POINT ( 'NONE', #3832 ) ;
#3745 = DIRECTION ( 'NONE',  ( 0.0000000000000000000, 0.0000000000000000000, 1.000000000000000000 ) ) ;
#3746 = SURFACE_STYLE_FILL_AREA ( #2356 ) ;
#3747 = LINE ( 'NONE', #7234, #3551 ) ;
#3748 = CARTESIAN_POINT ( 'NONE',  ( 0.4190999999999958100, 0.08890000000000002100, 1.541780000000000200 ) ) ;
#3749 = ORIENTED_EDGE ( 'NONE', *, *, #31, .T. ) ;
#3750 = CARTESIAN_POINT ( 'NONE',  ( -0.4341116455400889100, 0.6603999999999998800, -1.570759491546752200 ) ) ;
#3751 = AXIS2_PLACEMENT_3D ( 'NONE', #5350, #5321, #5267 ) ;
#3752 = CARTESIAN_POINT ( 'NONE',  ( 0.4190999999999961400, 0.08889999999999997900, -1.569720000000000000 ) ) ;
#3753 = EDGE_CURVE ( 'NONE', #6289, #3733, #7118, .T. ) ;
#3754 = LINE ( 'NONE', #6656, #2099 ) ;
#3755 = ORIENTED_EDGE ( 'NONE', *, *, #6288, .T. ) ;
#3756 = CARTESIAN_POINT ( 'NONE',  ( 0.0000000000000000000, 1.417319999999999700, -1.104900000000000000 ) ) ;
#3757 = CARTESIAN_POINT ( 'NONE',  ( -0.4317252293811278400, -1.082636358311556200E-019, -1.541780000000000200 ) ) ;
#3758 = CARTESIAN_POINT ( 'NONE',  ( 1.522180687342619100, 0.6380978098368410600, -0.4952731665029186900 ) ) ;
#3759 = ORIENTED_EDGE ( 'NONE', *, *, #5389, .T. ) ;
#3760 = DIRECTION ( 'NONE',  ( -1.000000000000000000, -0.0000000000000000000, -0.0000000000000000000 ) ) ;
#3761 = DIRECTION ( 'NONE',  ( -0.8660254037844387100, 0.0000000000000000000, 0.4999999999999998900 ) ) ;
#3762 = PLANE ( 'NONE',  #4896 ) ;
#3763 = ADVANCED_FACE ( 'NONE', ( #3852 ), #1046, .T. ) ;
#3764 = CARTESIAN_POINT ( 'NONE',  ( 0.1033155212372403200, 0.7094734039254658700, 1.600199999999999600 ) ) ;
#3765 = CARTESIAN_POINT ( 'NONE',  ( -1.463489722546762500, 0.6908799999999996100, -0.8889999999999995700 ) ) ;
#3766 = DIRECTION ( 'NONE',  ( 0.0000000000000000000, -1.000000000000000000, 0.0000000000000000000 ) ) ;
#3767 = CARTESIAN_POINT ( 'NONE',  ( -2.374899999999999800, 0.6477747706188677900, 1.473199999999999600 ) ) ;
#3768 = CARTESIAN_POINT ( 'NONE',  ( 0.6639629227717920300, 1.447799999999999800, 1.135379999999999800 ) ) ;
#3769 = DIRECTION ( 'NONE',  ( 0.0000000000000000000, 1.000000000000000000, 0.0000000000000000000 ) ) ;
#3770 = ORIENTED_EDGE ( 'NONE', *, *, #6507, .T. ) ;
#3771 = DIRECTION ( 'NONE',  ( -0.0000000000000000000, -1.000000000000000000, -0.0000000000000000000 ) ) ;
#3772 = VERTEX_POINT ( 'NONE', #5140 ) ;
#3773 = AXIS2_PLACEMENT_3D ( 'NONE', #6385, #2702, #7014 ) ;
#3774 = DIRECTION ( 'NONE',  ( 2.128933910274521100E-016, 1.000000000000000000, 0.0000000000000000000 ) ) ;
#3775 = EDGE_CURVE ( 'NONE', #4192, #300, #2197, .T. ) ;
#3776 = AXIS2_PLACEMENT_3D ( 'NONE', #4357, #1897, #3745 ) ;
#3777 = CARTESIAN_POINT ( 'NONE',  ( -2.217420000000000200, 0.0000000000000000000, 0.0000000000000000000 ) ) ;
#3778 = VECTOR ( 'NONE', #1876, 1000.000000000000000 ) ;
#3779 = ORIENTED_EDGE ( 'NONE', *, *, #2195, .T. ) ;
#3780 = CARTESIAN_POINT ( 'NONE',  ( -1.618053878014182200, 0.6908799999999997200, -0.6207555997902415300 ) ) ;
#3781 = ORIENTED_EDGE ( 'NONE', *, *, #2823, .T. ) ;
#3782 = CARTESIAN_POINT ( 'NONE',  ( 1.104897473085507500, 1.435174770618868000, -0.002363042373784013800 ) ) ;
#3783 = CARTESIAN_POINT ( 'NONE',  ( -0.4190999999999959200, 0.01262522938113197800, 1.569720000000000200 ) ) ;
#3784 = CARTESIAN_POINT ( 'NONE',  ( 0.3108362295486167800, 0.6934199999999994800, -1.600200000000000100 ) ) ;
#3785 = DIRECTION ( 'NONE',  ( 0.0000000000000000000, -1.000000000000000000, 0.0000000000000000000 ) ) ;
#3786 = DIRECTION ( 'NONE',  ( -1.000000000000000000, -0.0000000000000000000, -0.0000000000000000000 ) ) ;
#3787 = CARTESIAN_POINT ( 'NONE',  ( 1.526650835813382300, 1.088915024874059800, 0.3383237023999155500 ) ) ;
#3788 = AXIS2_PLACEMENT_3D ( 'NONE', #2937, #2964, #6573 ) ;
#3789 = ORIENTED_EDGE ( 'NONE', *, *, #1089, .F. ) ;
#3790 = LINE ( 'NONE', #4589, #5221 ) ;
#3791 = CARTESIAN_POINT ( 'NONE',  ( 0.2285999999999999700, 1.422400000000000800, -0.6868575179758900100 ) ) ;
#3792 = CARTESIAN_POINT ( 'NONE',  ( -1.866900000000000000, 0.6477747706188679000, 1.473200000000000500 ) ) ;
#3793 = CARTESIAN_POINT ( 'NONE',  ( -0.2109423417253313000, 0.7138677279704593900, 1.600199999999999800 ) ) ;
#3794 = CARTESIAN_POINT ( 'NONE',  ( 1.355252715606880500E-016, 1.417319999999999700, 1.104900000000000000 ) ) ;
#3795 = CARTESIAN_POINT ( 'NONE',  ( 2.247900000000000900, 0.6404574098877325900, 0.7673632544943584900 ) ) ;
#3796 = CARTESIAN_POINT ( 'NONE',  ( 0.0000000000000000000, 0.6908799999999996100, -0.8889999999999995700 ) ) ;
#3797 = CARTESIAN_POINT ( 'NONE',  ( 0.9510355852478548100, 0.6908799999999996100, -1.394735631750302400 ) ) ;
#3798 = DIRECTION ( 'NONE',  ( -1.000000000000000000, 0.0000000000000000000, 0.0000000000000000000 ) ) ;
#3799 = CYLINDRICAL_SURFACE ( 'NONE', #2835, 0.03047999999999999300 ) ;
#3800 = CARTESIAN_POINT ( 'NONE',  ( -0.4190999999999958100, 0.08889999999999999300, 1.541780000000000200 ) ) ;
#3801 = ADVANCED_FACE ( 'NONE', ( #3650 ), #1450, .F. ) ;
#3802 = CARTESIAN_POINT ( 'NONE',  ( -0.4416971401106091200, 0.6604000000007165200, -1.569719917859278200 ) ) ;
#3803 = VERTEX_POINT ( 'NONE', #1395 ) ;
#3804 = ORIENTED_EDGE ( 'NONE', *, *, #402, .F. ) ;
#3805 =( BOUNDED_CURVE ( )  B_SPLINE_CURVE ( 3, ( #7035, #7588, #7005, #6975 ),
 .UNSPECIFIED., .F., .T. )
 B_SPLINE_CURVE_WITH_KNOTS ( ( 4, 4 ),
 ( 0.0000000000000000000, 1.000000000000000000 ),
 .UNSPECIFIED. )
 CURVE ( )  GEOMETRIC_REPRESENTATION_ITEM ( )  RATIONAL_B_SPLINE_CURVE ( ( 1.000000000000000000, 0.3333333333333335400, 0.3333333333333335400, 1.000000000000000000 ) )
 REPRESENTATION_ITEM ( '' )  );
#3806 = CARTESIAN_POINT ( 'NONE',  ( -1.489779957083531100, 0.6730252293811313000, -0.8739425149700595900 ) ) ;
#3807 = FACE_OUTER_BOUND ( 'NONE', #146, .T. ) ;
#3808 = VECTOR ( 'NONE', #7313, 1000.000000000000000 ) ;
#3809 = CARTESIAN_POINT ( 'NONE',  ( 1.103515581101210300, 1.435174770618867800, -0.6484999794283566900 ) ) ;
#3810 = CARTESIAN_POINT ( 'NONE',  ( 1.397074770618876600, 0.6479084838754909400, 1.600199999999999600 ) ) ;
#3811 = CARTESIAN_POINT ( 'NONE',  ( 1.525443794280482200, 0.6908789718250013500, -0.4845241008008942500 ) ) ;
#3812 = CARTESIAN_POINT ( 'NONE',  ( 0.05234161613525615400, 0.7202887693614391500, -1.600183333469661800 ) ) ;
#3813 = EDGE_CURVE ( 'NONE', #592, #6900, #573, .T. ) ;
#3814 = DIRECTION ( 'NONE',  ( 0.0000000000000000000, 0.0000000000000000000, -1.000000000000000000 ) ) ;
#3815 = ORIENTED_EDGE ( 'NONE', *, *, #6633, .T. ) ;
#3816 = CARTESIAN_POINT ( 'NONE',  ( 0.0000000000000000000, 7.512325129353056000, 0.0000000000000000000 ) ) ;
#3817 = CARTESIAN_POINT ( 'NONE',  ( -1.516070191620299000, 0.6603999999999996500, -0.8893650299401192300 ) ) ;
#3818 = DIRECTION ( 'NONE',  ( -0.0000000000000000000, -1.000000000000000000, -0.0000000000000000000 ) ) ;
#3819 = ORIENTED_EDGE ( 'NONE', *, *, #1540, .F. ) ;
#3820 = CIRCLE ( 'NONE', #1097, 0.03048000000000004900 ) ;
#3821 = EDGE_LOOP ( 'NONE', ( #6816, #5285, #3396, #624 ) ) ;
#3822 = CARTESIAN_POINT ( 'NONE',  ( -0.4190999999999958100, 0.6784441147009324700, -1.546795624012448100 ) ) ;
#3823 = ORIENTED_EDGE ( 'NONE', *, *, #165, .T. ) ;
#3824 = FACE_OUTER_BOUND ( 'NONE', #4252, .T. ) ;
#3825 = EDGE_CURVE ( 'NONE', #7652, #7516, #5463, .T. ) ;
#3826 = ORIENTED_EDGE ( 'NONE', *, *, #7030, .F. ) ;
#3827 = CARTESIAN_POINT ( 'NONE',  ( 1.351952767695392600, 0.6603999999999998800, -1.033017514339232800 ) ) ;
#3828 = CARTESIAN_POINT ( 'NONE',  ( -1.296382129561919300, 1.447800000000000000, 0.8851069158878506200 ) ) ;
#3829 = CARTESIAN_POINT ( 'NONE',  ( 1.412927103711797000, 0.03048000000000003500, 1.597027355825621600 ) ) ;
#3830 = ORIENTED_EDGE ( 'NONE', *, *, #3485, .F. ) ;
#3831 = VECTOR ( 'NONE', #1073, 1000.000000000000000 ) ;
#3832 = CARTESIAN_POINT ( 'NONE',  ( 1.516380000000000500, 0.1117600000000006800, -0.4953000000000003000 ) ) ;
#3833 = VECTOR ( 'NONE', #6129, 1000.000000000000000 ) ;
#3834 = VERTEX_POINT ( 'NONE', #2088 ) ;
#3835 = CARTESIAN_POINT ( 'NONE',  ( 0.6461384147779181100, 1.435174770618867800, -1.104900000000000000 ) ) ;
#3836 = CARTESIAN_POINT ( 'NONE',  ( 0.0000000000000000000, 1.257300000006011900, 0.0000000000000000000 ) ) ;
#3837 = CARTESIAN_POINT ( 'NONE',  ( 1.522165326780553500, 0.6297435262251782600, -0.4953002863038251100 ) ) ;
#3838 = CARTESIAN_POINT ( 'NONE',  ( 0.0000000000000000000, 0.6604000000000002100, 0.0000000000000000000 ) ) ;
#3839 = VERTEX_POINT ( 'NONE', #1473 ) ;
#3840 = CARTESIAN_POINT ( 'NONE',  ( 0.0000000000000000000, 0.7238999999999995400, 0.0000000000000000000 ) ) ;
#3841 = DIRECTION ( 'NONE',  ( -0.8625405031748105700, 0.0000000000000000000, -0.5059880239520935200 ) ) ;
#3842 = FACE_OUTER_BOUND ( 'NONE', #2943, .T. ) ;
#3843 = DIRECTION ( 'NONE',  ( 0.0000000000000000000, -0.0000000000000000000, -1.000000000000000000 ) ) ;
#3844 = EDGE_CURVE ( 'NONE', #1603, #143, #1805, .T. ) ;
#3845 = VECTOR ( 'NONE', #3771, 1000.000000000000000 ) ;
#3846 = ADVANCED_FACE ( 'NONE', ( #1995 ), #4897, .T. ) ;
#3847 = ORIENTED_EDGE ( 'NONE', *, *, #7478, .T. ) ;
#3848 = EDGE_LOOP ( 'NONE', ( #168, #5995, #4662, #5449, #6595, #1881, #1410 ) ) ;
#3849 = B_SPLINE_CURVE_WITH_KNOTS ( 'NONE', 3,
 ( #5109, #3872, #5709, #2016 ),
 .UNSPECIFIED., .F., .F.,
 ( 4, 4 ),
 ( 0.0000000000000000000, 1.000000000000000000 ),
 .UNSPECIFIED. ) ;
#3850 = VECTOR ( 'NONE', #1626, 1000.000000000000000 ) ;
#3851 = DIRECTION ( 'NONE',  ( -0.8258683902619048400, 0.0000000000000000000, -0.5638629283489118300 ) ) ;
#3852 = FACE_OUTER_BOUND ( 'NONE', #2282, .T. ) ;
#3853 = ORIENTED_EDGE ( 'NONE', *, *, #4772, .T. ) ;
#3854 = ORIENTED_EDGE ( 'NONE', *, *, #1173, .F. ) ;
#3855 = CARTESIAN_POINT ( 'NONE',  ( 2.247900000000000900, 0.6479084838754909400, -0.7599121805066004800 ) ) ;
#3856 = CARTESIAN_POINT ( 'NONE',  ( -1.332185673811653300, 1.447799999999999800, 0.8763747706188682600 ) ) ;
#3857 = VECTOR ( 'NONE', #84, 1000.000000000000000 ) ;
#3858 = EDGE_CURVE ( 'NONE', #2049, #4470, #6721, .T. ) ;
#3859 = AXIS2_PLACEMENT_3D ( 'NONE', #6829, #6880, #7299 ) ;
#3860 = EDGE_CURVE ( 'NONE', #7462, #5724, #6537, .T. ) ;
#3861 = CARTESIAN_POINT ( 'NONE',  ( -1.460500000000000100, 0.1117600000000007100, 0.4952999999999996300 ) ) ;
#3862 = CARTESIAN_POINT ( 'NONE',  ( -0.4317252293811278400, 0.03048000000000004200, 1.600200000000000100 ) ) ;
#3863 = CARTESIAN_POINT ( 'NONE',  ( 1.397074770618876900, 0.03048000000000005200, 1.600200000000000100 ) ) ;
#3864 = DIRECTION ( 'NONE',  ( 0.0000000000000000000, 1.000000000000000000, 0.0000000000000000000 ) ) ;
#3865 = CARTESIAN_POINT ( 'NONE',  ( 0.4190999999999962500, 0.03047999999999999000, -1.523925229381132500 ) ) ;
#3866 = CARTESIAN_POINT ( 'NONE',  ( -0.4317252293811277800, 0.01262522938113193300, -1.600200000000000100 ) ) ;
#3867 = PRESENTATION_STYLE_ASSIGNMENT (( #932 ) ) ;
#3868 = CARTESIAN_POINT ( 'NONE',  ( -2.235274770618868700, 0.01262522938113192800, 1.600199999999999800 ) ) ;
#3869 = ORIENTED_EDGE ( 'NONE', *, *, #5187, .T. ) ;
#3870 = EDGE_LOOP ( 'NONE', ( #2383, #4434, #5400, #2342 ) ) ;
#3871 = CARTESIAN_POINT ( 'NONE',  ( -2.235274770618868300, 0.6603999999999997600, -1.569720000000000000 ) ) ;
#3872 = CARTESIAN_POINT ( 'NONE',  ( -0.4492050055521214500, 0.0000000000000000000, -1.508156841544116700 ) ) ;
#3873 = DIRECTION ( 'NONE',  ( -0.0000000000000000000, -1.000000000000000000, -0.0000000000000000000 ) ) ;
#3874 = CARTESIAN_POINT ( 'NONE',  ( 0.0000000000000000000, 0.7238999999999995400, 0.0000000000000000000 ) ) ;
#3875 = CARTESIAN_POINT ( 'NONE',  ( 2.247900000000000900, 0.6404574098877328100, -0.7673632544943586000 ) ) ;
#3876 = DIRECTION ( 'NONE',  ( 0.0000000000000000000, 0.0000000000000000000, -1.000000000000000000 ) ) ;
#3877 = EDGE_LOOP ( 'NONE', ( #7140, #659, #5275, #1937 ) ) ;
#3878 = CARTESIAN_POINT ( 'NONE',  ( -1.319327172569533000, 1.447799999999999800, 0.8831652824530625800 ) ) ;
#3879 = CARTESIAN_POINT ( 'NONE',  ( -1.572260000000000900, 0.1117600000000006900, -0.4953000000000003000 ) ) ;
#3880 = EDGE_CURVE ( 'NONE', #7825, #7017, #7601, .T. ) ;
#3881 = ADVANCED_FACE ( 'NONE', ( #6341 ), #3070, .T. ) ;
#3882 = EDGE_LOOP ( 'NONE', ( #6668, #1295, #1264, #354 ) ) ;
#3883 = FACE_OUTER_BOUND ( 'NONE', #5764, .T. ) ;
#3884 = CARTESIAN_POINT ( 'NONE',  ( -3.252606517456513300E-016, 1.417319999999999700, -1.600200000000000100 ) ) ;
#3885 = VECTOR ( 'NONE', #1511, 1000.000000000000000 ) ;
#3886 = EDGE_CURVE ( 'NONE', #3839, #1259, #35, .T. ) ;
#3887 = CARTESIAN_POINT ( 'NONE',  ( 0.0000000000000000000, 1.435174770618868000, -1.104900000000000000 ) ) ;
#3888 = CARTESIAN_POINT ( 'NONE',  ( 2.247900000000000900, 0.03048000000000004900, -0.7493747706188675900 ) ) ;
#3889 = CARTESIAN_POINT ( 'NONE',  ( -1.128514256475604500, 0.6603999999999995400, -1.239087928094025500 ) ) ;
#3890 = CARTESIAN_POINT ( 'NONE',  ( -0.4190999999999957500, 0.08890000000000000700, 1.511300000000000100 ) ) ;
#3891 = CARTESIAN_POINT ( 'NONE',  ( 0.0000000000000000000, 1.257299999999999900, -0.7239000000000002100 ) ) ;
#3892 = DIRECTION ( 'NONE',  ( -0.5059880239520956300, -0.0000000000000000000, 0.8625405031748096800 ) ) ;
#3893 = EDGE_LOOP ( 'NONE', ( #4763, #1588, #5163, #5090 ) ) ;
#3894 = FACE_OUTER_BOUND ( 'NONE', #182, .T. ) ;
#3895 = CARTESIAN_POINT ( 'NONE',  ( -2.217420000000000200, 0.6603999999999998800, 0.0000000000000000000 ) ) ;
#3896 = AXIS2_PLACEMENT_3D ( 'NONE', #1324, #1026, #995 ) ;
#3897 = EDGE_LOOP ( 'NONE', ( #238, #4182, #56, #5406 ) ) ;
#3898 = CARTESIAN_POINT ( 'NONE',  ( -0.4317252293811278400, 0.03048000000000004500, -1.600199999999999600 ) ) ;
#3899 = FACE_OUTER_BOUND ( 'NONE', #4506, .T. ) ;
#3900 = CARTESIAN_POINT ( 'NONE',  ( -0.3886199999999956900, 0.6934199999999998100, 1.600200000000000100 ) ) ;
#3901 = VECTOR ( 'NONE', #6339, 1000.000000000000000 ) ;
#3902 = CARTESIAN_POINT ( 'NONE',  ( 2.247900000000000900, 0.6299199999999998100, -0.7493747706188677000 ) ) ;
#3903 = ORIENTED_EDGE ( 'NONE', *, *, #5693, .T. ) ;
#3904 = CARTESIAN_POINT ( 'NONE',  ( -1.002845648063621600, 1.447799999999999800, -0.4154504157498407600 ) ) ;
#3905 = AXIS2_PLACEMENT_3D ( 'NONE', #2518, #2580, #1947 ) ;
#3906 = ORIENTED_EDGE ( 'NONE', *, *, #7847, .F. ) ;
#3907 = ORIENTED_EDGE ( 'NONE', *, *, #4801, .F. ) ;
#3908 = CARTESIAN_POINT ( 'NONE',  ( -1.311127820231420000, 1.447799999999999800, 0.8951745591340041200 ) ) ;
#3909 = EDGE_CURVE ( 'NONE', #7171, #2713, #6182, .T. ) ;
#3910 = ORIENTED_EDGE ( 'NONE', *, *, #5802, .F. ) ;
#3911 = ORIENTED_EDGE ( 'NONE', *, *, #3844, .T. ) ;
#3912 = FACE_OUTER_BOUND ( 'NONE', #1008, .T. ) ;
#3913 = EDGE_LOOP ( 'NONE', ( #1396, #2953, #6214, #6709 ) ) ;
#3914 = CARTESIAN_POINT ( 'NONE',  ( -0.4189406101714015500, 0.6602406101789698400, 1.572833036899878000 ) ) ;
#3915 = ORIENTED_EDGE ( 'NONE', *, *, #7375, .T. ) ;
#3916 = CARTESIAN_POINT ( 'NONE',  ( 1.353112248377910900E-016, 1.435174770618868000, 1.104900000000000000 ) ) ;
#3917 = EDGE_CURVE ( 'NONE', #3360, #7476, #4742, .T. ) ;
#3918 = CARTESIAN_POINT ( 'NONE',  ( 1.531987334760399200, 0.6604217792955346900, -0.4952923574342854600 ) ) ;
#3919 = CARTESIAN_POINT ( 'NONE',  ( -1.516070191620299000, 0.6908799999999996100, -0.8893650299401192300 ) ) ;
#3920 = ORIENTED_EDGE ( 'NONE', *, *, #2240, .F. ) ;
#3921 = ADVANCED_FACE ( 'NONE', ( #4704 ), #3469, .F. ) ;
#3922 = VECTOR ( 'NONE', #1149, 1000.000000000000000 ) ;
#3923 = ORIENTED_EDGE ( 'NONE', *, *, #5229, .F. ) ;
#3924 = CARTESIAN_POINT ( 'NONE',  ( -0.4495799999999958700, 5.421010862427522200E-017, -1.569720000000000000 ) ) ;
#3925 = AXIS2_PLACEMENT_3D ( 'NONE', #2371, #540, #513 ) ;
#3926 = EDGE_CURVE ( 'NONE', #4302, #7825, #7774, .T. ) ;
#3927 = EDGE_LOOP ( 'NONE', ( #1481, #6252, #4970 ) ) ;
#3928 = PLANE ( 'NONE',  #3727 ) ;
#3929 = FACE_OUTER_BOUND ( 'NONE', #1293, .T. ) ;
#3930 = VECTOR ( 'NONE', #7199, 1000.000000000000000 ) ;
#3931 = DIRECTION ( 'NONE',  ( 0.0000000000000000000, 0.0000000000000000000, -1.000000000000000000 ) ) ;
#3932 = ORIENTED_EDGE ( 'NONE', *, *, #4718, .T. ) ;
#3933 = ORIENTED_EDGE ( 'NONE', *, *, #2991, .F. ) ;
#3934 = CIRCLE ( 'NONE', #2140, 0.03048000000000004900 ) ;
#3935 = CIRCLE ( 'NONE', #1443, 0.03047999999999991000 ) ;
#3936 = AXIS2_PLACEMENT_3D ( 'NONE', #1212, #5515, #1822 ) ;
#3937 = EDGE_LOOP ( 'NONE', ( #3138, #2957, #1703 ) ) ;
#3938 = CARTESIAN_POINT ( 'NONE',  ( -1.297940000000000500, 0.6603999999999997600, 1.503680000000000600 ) ) ;
#3939 = AXIS2_PLACEMENT_3D ( 'NONE', #1629, #2272, #2740 ) ;
#3940 = CARTESIAN_POINT ( 'NONE',  ( 1.535870412780848200, 0.6556949895043492300, -0.4952350756914110600 ) ) ;
#3941 = DIRECTION ( 'NONE',  ( 0.0000000000000000000, 1.000000000000000000, 0.0000000000000000000 ) ) ;
#3942 = CARTESIAN_POINT ( 'NONE',  ( 0.0000000000000000000, 1.417319999999999700, -1.600200000000000100 ) ) ;
#3943 = EDGE_CURVE ( 'NONE', #7907, #3995, #5097, .T. ) ;
#3944 = EDGE_CURVE ( 'NONE', #6920, #4709, #4512, .T. ) ;
#3945 = VERTEX_POINT ( 'NONE', #7789 ) ;
#3946 = ORIENTED_EDGE ( 'NONE', *, *, #4523, .T. ) ;
#3947 = CARTESIAN_POINT ( 'NONE',  ( 0.4317252293811278400, -1.082636358311556200E-019, 1.541779999999999900 ) ) ;
#3948 = DIRECTION ( 'NONE',  ( 1.000000000000000000, 0.0000000000000000000, 0.0000000000000000000 ) ) ;
#3949 = CARTESIAN_POINT ( 'NONE',  ( -0.3886199999999958000, 0.08890000000000000700, -1.511300000000000300 ) ) ;
#3950 = CARTESIAN_POINT ( 'NONE',  ( -1.346727066632285500, 1.435174770618868200, 0.8890000000000006800 ) ) ;
#3951 = PLANE ( 'NONE',  #4688 ) ;
#3952 = ADVANCED_FACE ( 'NONE', ( #1232 ), #2887, .F. ) ;
#3953 = B_SPLINE_CURVE_WITH_KNOTS ( 'NONE', 3,
 ( #5166, #864, #2091, #6405, #2720, #7031, #3336, #7636, #3960, #297, #4579, #888, #5192, #1506, #5809, #2116, #6433, #2745, #7054, #3363, #7664, #3982 ),
 .UNSPECIFIED., .F., .F.,
 ( 4, 3, 3, 3, 3, 3, 3, 4 ),
 ( 0.0000000000000000000, 1.023285326131563700E-005, 1.523954911528453600E-005, 2.024622914268070600E-005, 2.525289329624905300E-005, 3.548507550813157000E-005, 4.049718829516311400E-005, 4.749502573870682500E-005 ),
 .UNSPECIFIED. ) ;
#3954 = EDGE_CURVE ( 'NONE', #3014, #1366, #4320, .T. ) ;
#3955 = EDGE_LOOP ( 'NONE', ( #3358, #1468, #3415, #638 ) ) ;
#3956 = AXIS2_PLACEMENT_3D ( 'NONE', #1498, #2050, #2082 ) ;
#3957 = EDGE_CURVE ( 'NONE', #1366, #3289, #7582, .T. ) ;
#3958 = ORIENTED_EDGE ( 'NONE', *, *, #5407, .T. ) ;
#3959 = DIRECTION ( 'NONE',  ( -0.0000000000000000000, 0.0000000000000000000, 1.000000000000000000 ) ) ;
#3960 = CARTESIAN_POINT ( 'NONE',  ( 1.587260103831192600, 1.300726293399242500, 0.01269999999999993200 ) ) ;
#3961 = CARTESIAN_POINT ( 'NONE',  ( -2.247900000000000900, 1.084202172485504400E-016, -0.4953000000000003000 ) ) ;
#3962 = CARTESIAN_POINT ( 'NONE',  ( -1.655238182446916900, 0.6842225641719154000, 0.4953000000001231400 ) ) ;
#3963 = ADVANCED_FACE ( 'NONE', ( #5952 ), #3317, .F. ) ;
#3964 = CARTESIAN_POINT ( 'NONE',  ( 1.540906942756831800, 0.6503821013539515800, -0.4952353080909754900 ) ) ;
#3965 = CARTESIAN_POINT ( 'NONE',  ( -1.654659406041013600, 7.512325129353056000, 0.4953000000000008000 ) ) ;
#3966 = LINE ( 'NONE', #1256, #3778 ) ;
#3967 = ORIENTED_EDGE ( 'NONE', *, *, #7301, .T. ) ;
#3968 = FACE_OUTER_BOUND ( 'NONE', #5048, .T. ) ;
#3969 = DIRECTION ( 'NONE',  ( -0.0000000000000000000, -1.000000000000000000, 0.0000000000000000000 ) ) ;
#3970 = DIRECTION ( 'NONE',  ( 1.000000000000000000, 0.0000000000000000000, -0.0000000000000000000 ) ) ;
#3971 = DIRECTION ( 'NONE',  ( 0.0000000000000000000, 1.000000000000000000, 0.0000000000000000000 ) ) ;
#3972 = DIRECTION ( 'NONE',  ( 0.0000000000000000000, 0.0000000000000000000, -1.000000000000000000 ) ) ;
#3973 = CARTESIAN_POINT ( 'NONE',  ( 1.522165326780554400, 0.6297435262251782600, 0.4953002863038245600 ) ) ;
#3974 = VERTEX_POINT ( 'NONE', #7254 ) ;
#3975 = CARTESIAN_POINT ( 'NONE',  ( -1.486629182998472600, 0.6603999999999998800, -0.9192412915251184600 ) ) ;
#3976 = LINE ( 'NONE', #873, #5412 ) ;
#3977 = CARTESIAN_POINT ( 'NONE',  ( -1.336444749160919000, 1.435174770618867800, 0.8890000000000002300 ) ) ;
#3978 = CARTESIAN_POINT ( 'NONE',  ( 1.555240254778111900, 1.240989593929044700, -0.1968612368046178400 ) ) ;
#3979 = FACE_OUTER_BOUND ( 'NONE', #5986, .T. ) ;
#3980 = LINE ( 'NONE', #2447, #711 ) ;
#3981 = EDGE_CURVE ( 'NONE', #2688, #7614, #4130, .T. ) ;
#3982 = CARTESIAN_POINT ( 'NONE',  ( 1.600149340025623700, 1.325691055589680100, 0.01269998851737196700 ) ) ;
#3983 = CARTESIAN_POINT ( 'NONE',  ( 1.531404489643474600, 0.6603999959238825400, -0.4641453609236939100 ) ) ;
#3984 = ORIENTED_EDGE ( 'NONE', *, *, #2058, .T. ) ;
#3985 = DIRECTION ( 'NONE',  ( 0.7071067811865510100, -8.892734354375883700E-016, 0.7071067811865440200 ) ) ;
#3986 = ORIENTED_EDGE ( 'NONE', *, *, #3917, .T. ) ;
#3987 = FACE_OUTER_BOUND ( 'NONE', #2061, .T. ) ;
#3988 =( BOUNDED_SURFACE ( )  B_SPLINE_SURFACE ( 3, 2, (
 ( #5970, #6545, #3258 ),
 ( #3692, #3587, #3811 ),
 ( #2092, #3758, #3645 ),
 ( #7136, #3837, #298 ) ),
 .UNSPECIFIED., .F., .F., .F. )
 B_SPLINE_SURFACE_WITH_KNOTS ( ( 4, 4 ),
 ( 3, 3 ),
 ( 0.0002036636740231929000, 0.0003019875899357581000 ),
 ( 0.0000000000000000000, 1.000000000000000000 ),
 .UNSPECIFIED. )
 GEOMETRIC_REPRESENTATION_ITEM ( )  RATIONAL_B_SPLINE_SURFACE ( (
 ( 1.000000000000000000, 0.7071067811865487900, 1.000000000000000000),
 ( 1.000000000000000000, 0.6478435212289008800, 1.000000000000000000),
 ( 1.000000000000000000, 0.5959902030496900800, 1.000000000000000000),
 ( 1.000000000000000000, 0.5978982987318751700, 1.000000000000000000) ) )
 REPRESENTATION_ITEM ( '' )  SURFACE ( )  );
#3989 = LINE ( 'NONE', #7414, #5623 ) ;
#3990 = ADVANCED_FACE ( 'NONE', ( #851 ), #3528, .F. ) ;
#3991 = EDGE_LOOP ( 'NONE', ( #572, #337, #3903 ) ) ;
#3992 = CARTESIAN_POINT ( 'NONE',  ( 2.247900000000000900, 0.03048000000000003500, 0.7493747706188677000 ) ) ;
#3993 = DIRECTION ( 'NONE',  ( -0.0000000000000000000, -1.000000000000000000, -0.0000000000000000000 ) ) ;
#3994 = DIRECTION ( 'NONE',  ( 0.0000000000000000000, 1.000000000000000000, 0.0000000000000000000 ) ) ;
#3995 = VERTEX_POINT ( 'NONE', #4803 ) ;
#3996 = LINE ( 'NONE', #7461, #2159 ) ;
#3997 = ORIENTED_EDGE ( 'NONE', *, *, #1062, .F. ) ;
#3998 = ORIENTED_EDGE ( 'NONE', *, *, #3957, .T. ) ;
#3999 = ORIENTED_EDGE ( 'NONE', *, *, #2221, .F. ) ;
#4000 = DIRECTION ( 'NONE',  ( 1.000000000000000000, -0.0000000000000000000, 0.0000000000000000000 ) ) ;
#4001 = CARTESIAN_POINT ( 'NONE',  ( -0.4495799999999958700, -8.470329472543003400E-019, 1.541780000000000400 ) ) ;
#4002 = ADVANCED_FACE ( 'NONE', ( #5562 ), #2285, .T. ) ;
#4003 = DIRECTION ( 'NONE',  ( 0.0000000000000000000, 0.0000000000000000000, -1.000000000000000000 ) ) ;
#4004 = EDGE_CURVE ( 'NONE', #5381, #6993, #1879, .T. ) ;
#4005 = EDGE_LOOP ( 'NONE', ( #6395, #2220, #484, #6917 ) ) ;
#4006 = CARTESIAN_POINT ( 'NONE',  ( -1.327352415736720000, 1.435174770618867800, 0.8938016169656866100 ) ) ;
#4007 = EDGE_CURVE ( 'NONE', #3693, #1003, #3935, .T. ) ;
#4008 = EDGE_CURVE ( 'NONE', #3945, #5576, #7203, .T. ) ;
#4009 = APPLICATION_CONTEXT ( 'automotive_design' ) ;
#4010 = VECTOR ( 'NONE', #6379, 1000.000000000000000 ) ;
#4011 = CARTESIAN_POINT ( 'NONE',  ( 1.544929506102469700, 1.195358311960829800, 0.2573369516695147000 ) ) ;
#4012 = DIRECTION ( 'NONE',  ( 0.0000000000000000000, 0.0000000000000000000, 1.000000000000000000 ) ) ;
#4013 = ORIENTED_EDGE ( 'NONE', *, *, #334, .F. ) ;
#4014 = CARTESIAN_POINT ( 'NONE',  ( 1.529216341541262100, 1.107300436034487600, -0.3282306407439703500 ) ) ;
#4015 = CARTESIAN_POINT ( 'NONE',  ( -2.435860000000000400, 0.6603999999999997600, -1.503680000000000800 ) ) ;
#4016 = DIRECTION ( 'NONE',  ( 0.0000000000000000000, -0.0000000000000000000, -1.000000000000000000 ) ) ;
#4017 = CARTESIAN_POINT ( 'NONE',  ( 1.117522673592646200, 1.447799999999999500, -0.002390043868947700800 ) ) ;
#4018 = ORIENTED_EDGE ( 'NONE', *, *, #2152, .T. ) ;
#4019 = VECTOR ( 'NONE', #1105, 1000.000000000000000 ) ;
#4020 = LINE ( 'NONE', #6447, #4209 ) ;
#4021 = ORIENTED_EDGE ( 'NONE', *, *, #2695, .T. ) ;
#4022 =( BOUNDED_SURFACE ( )  B_SPLINE_SURFACE ( 3, 3, (
 ( #3736, #3865, #3398, #3367 ),
 ( #3340, #3287, #3262, #3236 ),
 ( #3211, #3188, #3157, #3131 ),
 ( #3104, #2779, #2751, #2726 ) ),
 .UNSPECIFIED., .F., .F., .T. )
 B_SPLINE_SURFACE_WITH_KNOTS ( ( 4, 4 ),
 ( 4, 4 ),
 ( 0.0000000000000000000, 1.000000000000000000 ),
 ( 0.0000000000000000000, 1.000000000000000000 ),
 .UNSPECIFIED. )
 GEOMETRIC_REPRESENTATION_ITEM ( )  RATIONAL_B_SPLINE_SURFACE ( (
 ( 1.000000000000000000, 0.8047378541243649400, 0.8047378541243649400, 1.000000000000000000),
 ( 0.8047378541243667100, 0.6476030138606890800, 0.6476030138606890800, 0.8047378541243667100),
 ( 0.8047378541243667100, 0.6476030138606890800, 0.6476030138606890800, 0.8047378541243667100),
 ( 1.000000000000000000, 0.8047378541243649400, 0.8047378541243649400, 1.000000000000000000) ) )
 REPRESENTATION_ITEM ( '' )  SURFACE ( )  );
#4023 = DIRECTION ( 'NONE',  ( 0.0000000000000000000, 1.000000000000000000, 0.0000000000000000000 ) ) ;
#4024 = EDGE_LOOP ( 'NONE', ( #3429, #6462, #3459, #2581 ) ) ;
#4025 = FACE_OUTER_BOUND ( 'NONE', #209, .T. ) ;
#4026 = CARTESIAN_POINT ( 'NONE',  ( 2.247900000000000900, 0.01249151612450912300, 0.7493747706188673700 ) ) ;
#4027 = VECTOR ( 'NONE', #675, 1000.000000000000000 ) ;
#4028 = EDGE_CURVE ( 'NONE', #3573, #4856, #5753, .T. ) ;
#4029 = AXIS2_PLACEMENT_3D ( 'NONE', #3466, #7760, #4081 ) ;
#4030 = ORIENTED_EDGE ( 'NONE', *, *, #4930, .T. ) ;
#4031 = DIRECTION ( 'NONE',  ( -1.000000000000000000, 0.0000000000000000000, -1.094490382077028800E-016 ) ) ;
#4032 = EDGE_LOOP ( 'NONE', ( #1239, #7158, #7647, #6312 ) ) ;
#4033 = FACE_OUTER_BOUND ( 'NONE', #6716, .T. ) ;
#4034 = EDGE_CURVE ( 'NONE', #944, #7168, #478, .T. ) ;
#4035 = ORIENTED_EDGE ( 'NONE', *, *, #3276, .F. ) ;
#4036 = CARTESIAN_POINT ( 'NONE',  ( -0.4238864882852844100, 0.6907906969845865100, 1.543044031380338000 ) ) ;
#4037 = CARTESIAN_POINT ( 'NONE',  ( 0.4190999999903551900, 0.6605023053445272500, 1.570750303145080900 ) ) ;
#4038 = EDGE_LOOP ( 'NONE', ( #3933, #4149, #5220, #807 ) ) ;
#4039 = CARTESIAN_POINT ( 'NONE',  ( 1.521142767577051700, 1.041874132551627600, -0.3586578606284729400 ) ) ;
#4040 = CARTESIAN_POINT ( 'NONE',  ( 1.366919551519828900, 0.6603999999999995400, -1.044453527633046000 ) ) ;
#4041 = CARTESIAN_POINT ( 'NONE',  ( -1.866900000000000000, 0.6299199999999998100, -1.473199999999999600 ) ) ;
#4042 = LINE ( 'NONE', #7827, #7315 ) ;
#4043 = CARTESIAN_POINT ( 'NONE',  ( 6.532266026651982100E-017, 0.7238999999999995400, 1.600199999999999800 ) ) ;
#4044 = AXIS2_PLACEMENT_3D ( 'NONE', #2560, #1957, #1935 ) ;
#4045 = ADVANCED_FACE ( 'NONE', ( #7016 ), #7021, .F. ) ;
#4046 = DIRECTION ( 'NONE',  ( -0.0000000000000000000, -1.000000000000000000, -0.0000000000000000000 ) ) ;
#4047 = CARTESIAN_POINT ( 'NONE',  ( 0.0000000000000000000, 1.130299999999999900, 0.3139238601954303900 ) ) ;
#4048 = CARTESIAN_POINT ( 'NONE',  ( -0.05183253677035385600, 0.7166784970006200300, -1.600200000000000100 ) ) ;
#4049 = CARTESIAN_POINT ( 'NONE',  ( 0.8509000000000003200, 0.0000000000000000000, -0.4953000000000003000 ) ) ;
#4050 = EDGE_CURVE ( 'NONE', #7168, #871, #5583, .T. ) ;
#4051 = CARTESIAN_POINT ( 'NONE',  ( -0.2285999999999999700, 1.437278975515723400, -0.2199704525612475600 ) ) ;
#4052 = CARTESIAN_POINT ( 'NONE',  ( -1.358900000000000000, 0.6299199999999998100, 1.473200000000001000 ) ) ;
#4053 = ORIENTED_EDGE ( 'NONE', *, *, #1244, .F. ) ;
#4054 = CARTESIAN_POINT ( 'NONE',  ( -1.321554598097102900, 1.435174770618868200, 0.9022934579439259000 ) ) ;
#4055 = ORIENTED_EDGE ( 'NONE', *, *, #1925, .F. ) ;
#4056 = CARTESIAN_POINT ( 'NONE',  ( 0.4190999999999958100, 0.6607081245621814200, 1.569720000142649000 ) ) ;
#4057 = EDGE_CURVE ( 'NONE', #4225, #1389, #3747, .T. ) ;
#4058 = FACE_BOUND ( 'NONE', #5922, .T. ) ;
#4059 = DIRECTION ( 'NONE',  ( -1.000000000000000000, -0.0000000000000000000, 0.0000000000000000000 ) ) ;
#4060 =( BOUNDED_SURFACE ( )  B_SPLINE_SURFACE ( 3, 3, (
 ( #2399, #4251, #6717, #3036 ),
 ( #7339, #3661, #18, #4275 ),
 ( #589, #4893, #1196, #5503 ),
 ( #1817, #6136, #2427, #6743 ) ),
 .UNSPECIFIED., .F., .F., .F. )
 B_SPLINE_SURFACE_WITH_KNOTS ( ( 4, 4 ),
 ( 4, 4 ),
 ( 0.0000000000000000000, 1.000000000000000000 ),
 ( 0.0000000000000000000, 1.000000000000000000 ),
 .UNSPECIFIED. )
 GEOMETRIC_REPRESENTATION_ITEM ( )  RATIONAL_B_SPLINE_SURFACE ( (
 ( 1.000000000000000000, 0.8047378541243649400, 0.8047378541243649400, 1.000000000000000000),
 ( 0.8047378541243658300, 0.6476030138606884100, 0.6476030138606884100, 0.8047378541243658300),
 ( 0.8047378541243658300, 0.6476030138606884100, 0.6476030138606884100, 0.8047378541243658300),
 ( 1.000000000000000000, 0.8047378541243649400, 0.8047378541243649400, 1.000000000000000000) ) )
 REPRESENTATION_ITEM ( '' )  SURFACE ( )  );
#4061 = CARTESIAN_POINT ( 'NONE',  ( -0.4495799999999960400, -3.388131789017201400E-018, 1.506070458762264400 ) ) ;
#4062 = CARTESIAN_POINT ( 'NONE',  ( 1.116124991307614600, 1.447799999999999800, -0.6559101169918848400 ) ) ;
#4063 = DIRECTION ( 'NONE',  ( 0.7071067811865442400, -0.0000000000000000000, -0.7071067811865509000 ) ) ;
#4064 = ORIENTED_EDGE ( 'NONE', *, *, #6015, .T. ) ;
#4065 = LINE ( 'NONE', #1178, #5502 ) ;
#4066 = AXIS2_PLACEMENT_3D ( 'NONE', #4342, #6818, #3133 ) ;
#4067 = EDGE_CURVE ( 'NONE', #5371, #756, #4156, .T. ) ;
#4068 = CARTESIAN_POINT ( 'NONE',  ( -0.7990070332319344500, 0.6908799999999997200, -1.437514331234580400 ) ) ;
#4069 = AXIS2_PLACEMENT_3D ( 'NONE', #2689, #6999, #3309 ) ;
#4070 = CARTESIAN_POINT ( 'NONE',  ( 1.572260000000000900, 0.0000000000000000000, -0.4953000000000003000 ) ) ;
#4071 = CARTESIAN_POINT ( 'NONE',  ( 1.514828402163096400, 0.9144000000000002100, -0.3810000000000000100 ) ) ;
#4072 = DIRECTION ( 'NONE',  ( 0.0000000000000000000, 0.0000000000000000000, 1.000000000000000000 ) ) ;
#4073 = ORIENTED_EDGE ( 'NONE', *, *, #3917, .F. ) ;
#4074 = CARTESIAN_POINT ( 'NONE',  ( 0.4190999999999958600, 0.08889999999999993700, 1.587574770618868100 ) ) ;
#4075 = FACE_OUTER_BOUND ( 'NONE', #3877, .T. ) ;
#4076 = B_SPLINE_CURVE_WITH_KNOTS ( 'NONE', 3,
 ( #6671, #6742, #7207, #6593, #6564, #6544 ),
 .UNSPECIFIED., .F., .F.,
 ( 4, 2, 4 ),
 ( 0.0000000000000000000, 0.5000000000000000000, 1.000000000000000000 ),
 .UNSPECIFIED. ) ;
#4077 = CARTESIAN_POINT ( 'NONE',  ( 0.2285999999999999700, 1.447800000000000000, -0.7620000000000000100 ) ) ;
#4078 = CARTESIAN_POINT ( 'NONE',  ( -0.4190999999999957000, 0.7238999999999996500, 1.544342976802758100 ) ) ;
#4079 = ADVANCED_FACE ( 'NONE', ( #1898 ), #3348, .F. ) ;
#4080 = ORIENTED_EDGE ( 'NONE', *, *, #3244, .F. ) ;
#4081 = DIRECTION ( 'NONE',  ( 0.0000000000000000000, 0.0000000000000000000, -1.000000000000000000 ) ) ;
#4082 = VECTOR ( 'NONE', #7855, 1000.000000000000000 ) ;
#4083 = CARTESIAN_POINT ( 'NONE',  ( -1.346727066632285500, 1.417319999999999700, 0.8890000000000004600 ) ) ;
#4084 = CIRCLE ( 'NONE', #7260, 0.7239000000000001000 ) ;
#4085 = CARTESIAN_POINT ( 'NONE',  ( -1.346727066632285500, 0.6908799999999996100, -0.9194799999999997400 ) ) ;
#4086 = DIRECTION ( 'NONE',  ( -0.0000000000000000000, 1.000000000000000000, 0.0000000000000000000 ) ) ;
#4087 = CARTESIAN_POINT ( 'NONE',  ( -0.4190999999999958100, 0.6607081245621814200, -1.569720000142649000 ) ) ;
#4088 = ORIENTED_EDGE ( 'NONE', *, *, #1106, .F. ) ;
#4089 = CARTESIAN_POINT ( 'NONE',  ( 1.418728709932699300, 0.008910828164421066100, -1.582176968980229900 ) ) ;
#4090 = ORIENTED_EDGE ( 'NONE', *, *, #1189, .T. ) ;
#4091 = EDGE_CURVE ( 'NONE', #1988, #556, #6625, .T. ) ;
#4092 = CIRCLE ( 'NONE', #5642, 1.727200000000000100 ) ;
#4093 = ORIENTED_EDGE ( 'NONE', *, *, #1688, .F. ) ;
#4094 = CARTESIAN_POINT ( 'NONE',  ( -2.247900000000000000, 0.6604000000000002100, -0.4953000000000003000 ) ) ;
#4095 = DIRECTION ( 'NONE',  ( 0.0000000000000000000, 0.0000000000000000000, -1.000000000000000000 ) ) ;
#4096 = CARTESIAN_POINT ( 'NONE',  ( 0.6535215677316083000, 1.447799999999999800, -1.117525229381132000 ) ) ;
#4097 = CARTESIAN_POINT ( 'NONE',  ( 1.397074770618876900, 0.03048000000000004900, 1.569719999999999800 ) ) ;
#4098 = EDGE_LOOP ( 'NONE', ( #5489, #2642, #3381, #6534 ) ) ;
#4099 = ORIENTED_EDGE ( 'NONE', *, *, #5978, .T. ) ;
#4100 = CIRCLE ( 'NONE', #457, 0.03047999999999999300 ) ;
#4101 = CARTESIAN_POINT ( 'NONE',  ( -0.4334411414813531000, 0.6908799999999998300, -1.540379439252336000 ) ) ;
#4102 = ORIENTED_EDGE ( 'NONE', *, *, #4007, .F. ) ;
#4103 = DIRECTION ( 'NONE',  ( 0.0000000000000000000, 1.000000000000000000, 0.0000000000000000000 ) ) ;
#4104 = ORIENTED_EDGE ( 'NONE', *, *, #1158, .T. ) ;
#4105 = CARTESIAN_POINT ( 'NONE',  ( 1.600175677620234700, 1.325788972589008400, -0.008822740652539849300 ) ) ;
#4106 = CARTESIAN_POINT ( 'NONE',  ( -1.321454821362893800, 0.6808237504815479700, 0.9024405158809389900 ) ) ;
#4107 = DIRECTION ( 'NONE',  ( 0.0000000000000000000, -1.000000000000000000, 0.0000000000000000000 ) ) ;
#4108 = EDGE_LOOP ( 'NONE', ( #3739, #2315, #5916, #5080, #6209 ) ) ;
#4109 = CARTESIAN_POINT ( 'NONE',  ( 0.3886199999999961900, 0.6299199999999998100, -1.600200000000000100 ) ) ;
#4110 = CARTESIAN_POINT ( 'NONE',  ( -0.6095999999999999200, 1.437278975515723800, -9.675962844710180400E-017 ) ) ;
#4111 = ORIENTED_EDGE ( 'NONE', *, *, #319, .F. ) ;
#4112 = CARTESIAN_POINT ( 'NONE',  ( 0.0000000000000000000, 1.447800000000000000, 0.8585200000000001700 ) ) ;
#4113 = MECHANICAL_DESIGN_GEOMETRIC_PRESENTATION_REPRESENTATION (  '', ( #2439 ), #4521 ) ;
#4114 = EDGE_CURVE ( 'NONE', #4338, #3096, #296, .T. ) ;
#4115 = CARTESIAN_POINT ( 'NONE',  ( -1.336444749160919300, 1.417319999999999500, 0.8890000000000003500 ) ) ;
#4116 = AXIS2_PLACEMENT_3D ( 'NONE', #7458, #4995, #2498 ) ;
#4117 = EDGE_CURVE ( 'NONE', #2123, #101, #5179, .T. ) ;
#4118 = DIRECTION ( 'NONE',  ( 1.000000000000000000, -0.0000000000000000000, 2.188980764154056600E-016 ) ) ;
#4119 = CARTESIAN_POINT ( 'NONE',  ( 0.4495799999999963200, 0.6603999999999998800, -1.600200000000000100 ) ) ;
#4120 =( BOUNDED_SURFACE ( )  B_SPLINE_SURFACE ( 3, 2, (
 ( #7220, #5360, #3536 ),
 ( #7821, #4153, #489 ),
 ( #4764, #1076, #5386 ),
 ( #1691, #6003, #2305 ) ),
 .UNSPECIFIED., .F., .F., .F. )
 B_SPLINE_SURFACE_WITH_KNOTS ( ( 4, 4 ),
 ( 3, 3 ),
 ( -5.421010862427522200E-020, 2.370184178890703500E-005 ),
 ( 0.0000000000000000000, 1.000000000000000000 ),
 .UNSPECIFIED. )
 GEOMETRIC_REPRESENTATION_ITEM ( )  RATIONAL_B_SPLINE_SURFACE ( (
 ( 1.000000000000000000, 0.7071067811865487900, 1.000000000000000000),
 ( 1.000000000000000000, 0.7190828104057293000, 1.000000000000000000),
 ( 1.000000000000000000, 0.7304825694763417100, 1.000000000000000000),
 ( 1.000000000000000000, 0.7413783898884878100, 1.000000000000000000) ) )
 REPRESENTATION_ITEM ( '' )  SURFACE ( )  );
#4121 = EDGE_LOOP ( 'NONE', ( #239, #1571, #4795, #1377 ) ) ;
#4122 = FACE_OUTER_BOUND ( 'NONE', #4121, .T. ) ;
#4123 = LINE ( 'NONE', #2874, #3930 ) ;
#4124 =( GEOMETRIC_REPRESENTATION_CONTEXT ( 3 ) GLOBAL_UNCERTAINTY_ASSIGNED_CONTEXT ( ( #5859 ) ) GLOBAL_UNIT_ASSIGNED_CONTEXT ( ( #6181, #2480, #6796 ) ) REPRESENTATION_CONTEXT ( 'NONE', 'WORKASPACE' ) );
#4125 = ADVANCED_FACE ( 'NONE', ( #4997 ), #1515, .T. ) ;
#4126 = CARTESIAN_POINT ( 'NONE',  ( 0.0000000000000000000, 1.447799999999999500, -1.117525229381132000 ) ) ;
#4127 = EDGE_LOOP ( 'NONE', ( #4640, #1356, #6149 ) ) ;
#4128 = ORIENTED_EDGE ( 'NONE', *, *, #4265, .F. ) ;
#4129 = LINE ( 'NONE', #5457, #6151 ) ;
#4130 = LINE ( 'NONE', #2956, #2679 ) ;
#4131 = CARTESIAN_POINT ( 'NONE',  ( -1.321554598097102600, 0.6730252293811316300, -0.9022934579439247900 ) ) ;
#4132 = VERTEX_POINT ( 'NONE', #3012 ) ;
#4133 = DIRECTION ( 'NONE',  ( 1.000000000000000000, 0.0000000000000000000, 0.0000000000000000000 ) ) ;
#4134 = CARTESIAN_POINT ( 'NONE',  ( -1.346727066632285300, 0.6908800000000000500, 0.8890000000000003500 ) ) ;
#4135 = EDGE_CURVE ( 'NONE', #1896, #2087, #4784, .T. ) ;
#4136 = VECTOR ( 'NONE', #2332, 1000.000000000000000 ) ;
#4137 = AXIS2_PLACEMENT_3D ( 'NONE', #1541, #5854, #2162 ) ;
#4138 = CARTESIAN_POINT ( 'NONE',  ( 0.1067305358502983200, 0.7165602750741310000, 1.600199999999999800 ) ) ;
#4139 = CIRCLE ( 'NONE', #2875, 0.03048000000000004900 ) ;
#4140 = ORIENTED_EDGE ( 'NONE', *, *, #5095, .F. ) ;
#4141 = AXIS2_PLACEMENT_3D ( 'NONE', #3480, #7242, #3567 ) ;
#4142 = CARTESIAN_POINT ( 'NONE',  ( -1.327352415736720500, 1.417319999999999500, 0.8938016169656866100 ) ) ;
#4143 = EDGE_CURVE ( 'NONE', #3803, #2980, #2724, .T. ) ;
#4144 = DIRECTION ( 'NONE',  ( 1.000000000000000000, 0.0000000000000000000, 0.0000000000000000000 ) ) ;
#4145 = CARTESIAN_POINT ( 'NONE',  ( -1.346727066632285700, 0.6908799999999994900, -0.8889999999999995700 ) ) ;
#4146 =( BOUNDED_SURFACE ( )  B_SPLINE_SURFACE ( 3, 3, (
 ( #6934, #6346, #7022, #7047 ),
 ( #7074, #7128, #7153, #7227 ),
 ( #7524, #7602, #7632, #7658 ),
 ( #7684, #7707, #7734, #7762 ) ),
 .UNSPECIFIED., .F., .F., .F. )
 B_SPLINE_SURFACE_WITH_KNOTS ( ( 4, 4 ),
 ( 4, 4 ),
 ( 0.0000000000000000000, 1.000000000000000000 ),
 ( 0.0000000000000000000, 1.000000000000000000 ),
 .UNSPECIFIED. )
 GEOMETRIC_REPRESENTATION_ITEM ( )  RATIONAL_B_SPLINE_SURFACE ( (
 ( 1.000000000000000000, 0.8047378541243647200, 0.8047378541243647200, 1.000000000000000000),
 ( 0.8047378541243649400, 0.6476030138606875300, 0.6476030138606875300, 0.8047378541243649400),
 ( 0.8047378541243649400, 0.6476030138606875300, 0.6476030138606875300, 0.8047378541243649400),
 ( 1.000000000000000000, 0.8047378541243647200, 0.8047378541243647200, 1.000000000000000000) ) )
 REPRESENTATION_ITEM ( '' )  SURFACE ( )  );
#4147 =( GEOMETRIC_REPRESENTATION_CONTEXT ( 3 ) GLOBAL_UNCERTAINTY_ASSIGNED_CONTEXT ( ( #3183 ) ) GLOBAL_UNIT_ASSIGNED_CONTEXT ( ( #1057, #689, #559 ) ) REPRESENTATION_CONTEXT ( 'NONE', 'WORKASPACE' ) );
#4148 = VERTEX_POINT ( 'NONE', #4253 ) ;
#4149 = ORIENTED_EDGE ( 'NONE', *, *, #3844, .F. ) ;
#4150 = ORIENTED_EDGE ( 'NONE', *, *, #5340, .T. ) ;
#4151 = CARTESIAN_POINT ( 'NONE',  ( -1.107420532055500000, 0.6730252293811316300, -1.215927406073576300 ) ) ;
#4152 = DIRECTION ( 'NONE',  ( 0.0000000000000000000, 0.0000000000000000000, -1.000000000000000000 ) ) ;
#4153 = CARTESIAN_POINT ( 'NONE',  ( -0.4263595511957277200, 0.6614152613454719100, -1.542372101593446600 ) ) ;
#4154 = CARTESIAN_POINT ( 'NONE',  ( -1.866900000000000000, 0.6095999999999999200, -0.9651999999999998400 ) ) ;
#4155 = AXIS2_PLACEMENT_3D ( 'NONE', #6135, #5556, #5529 ) ;
#4156 =( BOUNDED_CURVE ( )  B_SPLINE_CURVE ( 3, ( #2318, #1708, #2961, #7258 ),
 .UNSPECIFIED., .F., .F. )
 B_SPLINE_CURVE_WITH_KNOTS ( ( 4, 4 ),
 ( 0.0000000000000000000, 1.000000000000000000 ),
 .UNSPECIFIED. )
 CURVE ( )  GEOMETRIC_REPRESENTATION_ITEM ( )  RATIONAL_B_SPLINE_CURVE ( ( 1.000000000000000000, 0.9950096304169522300, 0.9950096304169522300, 1.000000000000000000 ) )
 REPRESENTATION_ITEM ( '' )  );
#4157 = CARTESIAN_POINT ( 'NONE',  ( 2.247900000000000900, 0.03048000000000003500, -0.7493747706188677000 ) ) ;
#4158 = VERTEX_POINT ( 'NONE', #7341 ) ;
#4159 = DIRECTION ( 'NONE',  ( 0.0000000000000000000, 0.1736481777244691700, 0.9848077530020623600 ) ) ;
#4160 = EDGE_CURVE ( 'NONE', #881, #2132, #6244, .T. ) ;
#4161 = ORIENTED_EDGE ( 'NONE', *, *, #4523, .F. ) ;
#4162 = DIRECTION ( 'NONE',  ( -0.0000000000000000000, -0.0000000000000000000, -1.000000000000000000 ) ) ;
#4163 = ADVANCED_FACE ( 'NONE', ( #1701 ), #6044, .F. ) ;
#4164 = CARTESIAN_POINT ( 'NONE',  ( 2.247900000000000900, 0.6477747706188679000, 0.5257799999999995800 ) ) ;
#4165 = CIRCLE ( 'NONE', #6866, 0.03047999999999983000 ) ;
#4166 = SURFACE_STYLE_FILL_AREA ( #6756 ) ;
#4167 = DIRECTION ( 'NONE',  ( 1.000000000000000000, -0.0000000000000000000, 0.0000000000000000000 ) ) ;
#4168 = CARTESIAN_POINT ( 'NONE',  ( -1.327352415736720200, 1.435174770618867800, -0.8938016169656857200 ) ) ;
#4169 = CARTESIAN_POINT ( 'NONE',  ( -1.629881287324602900, 0.6603999999999998800, 0.6252931066435152300 ) ) ;
#4170 = ORIENTED_EDGE ( 'NONE', *, *, #3463, .T. ) ;
#4171 = VECTOR ( 'NONE', #5081, 1000.000000000000000 ) ;
#4172 = CARTESIAN_POINT ( 'NONE',  ( 0.0000000000000000000, 0.7238999999999998800, 0.0000000000000000000 ) ) ;
#4173 = CIRCLE ( 'NONE', #7704, 0.03047999999999991000 ) ;
#4174 = CIRCLE ( 'NONE', #2402, 0.03048000000000004900 ) ;
#4175 = AXIS2_PLACEMENT_3D ( 'NONE', #5736, #255, #4534 ) ;
#4176 = EDGE_CURVE ( 'NONE', #556, #4225, #7678, .T. ) ;
#4177 = CARTESIAN_POINT ( 'NONE',  ( -0.7990070332319344500, 0.6730252293811316300, -1.437514331234580800 ) ) ;
#4178 = CARTESIAN_POINT ( 'NONE',  ( -1.866900000000000000, 0.6603999999999997600, 0.9347200000000003300 ) ) ;
#4179 = CARTESIAN_POINT ( 'NONE',  ( 0.2285999999999999700, 1.447800000000000000, 0.6600335521774632900 ) ) ;
#4180 = CARTESIAN_POINT ( 'NONE',  ( -0.4189406101713891700, 0.6602406101789652900, -1.572833036899923000 ) ) ;
#4181 = ORIENTED_EDGE ( 'NONE', *, *, #4671, .T. ) ;
#4182 = ORIENTED_EDGE ( 'NONE', *, *, #5510, .F. ) ;
#4183 = CARTESIAN_POINT ( 'NONE',  ( 0.0000000000000000000, 0.6604000000000002100, 0.0000000000000000000 ) ) ;
#4184 = FACE_OUTER_BOUND ( 'NONE', #3710, .T. ) ;
#4185 = DIRECTION ( 'NONE',  ( 0.0000000000000000000, 1.000000000000000000, 0.0000000000000000000 ) ) ;
#4186 = CARTESIAN_POINT ( 'NONE',  ( 0.1053185895099381200, 0.7239000007291912500, 1.597584001123948200 ) ) ;
#4187 = CARTESIAN_POINT ( 'NONE',  ( -1.489779957083530600, 0.6908799999999996100, 0.8739425149700600400 ) ) ;
#4188 = EDGE_LOOP ( 'NONE', ( #748, #3514, #5159, #6318 ) ) ;
#4189 = ORIENTED_EDGE ( 'NONE', *, *, #169, .T. ) ;
#4190 = CYLINDRICAL_SURFACE ( 'NONE', #5384, 0.03048000000000004900 ) ;
#4191 = VERTEX_POINT ( 'NONE', #5504 ) ;
#4192 = VERTEX_POINT ( 'NONE', #2429 ) ;
#4193 = CARTESIAN_POINT ( 'NONE',  ( -0.4190999999999957500, 0.08890000000000000700, -1.600200000000000100 ) ) ;
#4194 = EDGE_LOOP ( 'NONE', ( #2442, #923, #7267, #6144 ) ) ;
#4195 = CARTESIAN_POINT ( 'NONE',  ( 0.0000000000000000000, 0.6603999999999998800, 0.0000000000000000000 ) ) ;
#4196 = VERTEX_POINT ( 'NONE', #3685 ) ;
#4197 = CYLINDRICAL_SURFACE ( 'NONE', #3629, 0.03047999999999991000 ) ;
#4198 =( NAMED_UNIT ( * ) PLANE_ANGLE_UNIT ( ) SI_UNIT ( $, .RADIAN. ) );
#4199 = ADVANCED_FACE ( 'NONE', ( #4411 ), #6138, .F. ) ;
#4200 = VERTEX_POINT ( 'NONE', #1198 ) ;
#4201 =( LENGTH_UNIT ( ) NAMED_UNIT ( * ) SI_UNIT ( .MILLI., .METRE. ) );
#4202 = CARTESIAN_POINT ( 'NONE',  ( -1.331981375962785200, 0.6603999999999996500, -0.9094123567538466800 ) ) ;
#4203 = CARTESIAN_POINT ( 'NONE',  ( -1.866900000000000000, 0.6603999999999997600, 1.503680000000000300 ) ) ;
#4204 = CARTESIAN_POINT ( 'NONE',  ( 0.2285999999999999100, 1.447800000000000000, 0.6631699453316564100 ) ) ;
#4205 = ORIENTED_EDGE ( 'NONE', *, *, #2026, .F. ) ;
#4206 = CARTESIAN_POINT ( 'NONE',  ( 1.572260000000000900, 0.1117600000000006900, 0.4952999999999996300 ) ) ;
#4207 = DIRECTION ( 'NONE',  ( -1.000000000000000000, -0.0000000000000000000, 0.0000000000000000000 ) ) ;
#4208 = CARTESIAN_POINT ( 'NONE',  ( 0.4416971632238546600, 0.6603999999999997600, 1.569720000000000000 ) ) ;
#4209 = VECTOR ( 'NONE', #2758, 1000.000000000000000 ) ;
#4210 = CARTESIAN_POINT ( 'NONE',  ( 0.2067595414887524200, 0.6979650976731125400, 1.600200000000000500 ) ) ;
#4211 = DIRECTION ( 'NONE',  ( -0.0000000000000000000, 0.0000000000000000000, 1.000000000000000000 ) ) ;
#4212 = PLANE ( 'NONE',  #7552 ) ;
#4213 =( BOUNDED_SURFACE ( )  B_SPLINE_SURFACE ( 3, 3, (
 ( #6358, #2616, #6948, #6927 ),
 ( #6382, #1438, #1411, #845 ),
 ( #813, #3266, #3866, #3898 ),
 ( #3924, #4474, #4503, #7830 ) ),
 .UNSPECIFIED., .F., .F., .F. )
 B_SPLINE_SURFACE_WITH_KNOTS ( ( 4, 4 ),
 ( 4, 4 ),
 ( 0.0000000000000000000, 1.000000000000000000 ),
 ( 0.0000000000000000000, 1.000000000000000000 ),
 .UNSPECIFIED. )
 GEOMETRIC_REPRESENTATION_ITEM ( )  RATIONAL_B_SPLINE_SURFACE ( (
 ( 1.000000000000000000, 0.8047378541243647200, 0.8047378541243647200, 1.000000000000000000),
 ( 0.8047378541243654900, 0.6476030138606879700, 0.6476030138606879700, 0.8047378541243654900),
 ( 0.8047378541243654900, 0.6476030138606879700, 0.6476030138606879700, 0.8047378541243654900),
 ( 1.000000000000000000, 0.8047378541243647200, 0.8047378541243647200, 1.000000000000000000) ) )
 REPRESENTATION_ITEM ( '' )  SURFACE ( )  );
#4214 = ORIENTED_EDGE ( 'NONE', *, *, #1771, .F. ) ;
#4215 = CYLINDRICAL_SURFACE ( 'NONE', #6733, 0.03048000000000004900 ) ;
#4216 = EDGE_CURVE ( 'NONE', #2741, #7360, #2969, .T. ) ;
#4217 = FACE_OUTER_BOUND ( 'NONE', #5139, .T. ) ;
#4218 = CARTESIAN_POINT ( 'NONE',  ( -0.2285999999952137200, 1.437356347800833800, -0.6819533179231893600 ) ) ;
#4219 = LINE ( 'NONE', #1873, #7293 ) ;
#4220 = PLANE ( 'NONE',  #3090 ) ;
#4221 = CARTESIAN_POINT ( 'NONE',  ( 0.0000000000000000000, 0.6604000000000002100, -1.104900000000000200 ) ) ;
#4222 = ORIENTED_EDGE ( 'NONE', *, *, #6686, .F. ) ;
#4223 = DIRECTION ( 'NONE',  ( 0.8660254037844386000, 0.0000000000000000000, 0.4999999999999999400 ) ) ;
#4224 = CARTESIAN_POINT ( 'NONE',  ( 1.125796500518749800, 1.446607534298594700, -0.03419490634209948500 ) ) ;
#4225 = VERTEX_POINT ( 'NONE', #4278 ) ;
#4226 = CARTESIAN_POINT ( 'NONE',  ( 0.4190999999999958600, 0.03047999999999999000, 1.600200000000000100 ) ) ;
#4227 = VECTOR ( 'NONE', #5413, 1000.000000000000000 ) ;
#4228 = CYLINDRICAL_SURFACE ( 'NONE', #1885, 0.03047999999999999300 ) ;
#4229 = EDGE_LOOP ( 'NONE', ( #504, #3582, #7831, #3100 ) ) ;
#4230 = EDGE_CURVE ( 'NONE', #358, #6289, #7490, .T. ) ;
#4231 = ORIENTED_EDGE ( 'NONE', *, *, #5940, .T. ) ;
#4232 = CARTESIAN_POINT ( 'NONE',  ( -1.678231020340155100, 0.6614376454185171300, 0.4953000000000084000 ) ) ;
#4233 = CARTESIAN_POINT ( 'NONE',  ( 1.588914351899776400, 1.447799999999999800, -0.9287543821906010200 ) ) ;
#4234 = CARTESIAN_POINT ( 'NONE',  ( -1.116157838791267600, 0.6603999999999996500, -1.225520808406086500 ) ) ;
#4235 = LINE ( 'NONE', #2392, #5677 ) ;
#4236 = CARTESIAN_POINT ( 'NONE',  ( 0.0000000000000000000, 1.447800000000000000, -1.569719999999999800 ) ) ;
#4237 = DIRECTION ( 'NONE',  ( -1.000000000000000000, 0.0000000000000000000, 0.0000000000000000000 ) ) ;
#4238 = CARTESIAN_POINT ( 'NONE',  ( -0.4190473626553414300, 0.6603473627989032700, 1.571793280383925200 ) ) ;
#4239 = CARTESIAN_POINT ( 'NONE',  ( 0.2109423376763013800, 0.7138677279505143400, 1.600199999999999800 ) ) ;
#4240 = CARTESIAN_POINT ( 'NONE',  ( 1.351952767695393100, 0.6603999999999999900, 1.033017514339232400 ) ) ;
#4241 = AXIS2_PLACEMENT_3D ( 'NONE', #4347, #669, #4974 ) ;
#4242 = ADVANCED_FACE ( 'NONE', ( #1127 ), #941, .T. ) ;
#4243 = CARTESIAN_POINT ( 'NONE',  ( 2.217420000000001100, 0.03048000000000004900, 0.7493747706188674800 ) ) ;
#4244 = DIRECTION ( 'NONE',  ( 0.0000000000000000000, 0.0000000000000000000, -1.000000000000000000 ) ) ;
#4245 = CARTESIAN_POINT ( 'NONE',  ( -1.866900000000000200, 0.6603999999999998800, -1.485825229381132300 ) ) ;
#4246 = EDGE_CURVE ( 'NONE', #1580, #5307, #955, .T. ) ;
#4247 = DIRECTION ( 'NONE',  ( 0.0000000000000000000, 1.000000000000000000, 0.0000000000000000000 ) ) ;
#4248 = CARTESIAN_POINT ( 'NONE',  ( 0.4189406101713891700, 0.6602406101789652900, 1.572833036899923000 ) ) ;
#4249 = CARTESIAN_POINT ( 'NONE',  ( -1.296382129561919800, 1.447800000000000000, -0.8851069158878500700 ) ) ;
#4250 = DIRECTION ( 'NONE',  ( 0.7071067811865510100, -8.892734354375883700E-016, -0.7071067811865440200 ) ) ;
#4251 = CARTESIAN_POINT ( 'NONE',  ( -2.217420000000000200, 0.6603999999999997600, 1.587574770618867900 ) ) ;
#4252 = EDGE_LOOP ( 'NONE', ( #1848, #5428, #5729, #2437 ) ) ;
#4253 = CARTESIAN_POINT ( 'NONE',  ( -0.3886199999999958000, 0.03047999999999999300, 1.511300000000000100 ) ) ;
#4254 = EDGE_LOOP ( 'NONE', ( #7459, #6125, #1191 ) ) ;
#4255 = CARTESIAN_POINT ( 'NONE',  ( -2.217420000000000200, 0.6603999999999998800, -1.569719999999999800 ) ) ;
#4256 = CARTESIAN_POINT ( 'NONE',  ( -1.683689245477713700, 0.6603999999999997600, 0.4952999999999993000 ) ) ;
#4257 = VECTOR ( 'NONE', #3215, 1000.000000000000000 ) ;
#4258 = LINE ( 'NONE', #3561, #425 ) ;
#4259 = DIRECTION ( 'NONE',  ( -1.000000000000000000, -0.0000000000000000000, 0.0000000000000000000 ) ) ;
#4260 = CARTESIAN_POINT ( 'NONE',  ( 0.2285999999977203800, 1.443637972869319600, 0.6751074754901287300 ) ) ;
#4261 = EDGE_LOOP ( 'NONE', ( #7289, #6848, #3946, #1063 ) ) ;
#4262 = FACE_OUTER_BOUND ( 'NONE', #5209, .T. ) ;
#4263 = EDGE_CURVE ( 'NONE', #179, #7046, #4219, .T. ) ;
#4264 = DIRECTION ( 'NONE',  ( -0.0000000000000000000, -1.000000000000000000, -0.0000000000000000000 ) ) ;
#4265 = EDGE_CURVE ( 'NONE', #6361, #4894, #2577, .T. ) ;
#4266 = VECTOR ( 'NONE', #3969, 1000.000000000000000 ) ;
#4267 = CARTESIAN_POINT ( 'NONE',  ( 0.0000000000000000000, 0.6934199999999998100, 1.569720000000000000 ) ) ;
#4268 = EDGE_LOOP ( 'NONE', ( #5621, #1451, #6463, #819 ) ) ;
#4269 = DIRECTION ( 'NONE',  ( 0.0000000000000000000, 0.0000000000000000000, -1.000000000000000000 ) ) ;
#4270 = CIRCLE ( 'NONE', #7773, 0.03048000000000004900 ) ;
#4271 = CARTESIAN_POINT ( 'NONE',  ( -2.235274770618868300, 0.01262522938113175500, -1.600199999999999600 ) ) ;
#4272 = DIRECTION ( 'NONE',  ( -0.0000000000000000000, -1.000000000000000000, 0.0000000000000000000 ) ) ;
#4273 = ORIENTED_EDGE ( 'NONE', *, *, #5996, .T. ) ;
#4274 = DIRECTION ( 'NONE',  ( -0.7071067811865442400, -0.0000000000000000000, -0.7071067811865509000 ) ) ;
#4275 = CARTESIAN_POINT ( 'NONE',  ( -2.235274770618868300, 0.6299199999999999200, 1.600199999999999800 ) ) ;
#4276 = FACE_OUTER_BOUND ( 'NONE', #7586, .T. ) ;
#4277 =( GEOMETRIC_REPRESENTATION_CONTEXT ( 3 ) GLOBAL_UNCERTAINTY_ASSIGNED_CONTEXT ( ( #4388 ) ) GLOBAL_UNIT_ASSIGNED_CONTEXT ( ( #321, #6448, #2767 ) ) REPRESENTATION_CONTEXT ( 'NONE', 'WORKASPACE' ) );
#4278 = CARTESIAN_POINT ( 'NONE',  ( -1.463489722546762500, 1.417319999999999700, -0.8889999999999995700 ) ) ;
#4279 = CYLINDRICAL_SURFACE ( 'NONE', #6023, 0.03048000000000004900 ) ;
#4280 = CARTESIAN_POINT ( 'NONE',  ( -1.484294868104226700, 1.442366548281534400, 0.8729852783789434600 ) ) ;
#4281 = ADVANCED_FACE ( 'NONE', ( #6432 ), #5456, .T. ) ;
#4282 = ORIENTED_EDGE ( 'NONE', *, *, #537, .F. ) ;
#4283 = VERTEX_POINT ( 'NONE', #6832 ) ;
#4284 = CARTESIAN_POINT ( 'NONE',  ( 0.3108362295486167300, 0.6934199999999994800, -1.569720000000000000 ) ) ;
#4285 = LINE ( 'NONE', #81, #5717 ) ;
#4286 = ORIENTED_EDGE ( 'NONE', *, *, #6872, .T. ) ;
#4287 = EDGE_CURVE ( 'NONE', #1488, #734, #753, .T. ) ;
#4288 = CARTESIAN_POINT ( 'NONE',  ( 1.135377403377521500, 1.447799999999999800, -0.002428229749612538300 ) ) ;
#4289 = CARTESIAN_POINT ( 'NONE',  ( 2.217420000000001100, 0.6299199999999998100, 0.0000000000000000000 ) ) ;
#4290 = CARTESIAN_POINT ( 'NONE',  ( -1.346727066632285700, 1.447800000000000000, -0.8585199999999996200 ) ) ;
#4291 = ORIENTED_EDGE ( 'NONE', *, *, #7120, .T. ) ;
#4292 = ORIENTED_EDGE ( 'NONE', *, *, #2298, .T. ) ;
#4293 = EDGE_CURVE ( 'NONE', #1667, #526, #7512, .T. ) ;
#4294 = LINE ( 'NONE', #808, #2652 ) ;
#4295 = ORIENTED_EDGE ( 'NONE', *, *, #962, .T. ) ;
#4296 = VERTEX_POINT ( 'NONE', #7446 ) ;
#4297 = CARTESIAN_POINT ( 'NONE',  ( -0.4191000000044061700, 0.6653392910455501200, 1.558352519647930600 ) ) ;
#4298 = ORIENTED_EDGE ( 'NONE', *, *, #3263, .F. ) ;
#4299 = DIRECTION ( 'NONE',  ( -0.0000000000000000000, -0.0000000000000000000, 1.000000000000000000 ) ) ;
#4300 = B_SPLINE_CURVE_WITH_KNOTS ( 'NONE', 3,
 ( #1548, #7103, #4036, #367 ),
 .UNSPECIFIED., .F., .F.,
 ( 4, 4 ),
 ( 0.0000000000000000000, 1.000000000000000000 ),
 .UNSPECIFIED. ) ;
#4301 = AXIS2_PLACEMENT_3D ( 'NONE', #3816, #3453, #3424 ) ;
#4302 = VERTEX_POINT ( 'NONE', #3172 ) ;
#4303 = CARTESIAN_POINT ( 'NONE',  ( 2.217420000000001100, 0.03048000000000004900, -0.7493747706188677000 ) ) ;
#4304 = CARTESIAN_POINT ( 'NONE',  ( 0.4495799999999958700, 0.0000000000000000000, 1.569720000000000000 ) ) ;
#4305 = CARTESIAN_POINT ( 'NONE',  ( 1.155700000000000400, 0.08890000000000000700, 0.4952999999999996300 ) ) ;
#4306 = CARTESIAN_POINT ( 'NONE',  ( -0.2545083500660699800, 1.447799999999999800, 2.411099453911012900 ) ) ;
#4307 = CARTESIAN_POINT ( 'NONE',  ( -0.4190999999999954800, 7.512325129353056000, -1.544342976802758100 ) ) ;
#4308 = ORIENTED_EDGE ( 'NONE', *, *, #5774, .F. ) ;
#4310 = ADVANCED_FACE ( 'NONE', ( #5662 ), #700, .F. ) ;
#4309 = CARTESIAN_POINT ( 'NONE',  ( 0.2285999999999999700, 1.447800000000000000, 0.6600335521774632900 ) ) ;
#4311 = VECTOR ( 'NONE', #4046, 1000.000000000000000 ) ;
#4312 = AXIS2_PLACEMENT_3D ( 'NONE', #3173, #3143, #3117 ) ;
#4313 = DIRECTION ( 'NONE',  ( 1.000000000000000000, 0.0000000000000000000, 0.0000000000000000000 ) ) ;
#4314 = EDGE_CURVE ( 'NONE', #6239, #7462, #564, .T. ) ;
#4315 = CARTESIAN_POINT ( 'NONE',  ( 1.133957390235037100, 1.447799999999999800, -0.6663896340332768900 ) ) ;
#4316 = DIRECTION ( 'NONE',  ( -0.0000000000000000000, -0.0000000000000000000, -1.000000000000000000 ) ) ;
#4317 = CARTESIAN_POINT ( 'NONE',  ( -2.247900000000000000, 0.6603999999999998800, 1.600200000000000100 ) ) ;
#4318 = ORIENTED_EDGE ( 'NONE', *, *, #6998, .T. ) ;
#4319 = EDGE_LOOP ( 'NONE', ( #3425, #7480, #3642, #5660 ) ) ;
#4320 = LINE ( 'NONE', #7811, #6152 ) ;
#4321 = CARTESIAN_POINT ( 'NONE',  ( 0.0000000000000000000, 1.447800000000000000, -0.8585199999999996200 ) ) ;
#4322 = ADVANCED_FACE ( 'NONE', ( #6911 ), #724, .F. ) ;
#4323 = ORIENTED_EDGE ( 'NONE', *, *, #961, .T. ) ;
#4324 = CARTESIAN_POINT ( 'NONE',  ( 0.4191000001234631600, 0.6907460454768802300, 1.544342977257723300 ) ) ;
#4325 = EDGE_CURVE ( 'NONE', #7376, #3014, #5268, .T. ) ;
#4326 = CARTESIAN_POINT ( 'NONE',  ( -1.572260000000000900, 0.05588000000000031800, 0.4952999999999996300 ) ) ;
#4327 = DIRECTION ( 'NONE',  ( 0.0000000000000000000, 0.0000000000000000000, 1.000000000000000000 ) ) ;
#4328 = DIRECTION ( 'NONE',  ( 0.0000000000000000000, 0.0000000000000000000, -1.000000000000000000 ) ) ;
#4329 = LINE ( 'NONE', #1493, #2687 ) ;
#4330 = ORIENTED_EDGE ( 'NONE', *, *, #6389, .T. ) ;
#4331 = CARTESIAN_POINT ( 'NONE',  ( 1.569106636948003300, 1.293233060663224500, 0.1070097897106703100 ) ) ;
#4332 = DIRECTION ( 'NONE',  ( 0.0000000000000000000, -1.000000000000000000, 0.0000000000000000000 ) ) ;
#4333 = CARTESIAN_POINT ( 'NONE',  ( 0.0000000000000000000, 0.7238999999999998800, 1.569720000000000000 ) ) ;
#4334 = EDGE_CURVE ( 'NONE', #3743, #1488, #2187, .T. ) ;
#4335 = DIRECTION ( 'NONE',  ( 0.0000000000000000000, 0.0000000000000000000, -1.000000000000000000 ) ) ;
#4336 = CARTESIAN_POINT ( 'NONE',  ( -0.3886199999999958000, 0.03047999999999999300, -1.511300000000000300 ) ) ;
#4337 = PLANE ( 'NONE',  #7635 ) ;
#4338 = VERTEX_POINT ( 'NONE', #1340 ) ;
#4339 = CARTESIAN_POINT ( 'NONE',  ( -1.866900000000000000, 0.6095999999999999200, 0.9652000000000005000 ) ) ;
#4340 = VERTEX_POINT ( 'NONE', #1970 ) ;
#4341 = CARTESIAN_POINT ( 'NONE',  ( -0.3886199999999958000, 0.05842000000000000000, -1.511300000000000300 ) ) ;
#4342 = CARTESIAN_POINT ( 'NONE',  ( -0.2920999999999991400, 1.447800000000000000, 0.01269999999999999800 ) ) ;
#4343 = AXIS2_PLACEMENT_3D ( 'NONE', #1799, #6118, #2412 ) ;
#4344 = CARTESIAN_POINT ( 'NONE',  ( 0.0000000000000000000, 7.512325129353056000, 0.0000000000000000000 ) ) ;
#4345 = AXIS2_PLACEMENT_3D ( 'NONE', #5236, #5264, #5290 ) ;
#4346 = FACE_OUTER_BOUND ( 'NONE', #7397, .T. ) ;
#4347 = CARTESIAN_POINT ( 'NONE',  ( 0.0000000000000000000, 1.417319999999999700, -1.135380000000000100 ) ) ;
#4348 = EDGE_CURVE ( 'NONE', #7614, #2688, #6086, .T. ) ;
#4349 = ORIENTED_EDGE ( 'NONE', *, *, #7691, .T. ) ;
#4350 = EDGE_LOOP ( 'NONE', ( #4575, #4868, #4667 ) ) ;
#4351 = DIRECTION ( 'NONE',  ( -0.0000000000000000000, -1.000000000000000000, -0.0000000000000000000 ) ) ;
#4352 = EDGE_CURVE ( 'NONE', #4754, #3693, #7111, .T. ) ;
#4353 =( BOUNDED_SURFACE ( )  B_SPLINE_SURFACE ( 3, 3, (
 ( #6025, #5430, #1736, #6057 ),
 ( #2352, #6676, #2994, #7292 ),
 ( #3611, #7878, #4233, #548 ),
 ( #4842, #1147, #5455, #1764 ) ),
 .UNSPECIFIED., .F., .F., .T. )
 B_SPLINE_SURFACE_WITH_KNOTS ( ( 4, 4 ),
 ( 4, 4 ),
 ( 0.0000000000000000000, 1.000000000000000000 ),
 ( 0.0000000000000000000, 1.000000000000000000 ),
 .UNSPECIFIED. )
 GEOMETRIC_REPRESENTATION_ITEM ( )  RATIONAL_B_SPLINE_SURFACE ( (
 ( 1.000000000000000000, 0.8043981869343261900, 0.8043981869343261900, 1.000000000000000000),
 ( 0.8047378541243649400, 0.6473296708150594300, 0.6473296708150594300, 0.8047378541243649400),
 ( 0.8047378541243649400, 0.6473296708150594300, 0.6473296708150594300, 0.8047378541243649400),
 ( 1.000000000000000000, 0.8043981869343261900, 0.8043981869343261900, 1.000000000000000000) ) )
 REPRESENTATION_ITEM ( '' )  SURFACE ( )  );
#4354 = ORIENTED_EDGE ( 'NONE', *, *, #2221, .T. ) ;
#4355 = CYLINDRICAL_SURFACE ( 'NONE', #4796, 0.03048000000000004900 ) ;
#4356 = FACE_OUTER_BOUND ( 'NONE', #2940, .T. ) ;
#4357 = CARTESIAN_POINT ( 'NONE',  ( -2.247900000000000000, 0.03048000000000004900, 1.569720000000000000 ) ) ;
#4358 = ADVANCED_FACE ( 'NONE', ( #387 ), #4651, .T. ) ;
#4359 =( BOUNDED_SURFACE ( )  B_SPLINE_SURFACE ( 3, 3, (
 ( #5217, #7718, #4653, #966 ),
 ( #5271, #1586, #5893, #2205 ),
 ( #6516, #2829, #7137, #3451 ),
 ( #7746, #4061, #406, #4683 ) ),
 .UNSPECIFIED., .F., .F., .F. )
 B_SPLINE_SURFACE_WITH_KNOTS ( ( 4, 4 ),
 ( 4, 4 ),
 ( 0.0000000000000000000, 1.000000000000000000 ),
 ( 0.0000000000000000000, 1.000000000000000000 ),
 .UNSPECIFIED. )
 GEOMETRIC_REPRESENTATION_ITEM ( )  RATIONAL_B_SPLINE_SURFACE ( (
 ( 1.000000000000000000, 0.8047378541243649400, 0.8047378541243649400, 1.000000000000000000),
 ( 0.8047378541243662700, 0.6476030138606887500, 0.6476030138606887500, 0.8047378541243662700),
 ( 0.8047378541243662700, 0.6476030138606887500, 0.6476030138606887500, 0.8047378541243662700),
 ( 1.000000000000000000, 0.8047378541243649400, 0.8047378541243649400, 1.000000000000000000) ) )
 REPRESENTATION_ITEM ( '' )  SURFACE ( )  );
#4360 = DIRECTION ( 'NONE',  ( -0.0000000000000000000, -1.000000000000000000, -0.0000000000000000000 ) ) ;
#4361 = EDGE_LOOP ( 'NONE', ( #3056, #2708, #1338, #3372, #3484, #7651, #7616, #5053, #7119, #4840, #633, #737, #7082 ) ) ;
#4362 = FACE_OUTER_BOUND ( 'NONE', #4350, .T. ) ;
#4363 = CARTESIAN_POINT ( 'NONE',  ( 0.0000000000000000000, 1.447799999999999800, -1.135380000000000100 ) ) ;
#4364 = CARTESIAN_POINT ( 'NONE',  ( -0.4243295412377319200, -3.388131789017201400E-018, -1.480820000000000000 ) ) ;
#4365 = EDGE_CURVE ( 'NONE', #1077, #1616, #1792, .T. ) ;
#4366 = CARTESIAN_POINT ( 'NONE',  ( -1.686450975391814000, 0.6603999999999996500, -0.4952999999999998500 ) ) ;
#4367 = LINE ( 'NONE', #1847, #5999 ) ;
#4368 = EDGE_CURVE ( 'NONE', #590, #1948, #1987, .T. ) ;
#4369 = FACE_OUTER_BOUND ( 'NONE', #2682, .T. ) ;
#4370 = CARTESIAN_POINT ( 'NONE',  ( -2.247900000000000000, 0.6299199999999998100, -1.600200000000000100 ) ) ;
#4371 = CARTESIAN_POINT ( 'NONE',  ( 1.516380330703346800, 0.9778855377320940800, 0.3755876187038631500 ) ) ;
#4372 = CARTESIAN_POINT ( 'NONE',  ( 0.2092467721411470400, 0.7238999992708082800, 1.587319261653325200 ) ) ;
#4373 = VERTEX_POINT ( 'NONE', #2046 ) ;
#4374 = CARTESIAN_POINT ( 'NONE',  ( -1.484175913614889100, 0.6730252293811316300, -0.8834955364734173900 ) ) ;
#4375 = CARTESIAN_POINT ( 'NONE',  ( 0.0000000000000000000, 0.6603999999999998800, 0.0000000000000000000 ) ) ;
#4376 = ORIENTED_EDGE ( 'NONE', *, *, #3737, .F. ) ;
#4377 = CARTESIAN_POINT ( 'NONE',  ( -1.866900000000000000, 0.6603999999999997600, 0.9525747706188687500 ) ) ;
#4378 = VECTOR ( 'NONE', #1208, 1000.000000000000000 ) ;
#4379 = DIRECTION ( 'NONE',  ( -0.0000000000000000000, -0.0000000000000000000, -1.000000000000000000 ) ) ;
#4380 = CARTESIAN_POINT ( 'NONE',  ( 1.117522673592646200, 1.447799999999999500, 0.002390043868947316100 ) ) ;
#4381 = CARTESIAN_POINT ( 'NONE',  ( 0.0000000000000000000, 3.495298395603767100, -0.7239000000000001000 ) ) ;
#4382 = VERTEX_POINT ( 'NONE', #3301 ) ;
#4383 = CARTESIAN_POINT ( 'NONE',  ( -0.4189406101714015500, 0.6602406101789698400, 1.572833036899878000 ) ) ;
#4384 = EDGE_LOOP ( 'NONE', ( #2182, #5021, #6831, #872 ) ) ;
#4385 = ORIENTED_EDGE ( 'NONE', *, *, #486, .F. ) ;
#4386 = CARTESIAN_POINT ( 'NONE',  ( -0.2285999999999999400, 1.346199999999999800, 0.2199704525612475900 ) ) ;
#4387 = ORIENTED_EDGE ( 'NONE', *, *, #2941, .F. ) ;
#4388 = UNCERTAINTY_MEASURE_WITH_UNIT (LENGTH_MEASURE( 1.000000000000000100E-005 ), #321, 'distance_accuracy_value', 'NONE');
#4389 = CARTESIAN_POINT ( 'NONE',  ( 0.0000000000000000000, 1.422400000000000800, 0.0000000000000000000 ) ) ;
#4390 = CARTESIAN_POINT ( 'NONE',  ( -2.217420000000000200, 1.084202172485504400E-016, 0.4952999999999995200 ) ) ;
#4391 = VERTEX_POINT ( 'NONE', #2627 ) ;
#4392 =( BOUNDED_CURVE ( )  B_SPLINE_CURVE ( 3, ( #4208, #3155, #3670, #528 ),
 .UNSPECIFIED., .F., .F. )
 B_SPLINE_CURVE_WITH_KNOTS ( ( 4, 4 ),
 ( 0.0000000000000000000, 1.000000000000000000 ),
 .UNSPECIFIED. )
 CURVE ( )  GEOMETRIC_REPRESENTATION_ITEM ( )  RATIONAL_B_SPLINE_CURVE ( ( 1.000000000000000000, 0.9233949522821427400, 0.9233949522821427400, 1.000000000000000000 ) )
 REPRESENTATION_ITEM ( '' )  );
#4393 = VECTOR ( 'NONE', #770, 1000.000000000000000 ) ;
#4394 = DIRECTION ( 'NONE',  ( 1.000000000000000000, -0.0000000000000000000, 2.188980764154056600E-016 ) ) ;
#4395 = CARTESIAN_POINT ( 'NONE',  ( 1.418728709932699300, 0.6299199999999999200, 1.591170811457688100 ) ) ;
#4396 = VERTEX_POINT ( 'NONE', #4538 ) ;
#4397 = CARTESIAN_POINT ( 'NONE',  ( 0.3108362295486167300, 0.7238999999999995400, -1.569720000000000000 ) ) ;
#4398 = EDGE_CURVE ( 'NONE', #7171, #101, #205, .T. ) ;
#4399 = CARTESIAN_POINT ( 'NONE',  ( 1.527747121824858600, 1.096926142235472800, 0.3340683917485794400 ) ) ;
#4400 = CARTESIAN_POINT ( 'NONE',  ( 0.4188039324873674700, 0.6602387398022105900, -1.572851200543085700 ) ) ;
#4401 = ADVANCED_FACE ( 'NONE', ( #3249 ), #6331, .T. ) ;
#4402 = ORIENTED_EDGE ( 'NONE', *, *, #7408, .F. ) ;
#4403 = LINE ( 'NONE', #2623, #2761 ) ;
#4404 = CARTESIAN_POINT ( 'NONE',  ( -2.400150458762262400, 0.6603999999999997600, 0.9525747706188688600 ) ) ;
#4405 = CIRCLE ( 'NONE', #3306, 0.7239000000000001000 ) ;
#4406 = CARTESIAN_POINT ( 'NONE',  ( -0.1033155247642517600, 0.7094734034594572000, 1.600199999999999600 ) ) ;
#4407 = ORIENTED_EDGE ( 'NONE', *, *, #5585, .T. ) ;
#4408 = CARTESIAN_POINT ( 'NONE',  ( 2.217420000000001100, 0.6299199999999998100, 0.5257799999999996900 ) ) ;
#4409 = FACE_OUTER_BOUND ( 'NONE', #12, .T. ) ;
#4410 = CIRCLE ( 'NONE', #1984, 0.03047999999999999300 ) ;
#4411 = FACE_OUTER_BOUND ( 'NONE', #3638, .T. ) ;
#4412 = CARTESIAN_POINT ( 'NONE',  ( -0.4190999999999958600, 0.08890000000000004800, 1.523925229381132100 ) ) ;
#4413 = ORIENTED_EDGE ( 'NONE', *, *, #6017, .T. ) ;
#4414 = CARTESIAN_POINT ( 'NONE',  ( -0.2285999999999999700, 1.447800000000000000, 0.0000000000000000000 ) ) ;
#4415 = AXIS2_PLACEMENT_3D ( 'NONE', #346, #17, #7366 ) ;
#4416 = ORIENTED_EDGE ( 'NONE', *, *, #5632, .T. ) ;
#4417 = EDGE_CURVE ( 'NONE', #2259, #3671, #1608, .T. ) ;
#4418 = CARTESIAN_POINT ( 'NONE',  ( -1.629881287324603100, 0.6603999999999993200, -0.6252931066435145600 ) ) ;
#4419 = EDGE_CURVE ( 'NONE', #1863, #3328, #4887, .T. ) ;
#4420 = EDGE_CURVE ( 'NONE', #592, #6887, #26, .T. ) ;
#4421 = CIRCLE ( 'NONE', #6586, 1.600200000000000100 ) ;
#4422 = LINE ( 'NONE', #74, #2782 ) ;
#4423 = ORIENTED_EDGE ( 'NONE', *, *, #4650, .F. ) ;
#4424 = CARTESIAN_POINT ( 'NONE',  ( 0.0000000000000000000, 0.7238999999999995400, -1.600200000000000100 ) ) ;
#4425 = EDGE_LOOP ( 'NONE', ( #1981, #681, #310, #7039 ) ) ;
#4426 = DIRECTION ( 'NONE',  ( -0.0000000000000000000, -1.000000000000000000, -0.0000000000000000000 ) ) ;
#4427 = CARTESIAN_POINT ( 'NONE',  ( -0.4190999999999958100, 0.6846789493381657500, -1.544818380015693800 ) ) ;
#4428 = CARTESIAN_POINT ( 'NONE',  ( 1.460500000000000400, 0.1117600000000006900, 0.4952999999999996300 ) ) ;
#4429 = CARTESIAN_POINT ( 'NONE',  ( -2.400150458762264200, 0.6603999999999997600, 1.485825229381131800 ) ) ;
#4430 =( BOUNDED_SURFACE ( )  B_SPLINE_SURFACE ( 3, 3, (
 ( #3135, #6206, #7437, #3765 ),
 ( #108, #4374, #691, #5002 ),
 ( #1302, #5613, #1912, #6232 ),
 ( #2533, #6847, #3162, #7468 ) ),
 .UNSPECIFIED., .F., .F., .F. )
 B_SPLINE_SURFACE_WITH_KNOTS ( ( 4, 4 ),
 ( 4, 4 ),
 ( 0.0000000000000000000, 1.000000000000000000 ),
 ( 0.0000000000000000000, 1.000000000000000000 ),
 .UNSPECIFIED. )
 GEOMETRIC_REPRESENTATION_ITEM ( )  RATIONAL_B_SPLINE_SURFACE ( (
 ( 1.000000000000000000, 0.9118348504641765600, 0.9118348504641765600, 1.000000000000000000),
 ( 0.8047378541243649400, 0.7337880208783526000, 0.7337880208783526000, 0.8047378541243649400),
 ( 0.8047378541243649400, 0.7337880208783526000, 0.7337880208783526000, 0.8047378541243649400),
 ( 1.000000000000000000, 0.9118348504641765600, 0.9118348504641765600, 1.000000000000000000) ) )
 REPRESENTATION_ITEM ( '' )  SURFACE ( )  );
#4431 = CARTESIAN_POINT ( 'NONE',  ( -2.235274770618868300, 1.096217702687769500E-016, -0.4953000000000005700 ) ) ;
#4432 = DIRECTION ( 'NONE',  ( 0.0000000000000000000, 1.000000000000000000, 0.0000000000000000000 ) ) ;
#4433 = CARTESIAN_POINT ( 'NONE',  ( 0.4416971632238546600, 0.6603999999999996500, -1.569720000000000000 ) ) ;
#4434 = ORIENTED_EDGE ( 'NONE', *, *, #169, .F. ) ;
#4435 = DIRECTION ( 'NONE',  ( -0.0000000000000000000, 1.000000000000000000, 0.0000000000000000000 ) ) ;
#4436 = CARTESIAN_POINT ( 'NONE',  ( 1.412927103711797000, 0.003021968804307440000, 1.585577996100653300 ) ) ;
#4437 = EDGE_CURVE ( 'NONE', #2644, #1130, #3228, .T. ) ;
#4438 = ADVANCED_FACE ( 'NONE', ( #7767, #1422 ), #4595, .F. ) ;
#4439 = ORIENTED_EDGE ( 'NONE', *, *, #220, .F. ) ;
#4440 = EDGE_LOOP ( 'NONE', ( #6599, #547 ) ) ;
#4441 = EDGE_CURVE ( 'NONE', #7771, #7046, #4502, .T. ) ;
#4442 = DIRECTION ( 'NONE',  ( 0.0000000000000000000, 0.0000000000000000000, 1.000000000000000000 ) ) ;
#4443 = CARTESIAN_POINT ( 'NONE',  ( -0.4190999999999958600, 0.02002091752452776100, 1.587574770618868100 ) ) ;
#4444 = DIRECTION ( 'NONE',  ( 0.0000000000000000000, 0.0000000000000000000, -1.000000000000000000 ) ) ;
#4445 = LINE ( 'NONE', #4428, #7521 ) ;
#4446 = CARTESIAN_POINT ( 'NONE',  ( -1.866900000000000000, 0.5968999999999998800, 1.219200000000000300 ) ) ;
#4447 = FACE_OUTER_BOUND ( 'NONE', #4188, .T. ) ;
#4448 = ORIENTED_EDGE ( 'NONE', *, *, #6115, .F. ) ;
#4449 = CARTESIAN_POINT ( 'NONE',  ( -0.3886199999999956900, 0.6934199999999997000, -1.600200000000000100 ) ) ;
#4450 = PLANE ( 'NONE',  #7671 ) ;
#4451 = CARTESIAN_POINT ( 'NONE',  ( -2.247900000000000000, 0.6299199999999998100, -1.600200000000000100 ) ) ;
#4452 = CARTESIAN_POINT ( 'NONE',  ( 1.516380000000000300, 0.9144000000000002100, -6.762205290378619100E-018 ) ) ;
#4453 = EDGE_LOOP ( 'NONE', ( #4922, #86, #5491, #7012 ) ) ;
#4454 = CARTESIAN_POINT ( 'NONE',  ( 0.9825054945054951800, 1.447800000000000000, 0.3989213776896757300 ) ) ;
#4455 = VECTOR ( 'NONE', #2271, 1000.000000000000000 ) ;
#4456 = CARTESIAN_POINT ( 'NONE',  ( -1.321554598097102600, 1.417319999999999700, 0.9022934579439257900 ) ) ;
#4457 = EDGE_CURVE ( 'NONE', #3438, #3371, #1782, .T. ) ;
#4458 = CARTESIAN_POINT ( 'NONE',  ( 2.247900000000000900, 0.6299199999999998100, 0.7619999999999996800 ) ) ;
#4459 = VERTEX_POINT ( 'NONE', #7071 ) ;
#4460 = ORIENTED_EDGE ( 'NONE', *, *, #4160, .T. ) ;
#4461 = CARTESIAN_POINT ( 'NONE',  ( -1.866900000000000000, 0.6299199999999998100, 0.9347200000000005500 ) ) ;
#4462 = VECTOR ( 'NONE', #619, 1000.000000000000000 ) ;
#4463 = CARTESIAN_POINT ( 'NONE',  ( 1.600149602380977400, 1.429314721518637300, 0.01270000000000068800 ) ) ;
#4464 = CARTESIAN_POINT ( 'NONE',  ( -0.8142262148173048400, 0.6603999999999995400, -1.464895556591430300 ) ) ;
#4465 = CARTESIAN_POINT ( 'NONE',  ( -0.4191000001234629900, 0.6907460454768802300, -1.544342977257723300 ) ) ;
#4466 = EDGE_CURVE ( 'NONE', #6887, #4476, #7573, .T. ) ;
#4467 = CARTESIAN_POINT ( 'NONE',  ( 1.483397385309445100, 0.6603999999999997600, 1.483397385309431300 ) ) ;
#4468 = EDGE_LOOP ( 'NONE', ( #4298, #827, #4323, #1800 ) ) ;
#4469 = AXIS2_PLACEMENT_3D ( 'NONE', #1676, #5373, #3550 ) ;
#4470 = VERTEX_POINT ( 'NONE', #6474 ) ;
#4471 = VECTOR ( 'NONE', #3786, 1000.000000000000000 ) ;
#4472 = EDGE_LOOP ( 'NONE', ( #6016, #4679, #6114, #3046 ) ) ;
#4473 = ADVANCED_FACE ( 'NONE', ( #1222 ), #388, .T. ) ;
#4474 = CARTESIAN_POINT ( 'NONE',  ( -0.4495799999999958700, 5.421010862427522200E-017, -1.587574770618868100 ) ) ;
#4475 = CARTESIAN_POINT ( 'NONE',  ( -2.235274770618868300, 0.0000000000000000000, 1.569720000000000200 ) ) ;
#4476 = VERTEX_POINT ( 'NONE', #2108 ) ;
#4477 = CARTESIAN_POINT ( 'NONE',  ( -2.247900000000000500, 0.6403790824754721500, -1.587574770618868300 ) ) ;
#4478 = DIRECTION ( 'NONE',  ( -0.0000000000000000000, -1.000000000000000000, -0.0000000000000000000 ) ) ;
#4479 = AXIS2_PLACEMENT_3D ( 'NONE', #5885, #2199, #6509 ) ;
#4480 = ORIENTED_EDGE ( 'NONE', *, *, #2170, .T. ) ;
#4481 = LINE ( 'NONE', #1933, #7750 ) ;
#4482 = EDGE_CURVE ( 'NONE', #1348, #4935, #1033, .T. ) ;
#4483 = AXIS2_PLACEMENT_3D ( 'NONE', #1045, #5349, #1655 ) ;
#4484 = CARTESIAN_POINT ( 'NONE',  ( -0.2285999999999999700, 1.346199999999999800, -0.7620000000000000100 ) ) ;
#4485 = ORIENTED_EDGE ( 'NONE', *, *, #7172, .F. ) ;
#4486 = ORIENTED_EDGE ( 'NONE', *, *, #4293, .T. ) ;
#4487 = DIRECTION ( 'NONE',  ( 7.105427357601001900E-015, 0.0000000000000000000, -1.000000000000000000 ) ) ;
#4488 = CARTESIAN_POINT ( 'NONE',  ( 2.235120421975475200, 0.6299199999999998100, -0.7800229518704354700 ) ) ;
#4489 = CARTESIAN_POINT ( 'NONE',  ( -0.2182758837303101500, 1.422400000000000300, -0.6902078299916280000 ) ) ;
#4490 = VERTEX_POINT ( 'NONE', #5907 ) ;
#4491 = DIRECTION ( 'NONE',  ( -1.000000000000000000, 0.0000000000000000000, 0.0000000000000000000 ) ) ;
#4492 = ORIENTED_EDGE ( 'NONE', *, *, #6223, .F. ) ;
#4493 = CARTESIAN_POINT ( 'NONE',  ( -1.017169172017168700, 1.435174770618867600, -1.348115109301483100 ) ) ;
#4494 = SURFACE_STYLE_FILL_AREA ( #3706 ) ;
#4495 = AXIS2_PLACEMENT_3D ( 'NONE', #2756, #7672, #3370 ) ;
#4496 = CARTESIAN_POINT ( 'NONE',  ( 2.247900000000000900, 0.01249151612450927000, -0.7599121805066007000 ) ) ;
#4497 = DIRECTION ( 'NONE',  ( -1.000000000000000000, 0.0000000000000000000, -0.0000000000000000000 ) ) ;
#4498 = VERTEX_POINT ( 'NONE', #7149 ) ;
#4499 = CARTESIAN_POINT ( 'NONE',  ( -1.460500000000000100, 0.6603999999999998800, -0.4953000000000003000 ) ) ;
#4500 = CIRCLE ( 'NONE', #6561, 0.7239000000000001000 ) ;
#4501 = EDGE_CURVE ( 'NONE', #6360, #5453, #6925, .T. ) ;
#4502 = CIRCLE ( 'NONE', #3202, 0.2539999999999998900 ) ;
#4503 = CARTESIAN_POINT ( 'NONE',  ( -0.4495799999999958700, 0.01262522938113193200, -1.600199999999999800 ) ) ;
#4504 = CARTESIAN_POINT ( 'NONE',  ( 2.217420000000001100, 0.6603999999999997600, -0.7493747706188674800 ) ) ;
#4505 = ORIENTED_EDGE ( 'NONE', *, *, #1952, .T. ) ;
#4506 = EDGE_LOOP ( 'NONE', ( #3564, #3958, #5608 ) ) ;
#4507 = FACE_OUTER_BOUND ( 'NONE', #5252, .T. ) ;
#4508 = CARTESIAN_POINT ( 'NONE',  ( -1.346727066632285300, 7.512325129353056000, 0.8890000000000003500 ) ) ;
#4509 = CARTESIAN_POINT ( 'NONE',  ( 1.560306439369380800, 0.6327633282568325700, 0.4953117665556792100 ) ) ;
#4510 = CARTESIAN_POINT ( 'NONE',  ( 2.217132737020558700, 0.6299199999999998100, 0.7798534169139484900 ) ) ;
#4511 = CARTESIAN_POINT ( 'NONE',  ( 1.039312762538662700, 1.422400000000000600, -0.4305577035952889400 ) ) ;
#4512 = CIRCLE ( 'NONE', #4483, 0.03047999999999991000 ) ;
#4513 = ORIENTED_EDGE ( 'NONE', *, *, #3944, .F. ) ;
#4514 = CARTESIAN_POINT ( 'NONE',  ( -0.4416971632238544400, 0.6603999999999997600, 1.569720000000000000 ) ) ;
#4515 = CARTESIAN_POINT ( 'NONE',  ( 2.247900000000000900, 0.6299199999999998100, -0.7493747706188677000 ) ) ;
#4516 = DIRECTION ( 'NONE',  ( 0.0000000000000000000, 0.0000000000000000000, 1.000000000000000000 ) ) ;
#4517 = CARTESIAN_POINT ( 'NONE',  ( 0.0000000000000000000, 0.7238999999999995400, 0.0000000000000000000 ) ) ;
#4518 = ADVANCED_FACE ( 'NONE', ( #2671 ), #6556, .F. ) ;
#4519 = CIRCLE ( 'NONE', #1213, 1.600200000000000100 ) ;
#4520 = ORIENTED_EDGE ( 'NONE', *, *, #5940, .F. ) ;
#4521 =( GEOMETRIC_REPRESENTATION_CONTEXT ( 3 ) GLOBAL_UNCERTAINTY_ASSIGNED_CONTEXT ( ( #5775 ) ) GLOBAL_UNIT_ASSIGNED_CONTEXT ( ( #4201, #523, #4809 ) ) REPRESENTATION_CONTEXT ( 'NONE', 'WORKASPACE' ) );
#4522 = EDGE_CURVE ( 'NONE', #2057, #7822, #4696, .T. ) ;
#4523 = EDGE_CURVE ( 'NONE', #4490, #7026, #7392, .T. ) ;
#4524 = CARTESIAN_POINT ( 'NONE',  ( -2.209800000000000000, 1.435174770618868000, -1.104899999999999800 ) ) ;
#4525 = CARTESIAN_POINT ( 'NONE',  ( -1.297940000000000500, 0.6603999999999997600, 0.9347200000000005500 ) ) ;
#4526 = CARTESIAN_POINT ( 'NONE',  ( 1.542492979415010800, 0.6488153313015753200, -0.4952749794191477800 ) ) ;
#4527 = CARTESIAN_POINT ( 'NONE',  ( 1.155700000000000400, 0.0000000000000000000, -0.4953000000000003000 ) ) ;
#4528 = CARTESIAN_POINT ( 'NONE',  ( 0.4190999999999962000, 0.03048000000000004900, -1.569720000000000200 ) ) ;
#4529 = CARTESIAN_POINT ( 'NONE',  ( -1.866900000000000000, 0.5968999999999998800, -0.9651999999999998400 ) ) ;
#4530 = CARTESIAN_POINT ( 'NONE',  ( -2.247900000000000000, 0.03048000000000004900, 1.600200000000000100 ) ) ;
#4531 = CARTESIAN_POINT ( 'NONE',  ( 0.4064747706188638300, 0.03047999999999999000, 1.511300000000000100 ) ) ;
#4532 = VERTEX_POINT ( 'NONE', #1036 ) ;
#4533 = ORIENTED_EDGE ( 'NONE', *, *, #2026, .T. ) ;
#4534 = DIRECTION ( 'NONE',  ( 0.0000000000000000000, 0.0000000000000000000, 1.000000000000000000 ) ) ;
#4535 = CARTESIAN_POINT ( 'NONE',  ( 2.217420000000001100, 0.03048000000000004900, 0.7619999999999996800 ) ) ;
#4536 = CARTESIAN_POINT ( 'NONE',  ( 2.217132737020559100, 0.6477739776368856000, 0.7798534169139484900 ) ) ;
#4537 = DIRECTION ( 'NONE',  ( 0.0000000000000000000, 0.0000000000000000000, 1.000000000000000000 ) ) ;
#4538 = CARTESIAN_POINT ( 'NONE',  ( -2.217420000000000200, 0.6603999999999997600, 0.4952999999999995200 ) ) ;
#4539 = DIRECTION ( 'NONE',  ( 0.0000000000000000000, 0.0000000000000000000, 1.000000000000000000 ) ) ;
#4540 = EDGE_LOOP ( 'NONE', ( #6862, #2433, #6052, #7644 ) ) ;
#4541 = EDGE_CURVE ( 'NONE', #7395, #1895, #4123, .T. ) ;
#4542 = AXIS2_PLACEMENT_3D ( 'NONE', #1767, #6088, #2389 ) ;
#4543 = B_SPLINE_CURVE_WITH_KNOTS ( 'NONE', 3,
 ( #1666, #1001, #6606, #2918, #7221, #3537 ),
 .UNSPECIFIED., .F., .F.,
 ( 4, 2, 4 ),
 ( 0.0000000000000000000, 0.5000000000000000000, 1.000000000000000000 ),
 .UNSPECIFIED. ) ;
#4544 = VERTEX_POINT ( 'NONE', #5965 ) ;
#4545 = LINE ( 'NONE', #830, #5602 ) ;
#4546 = FACE_OUTER_BOUND ( 'NONE', #496, .T. ) ;
#4547 = EDGE_CURVE ( 'NONE', #7533, #2675, #2464, .T. ) ;
#4548 = EDGE_LOOP ( 'NONE', ( #6473, #2045, #2783 ) ) ;
#4549 = DIRECTION ( 'NONE',  ( 0.0000000000000000000, -0.0000000000000000000, -1.000000000000000000 ) ) ;
#4550 = ORIENTED_EDGE ( 'NONE', *, *, #1627, .F. ) ;
#4551 = DIRECTION ( 'NONE',  ( 1.000000000000000000, -0.0000000000000000000, 0.0000000000000000000 ) ) ;
#4552 = CARTESIAN_POINT ( 'NONE',  ( -1.866900000000000000, 0.6603999999999997600, 0.9347200000000003300 ) ) ;
#4553 = CARTESIAN_POINT ( 'NONE',  ( 1.556003748621735100, 0.6364388794180913000, -0.4953315407123573000 ) ) ;
#4554 = EDGE_LOOP ( 'NONE', ( #3132, #4734, #5423, #3255 ) ) ;
#4555 = LINE ( 'NONE', #1357, #2921 ) ;
#4556 = CARTESIAN_POINT ( 'NONE',  ( 0.4190999999999962500, 0.03047999999999992400, -1.569720000000000200 ) ) ;
#4557 = ADVANCED_FACE ( 'NONE', ( #7196 ), #3740, .T. ) ;
#4558 = DIRECTION ( 'NONE',  ( -1.000000000000000000, 0.0000000000000000000, 0.0000000000000000000 ) ) ;
#4559 = CARTESIAN_POINT ( 'NONE',  ( 0.4243295412377319200, -3.388131789017201400E-018, 1.480820000000000000 ) ) ;
#4560 = CIRCLE ( 'NONE', #6475, 0.03048000000000004900 ) ;
#4561 = CARTESIAN_POINT ( 'NONE',  ( 0.4064747706188642200, 0.07627477061886808700, -1.511300000000000100 ) ) ;
#4562 = VECTOR ( 'NONE', #3462, 1000.000000000000000 ) ;
#4563 = CARTESIAN_POINT ( 'NONE',  ( -0.2285999999999999400, 1.346199999999999800, -0.2199704525612475600 ) ) ;
#4564 = CARTESIAN_POINT ( 'NONE',  ( 0.4190999999999958100, 0.7238999999999998800, 1.569720000000000000 ) ) ;
#4565 = ADVANCED_FACE ( 'NONE', ( #2278 ), #5481, .T. ) ;
#4566 = ORIENTED_EDGE ( 'NONE', *, *, #3981, .F. ) ;
#4567 = DIRECTION ( 'NONE',  ( -1.000000000000000000, -0.0000000000000000000, 0.0000000000000000000 ) ) ;
#4568 = AXIS2_PLACEMENT_3D ( 'NONE', #4914, #4891, #4863 ) ;
#4569 = ORIENTED_EDGE ( 'NONE', *, *, #6734, .F. ) ;
#4570 = CIRCLE ( 'NONE', #6111, 0.03048000000000004900 ) ;
#4571 = ORIENTED_EDGE ( 'NONE', *, *, #3676, .F. ) ;
#4572 = EDGE_CURVE ( 'NONE', #4470, #382, #5552, .T. ) ;
#4573 = DIRECTION ( 'NONE',  ( 0.0000000000000000000, -1.000000000000000000, 0.0000000000000000000 ) ) ;
#4574 = DIRECTION ( 'NONE',  ( -0.0000000000000000000, -1.000000000000000000, -0.0000000000000000000 ) ) ;
#4575 = ORIENTED_EDGE ( 'NONE', *, *, #5390, .F. ) ;
#4576 = CARTESIAN_POINT ( 'NONE',  ( 0.0000000000000000000, 1.417319999999999900, -0.04317999999999998900 ) ) ;
#4577 = VERTEX_POINT ( 'NONE', #2294 ) ;
#4578 = ORIENTED_EDGE ( 'NONE', *, *, #2404, .T. ) ;
#4579 = CARTESIAN_POINT ( 'NONE',  ( 1.589905200742590500, 1.302821149819326100, 0.01269999999999993200 ) ) ;
#4580 = ORIENTED_EDGE ( 'NONE', *, *, #662, .F. ) ;
#4581 = CARTESIAN_POINT ( 'NONE',  ( 0.0000000000000000000, 0.6604000000000002100, 0.0000000000000000000 ) ) ;
#4582 = CARTESIAN_POINT ( 'NONE',  ( 1.560940662507325700, 0.6319928227441166100, -0.4952998037994272300 ) ) ;
#4583 = CARTESIAN_POINT ( 'NONE',  ( -2.247900000000000000, 0.6603999999999998800, 0.4952999999999996300 ) ) ;
#4584 = CARTESIAN_POINT ( 'NONE',  ( 0.4190999999999962500, 0.03048000000000000700, -1.569719999999999800 ) ) ;
#4585 = ORIENTED_EDGE ( 'NONE', *, *, #2280, .T. ) ;
#4586 = FACE_OUTER_BOUND ( 'NONE', #7080, .T. ) ;
#4587 = DIRECTION ( 'NONE',  ( -0.0000000000000000000, -1.000000000000000000, -0.0000000000000000000 ) ) ;
#4588 = ORIENTED_EDGE ( 'NONE', *, *, #3075, .F. ) ;
#4589 = CARTESIAN_POINT ( 'NONE',  ( 2.247900000000000900, 0.1117600000000006900, -0.4953000000000003000 ) ) ;
#4590 = CARTESIAN_POINT ( 'NONE',  ( 2.247900000000000900, 0.6299199999999998100, 0.7619999999999996800 ) ) ;
#4591 = AXIS2_PLACEMENT_3D ( 'NONE', #5794, #2103, #6418 ) ;
#4592 = EDGE_CURVE ( 'NONE', #6300, #4782, #479, .T. ) ;
#4593 = AXIS2_PLACEMENT_3D ( 'NONE', #1942, #6267, #2574 ) ;
#4594 = CARTESIAN_POINT ( 'NONE',  ( 1.134558606683674100, 1.447800000000000000, 0.04317999999999993400 ) ) ;
#4595 = PLANE ( 'NONE',  #3615 ) ;
#4596 = CYLINDRICAL_SURFACE ( 'NONE', #6410, 0.02540000000000003700 ) ;
#4597 = LINE ( 'NONE', #2078, #2567 ) ;
#4598 = CARTESIAN_POINT ( 'NONE',  ( -0.4190999999999958100, 0.08889999999999993700, -1.569720000000000000 ) ) ;
#4599 = ADVANCED_FACE ( 'NONE', ( #6809 ), #4060, .T. ) ;
#4600 = ORIENTED_EDGE ( 'NONE', *, *, #2762, .F. ) ;
#4601 = LINE ( 'NONE', #4451, #7851 ) ;
#4602 = CARTESIAN_POINT ( 'NONE',  ( 1.549863936509676500, 1.217871559748255900, -0.2302607420967657200 ) ) ;
#4603 = CIRCLE ( 'NONE', #4883, 0.03048000000000004900 ) ;
#4604 = VECTOR ( 'NONE', #20, 1000.000000000000000 ) ;
#4605 = VERTEX_POINT ( 'NONE', #4304 ) ;
#4606 = ADVANCED_FACE ( 'NONE', ( #1893 ), #2631, .T. ) ;
#4607 = DIRECTION ( 'NONE',  ( -0.0000000000000000000, -0.0000000000000000000, -1.000000000000000000 ) ) ;
#4608 = CARTESIAN_POINT ( 'NONE',  ( 0.4190999999999962000, 0.03048000000000000400, -1.569720000000000000 ) ) ;
#4609 = VECTOR ( 'NONE', #3864, 1000.000000000000000 ) ;
#4610 = VECTOR ( 'NONE', #6751, 1000.000000000000000 ) ;
#4611 = EDGE_LOOP ( 'NONE', ( #1565, #5341, #5834, #5432, #2667, #3779 ) ) ;
#4612 = VERTEX_POINT ( 'NONE', #570 ) ;
#4613 = DIRECTION ( 'NONE',  ( 1.000000000000000000, 0.0000000000000000000, 0.0000000000000000000 ) ) ;
#4614 = CARTESIAN_POINT ( 'NONE',  ( -1.572260000000000900, 0.0000000000000000000, 0.4952999999999996300 ) ) ;
#4615 = CARTESIAN_POINT ( 'NONE',  ( 0.4172616706710593500, 0.6585616706710630800, -1.589185708514567500 ) ) ;
#4616 = DIRECTION ( 'NONE',  ( -0.0000000000000000000, -1.000000000000000000, -0.0000000000000000000 ) ) ;
#4617 = SURFACE_SIDE_STYLE ('',( #5485 ) ) ;
#4618 = CARTESIAN_POINT ( 'NONE',  ( 1.555817082629144600, 1.246024176697589000, 0.1993186293403127200 ) ) ;
#4619 = CARTESIAN_POINT ( 'NONE',  ( -2.217420000000000200, 0.03048000000000003500, -1.600200000000000100 ) ) ;
#4620 = EDGE_CURVE ( 'NONE', #5464, #4396, #1315, .T. ) ;
#4621 = CARTESIAN_POINT ( 'NONE',  ( 1.528692695509088700, 1.103673612765939900, -0.3303366541929382800 ) ) ;
#4622 = ORIENTED_EDGE ( 'NONE', *, *, #4843, .T. ) ;
#4623 = DIRECTION ( 'NONE',  ( 1.000000000000000000, -0.0000000000000000000, 0.0000000000000000000 ) ) ;
#4624 = CARTESIAN_POINT ( 'NONE',  ( 1.397074770618876900, 0.03047999999999999700, -1.569720000000000000 ) ) ;
#4625 = CARTESIAN_POINT ( 'NONE',  ( -1.866900000000000400, 0.6603999999999999900, -0.9525747706188678600 ) ) ;
#4626 = CARTESIAN_POINT ( 'NONE',  ( -0.9825054945054941800, 1.447800000000000000, 0.3989213776896758900 ) ) ;
#4627 = DIRECTION ( 'NONE',  ( 0.0000000000000000000, -0.0000000000000000000, 1.000000000000000000 ) ) ;
#4628 = VECTOR ( 'NONE', #5746, 1000.000000000000000 ) ;
#4629 = CARTESIAN_POINT ( 'NONE',  ( 0.4190999999999961400, 0.03048000000000004900, -1.587574770618867900 ) ) ;
#4630 = ORIENTED_EDGE ( 'NONE', *, *, #1844, .T. ) ;
#4631 =( BOUNDED_SURFACE ( )  B_SPLINE_SURFACE ( 3, 3, (
 ( #4515, #2596, #2656, #3902 ),
 ( #3272, #3875, #3855, #3299 ),
 ( #4488, #7570, #5131, #1444 ),
 ( #6960, #2608, #27, #7510 ) ),
 .UNSPECIFIED., .F., .F., .F. )
 B_SPLINE_SURFACE_WITH_KNOTS ( ( 4, 4 ),
 ( 4, 4 ),
 ( 0.0000000000000000000, 1.000000000000000000 ),
 ( 0.0000000000000000000, 1.000000000000000000 ),
 .UNSPECIFIED. )
 GEOMETRIC_REPRESENTATION_ITEM ( )  RATIONAL_B_SPLINE_SURFACE ( (
 ( 1.000000000000000000, 0.8047378541243633800, 0.8047378541243633800, 1.000000000000000000),
 ( 0.8025111867385927900, 0.6458111303268114800, 0.6458111303268114800, 0.8025111867385927900),
 ( 0.8025111867385927900, 0.6458111303268114800, 0.6458111303268114800, 0.8025111867385927900),
 ( 1.000000000000000000, 0.8047378541243633800, 0.8047378541243633800, 1.000000000000000000) ) )
 REPRESENTATION_ITEM ( '' )  SURFACE ( )  );
#4632 = ORIENTED_EDGE ( 'NONE', *, *, #1952, .F. ) ;
#4633 = AXIS2_PLACEMENT_3D ( 'NONE', #7064, #4613, #3374 ) ;
#4634 = EDGE_CURVE ( 'NONE', #259, #2711, #3341, .T. ) ;
#4635 = FACE_OUTER_BOUND ( 'NONE', #7139, .T. ) ;
#4636 = CARTESIAN_POINT ( 'NONE',  ( -1.321554598097102600, 1.417319999999999700, -0.9022934579439249000 ) ) ;
#4637 = VECTOR ( 'NONE', #6434, 1000.000000000000000 ) ;
#4638 = CARTESIAN_POINT ( 'NONE',  ( 2.235120421975475200, 0.01252671108496711300, 0.7800229518705083000 ) ) ;
#4639 = CARTESIAN_POINT ( 'NONE',  ( -2.435860000000000800, 0.6603999999999997600, -1.503680000000000300 ) ) ;
#4640 = ORIENTED_EDGE ( 'NONE', *, *, #6918, .F. ) ;
#4641 = ADVANCED_FACE ( 'NONE', ( #290 ), #7444, .T. ) ;
#4642 = ORIENTED_EDGE ( 'NONE', *, *, #3176, .F. ) ;
#4643 = CARTESIAN_POINT ( 'NONE',  ( -1.866900000000000200, 0.6603999999999997600, 1.503680000000000600 ) ) ;
#4644 = CYLINDRICAL_SURFACE ( 'NONE', #1945, 0.03048000000000004900 ) ;
#4645 = CARTESIAN_POINT ( 'NONE',  ( 1.353112248377910700E-016, 7.512325129353056000, 1.104900000000000000 ) ) ;
#4646 = AXIS2_PLACEMENT_3D ( 'NONE', #1249, #2452, #1187 ) ;
#4647 = CARTESIAN_POINT ( 'NONE',  ( 1.519945492387788000, 1.029095160772644800, -0.3629743879710236600 ) ) ;
#4648 = ORIENTED_EDGE ( 'NONE', *, *, #6892, .T. ) ;
#4649 = FACE_OUTER_BOUND ( 'NONE', #5620, .T. ) ;
#4650 = EDGE_CURVE ( 'NONE', #2841, #3427, #4986, .T. ) ;
#4651 =( BOUNDED_SURFACE ( )  B_SPLINE_SURFACE ( 3, 3, (
 ( #5646, #6933, #219, #4489 ),
 ( #795, #5112, #1419, #5715 ),
 ( #2020, #6345, #2657, #6962 ),
 ( #3273, #7571, #3904, #237 ) ),
 .UNSPECIFIED., .F., .F., .F. )
 B_SPLINE_SURFACE_WITH_KNOTS ( ( 4, 4 ),
 ( 4, 4 ),
 ( 0.0000000000000000000, 1.000000000000000000 ),
 ( 0.0000000000000000000, 1.000000000000000000 ),
 .UNSPECIFIED. )
 GEOMETRIC_REPRESENTATION_ITEM ( )  RATIONAL_B_SPLINE_SURFACE ( (
 ( 1.000000000000000000, 0.5343517831471292800, 0.5343517831471292800, 1.000000000000000000),
 ( 0.8047378541243689300, 0.4300131073173509300, 0.4300131073173509300, 0.8047378541243689300),
 ( 0.8047378541243689300, 0.4300131073173509300, 0.4300131073173509300, 0.8047378541243689300),
 ( 1.000000000000000000, 0.5343517831471292800, 0.5343517831471292800, 1.000000000000000000) ) )
 REPRESENTATION_ITEM ( '' )  SURFACE ( )  );
#4652 = CARTESIAN_POINT ( 'NONE',  ( -0.4416971401106091200, 0.6604000000007165200, -1.569719917859278200 ) ) ;
#4653 = CARTESIAN_POINT ( 'NONE',  ( -0.4064747706188643900, 0.03047999999999999000, 1.511299999999999600 ) ) ;
#4654 = DIRECTION ( 'NONE',  ( -1.000000000000000000, -0.0000000000000000000, 0.0000000000000000000 ) ) ;
#4655 = EDGE_LOOP ( 'NONE', ( #950, #1203, #1107 ) ) ;
#4656 = DIRECTION ( 'NONE',  ( 0.0000000000000000000, 1.000000000000000000, 0.0000000000000000000 ) ) ;
#4657 = FACE_OUTER_BOUND ( 'NONE', #2266, .T. ) ;
#4658 = LINE ( 'NONE', #6210, #6107 ) ;
#4659 = CARTESIAN_POINT ( 'NONE',  ( 0.3108362295486158900, 0.6934200000011603300, 1.600200000000000100 ) ) ;
#4660 = CARTESIAN_POINT ( 'NONE',  ( -1.866900000000000000, 0.6299199999999998100, 0.9652000000000005000 ) ) ;
#4661 = CARTESIAN_POINT ( 'NONE',  ( 9.798399039977957100E-017, 0.7238999999999997700, -1.600200000000000100 ) ) ;
#4662 = ORIENTED_EDGE ( 'NONE', *, *, #7862, .F. ) ;
#4663 = CARTESIAN_POINT ( 'NONE',  ( -0.3108362295486147800, 0.7238999999999992100, -1.600199999999999600 ) ) ;
#4664 = CARTESIAN_POINT ( 'NONE',  ( 1.529817705609711500, 0.6603999999999989900, 0.4716658553204239300 ) ) ;
#4665 = ORIENTED_EDGE ( 'NONE', *, *, #3112, .F. ) ;
#4666 = LINE ( 'NONE', #2614, #180 ) ;
#4667 = ORIENTED_EDGE ( 'NONE', *, *, #6731, .F. ) ;
#4668 =( BOUNDED_SURFACE ( )  B_SPLINE_SURFACE ( 3, 3, (
 ( #4363, #4924, #4315, #4288 ),
 ( #4126, #4096, #4062, #4017 ),
 ( #3887, #3835, #3809, #3782 ),
 ( #3756, #3729, #3690, #3501 ) ),
 .UNSPECIFIED., .F., .F., .T. )
 B_SPLINE_SURFACE_WITH_KNOTS ( ( 4, 4 ),
 ( 4, 4 ),
 ( 0.0000000000000000000, 1.000000000000000000 ),
 ( 0.0000000000000000000, 1.000000000000000000 ),
 .UNSPECIFIED. )
 GEOMETRIC_REPRESENTATION_ITEM ( )  RATIONAL_B_SPLINE_SURFACE ( (
 ( 1.000000000000000000, 0.8052416797624758500, 0.8052416797624758500, 1.000000000000000000),
 ( 0.8047378541243649400, 0.6480084614235538400, 0.6480084614235538400, 0.8047378541243649400),
 ( 0.8047378541243649400, 0.6480084614235538400, 0.6480084614235538400, 0.8047378541243649400),
 ( 1.000000000000000000, 0.8052416797624758500, 0.8052416797624758500, 1.000000000000000000) ) )
 REPRESENTATION_ITEM ( '' )  SURFACE ( )  );
#4669 = CARTESIAN_POINT ( 'NONE',  ( -0.2285999999999999700, 1.447800000000000000, -0.2321190851975429800 ) ) ;
#4670 = AXIS2_PLACEMENT_3D ( 'NONE', #6532, #6420, #6391 ) ;
#4671 = EDGE_CURVE ( 'NONE', #3834, #7728, #4778, .T. ) ;
#4672 = ORIENTED_EDGE ( 'NONE', *, *, #6998, .F. ) ;
#4673 = PLANE ( 'NONE',  #6842 ) ;
#4674 = EDGE_CURVE ( 'NONE', #4382, #400, #112, .T. ) ;
#4675 =( BOUNDED_CURVE ( )  B_SPLINE_CURVE ( 3, ( #5306, #4074, #6555, #2981 ),
 .UNSPECIFIED., .F., .T. )
 B_SPLINE_CURVE_WITH_KNOTS ( ( 4, 4 ),
 ( 0.0000000000000000000, 1.570796326794896600 ),
 .UNSPECIFIED. )
 CURVE ( )  GEOMETRIC_REPRESENTATION_ITEM ( )  RATIONAL_B_SPLINE_CURVE ( ( 1.000000000000000000, 0.8047378541243649400, 0.8047378541243649400, 1.000000000000000000 ) )
 REPRESENTATION_ITEM ( '' )  );
#4676 = VECTOR ( 'NONE', #2862, 1000.000000000000100 ) ;
#4677 = DIRECTION ( 'NONE',  ( 0.0000000000000000000, 0.0000000000000000000, -1.000000000000000000 ) ) ;
#4678 = CARTESIAN_POINT ( 'NONE',  ( -2.217420000000000200, 0.6603999999999997600, -1.569720000000000000 ) ) ;
#4679 = ORIENTED_EDGE ( 'NONE', *, *, #7662, .F. ) ;
#4680 = DIRECTION ( 'NONE',  ( 1.000000000000000000, 0.0000000000000000000, 0.0000000000000000000 ) ) ;
#4681 = ORIENTED_EDGE ( 'NONE', *, *, #4572, .T. ) ;
#4682 = CARTESIAN_POINT ( 'NONE',  ( -0.3886199999999958000, -3.388131789017201400E-018, 1.480820000000000000 ) ) ;
#4683 = CARTESIAN_POINT ( 'NONE',  ( -0.3886199999999959700, -3.388131789017201400E-018, 1.480819999999999800 ) ) ;
#4684 = ADVANCED_FACE ( 'NONE', ( #1509 ), #7856, .F. ) ;
#4685 = CARTESIAN_POINT ( 'NONE',  ( 1.460500000000000100, 0.1117600000000006900, 0.4952999999999996300 ) ) ;
#4686 = EDGE_LOOP ( 'NONE', ( #4080, #6163, #794, #2938 ) ) ;
#4687 = LINE ( 'NONE', #6157, #3241 ) ;
#4688 = AXIS2_PLACEMENT_3D ( 'NONE', #6994, #4573, #882 ) ;
#4689 = DIRECTION ( 'NONE',  ( -0.7071067811865442400, 0.0000000000000000000, 0.7071067811865509000 ) ) ;
#4690 = CARTESIAN_POINT ( 'NONE',  ( -0.8053110246528136800, 0.6603999999999996500, -1.448856006131782100 ) ) ;
#4691 = CARTESIAN_POINT ( 'NONE',  ( 1.554692330998228300, 1.010330540865621400, -0.3809999031346684200 ) ) ;
#4692 = VERTEX_POINT ( 'NONE', #3171 ) ;
#4693 = DIRECTION ( 'NONE',  ( 0.5000000000000002200, 0.0000000000000000000, 0.8660254037844384900 ) ) ;
#4694 = LINE ( 'NONE', #7640, #1420 ) ;
#4695 = DIRECTION ( 'NONE',  ( 0.0000000000000000000, -0.0000000000000000000, -1.000000000000000000 ) ) ;
#4696 = LINE ( 'NONE', #4112, #5743 ) ;
#4697 = EDGE_CURVE ( 'NONE', #1770, #6443, #1314, .T. ) ;
#4698 = CARTESIAN_POINT ( 'NONE',  ( 0.4190999999999962500, 0.7238999999999998800, -1.569720000000000000 ) ) ;
#4699 = ORIENTED_EDGE ( 'NONE', *, *, #1189, .F. ) ;
#4700 = EDGE_LOOP ( 'NONE', ( #2252, #5539, #5102, #5856 ) ) ;
#4701 = CARTESIAN_POINT ( 'NONE',  ( -0.3886199999999956900, 0.6299199999999998100, 1.600200000000000100 ) ) ;
#4702 = CIRCLE ( 'NONE', #7252, 0.03048000000000004900 ) ;
#4703 = EDGE_CURVE ( 'NONE', #4192, #5728, #6235, .T. ) ;
#4704 = FACE_OUTER_BOUND ( 'NONE', #935, .T. ) ;
#4705 = ORIENTED_EDGE ( 'NONE', *, *, #2790, .F. ) ;
#4706 = DIRECTION ( 'NONE',  ( -0.8258683902619048400, 0.0000000000000000000, -0.5638629283489118300 ) ) ;
#4707 = CARTESIAN_POINT ( 'NONE',  ( -1.516380000000000300, 0.1117600000000007100, 0.4952999999999996300 ) ) ;
#4708 =( BOUNDED_SURFACE ( )  B_SPLINE_SURFACE ( 3, 3, (
 ( #6689, #7311, #3627, #7891 ),
 ( #4245, #563, #4855, #1161 ),
 ( #5470, #1779, #6098, #2395 ),
 ( #6711, #3029, #7332, #3656 ) ),
 .UNSPECIFIED., .F., .F., .F. )
 B_SPLINE_SURFACE_WITH_KNOTS ( ( 4, 4 ),
 ( 4, 4 ),
 ( 0.0000000000000000000, 1.000000000000000000 ),
 ( 0.0000000000000000000, 1.000000000000000000 ),
 .UNSPECIFIED. )
 GEOMETRIC_REPRESENTATION_ITEM ( )  RATIONAL_B_SPLINE_SURFACE ( (
 ( 1.000000000000000000, 0.3333333333333334300, 0.3333333333333334300, 1.000000000000000000),
 ( 0.8047378541243632700, 0.2682459513747878500, 0.2682459513747878500, 0.8047378541243632700),
 ( 0.8047378541243632700, 0.2682459513747878500, 0.2682459513747878500, 0.8047378541243632700),
 ( 1.000000000000000000, 0.3333333333333334300, 0.3333333333333334300, 1.000000000000000000) ) )
 REPRESENTATION_ITEM ( '' )  SURFACE ( )  );
#4709 = VERTEX_POINT ( 'NONE', #6908 ) ;
#4710 = CARTESIAN_POINT ( 'NONE',  ( 1.531987334760400300, 0.6604217792955353600, 0.4952923574342846800 ) ) ;
#4711 = CARTESIAN_POINT ( 'NONE',  ( 0.4191000000044066100, 0.6634179419016502700, -1.561297716228385400 ) ) ;
#4712 = LINE ( 'NONE', #3375, #1435 ) ;
#4713 = EDGE_LOOP ( 'NONE', ( #536, #6186, #4273, #2381 ) ) ;
#4714 = CARTESIAN_POINT ( 'NONE',  ( -0.4368608976583444600, 0.6603999999999996500, -1.552532697441650000 ) ) ;
#4715 = CARTESIAN_POINT ( 'NONE',  ( 1.569696140903658900, 1.295315715360193100, -0.008013600416328084100 ) ) ;
#4716 = CARTESIAN_POINT ( 'NONE',  ( -1.327240442169626200, 0.6652606646268834900, 0.9197214636968901200 ) ) ;
#4717 = AXIS2_PLACEMENT_3D ( 'NONE', #1341, #703, #653 ) ;
#4718 = EDGE_CURVE ( 'NONE', #4783, #7500, #2960, .T. ) ;
#4719 = CARTESIAN_POINT ( 'NONE',  ( 0.4190999999999957500, 0.08889999999999993700, 1.569720000000000000 ) ) ;
#4720 = ADVANCED_FACE ( 'NONE', ( #6425 ), #5690, .F. ) ;
#4721 = EDGE_LOOP ( 'NONE', ( #2877, #1756, #7436 ) ) ;
#4722 = CARTESIAN_POINT ( 'NONE',  ( -2.247900000000000900, 0.05587999999999968000, -0.4953000000000003000 ) ) ;
#4723 = ORIENTED_EDGE ( 'NONE', *, *, #7736, .T. ) ;
#4724 = EDGE_CURVE ( 'NONE', #7778, #3032, #6034, .T. ) ;
#4725 = CARTESIAN_POINT ( 'NONE',  ( -2.247900000000000000, 0.6603999999999998800, 1.600200000000000100 ) ) ;
#4726 = CARTESIAN_POINT ( 'NONE',  ( 1.104827009083322500, 1.417319999999999700, -0.01270000000000028200 ) ) ;
#4727 = EDGE_LOOP ( 'NONE', ( #508, #1852, #5862 ) ) ;
#4728 = ORIENTED_EDGE ( 'NONE', *, *, #5366, .F. ) ;
#4729 = ORIENTED_EDGE ( 'NONE', *, *, #642, .T. ) ;
#4730 = CARTESIAN_POINT ( 'NONE',  ( -0.3886199999999958000, 0.08890000000000000700, 1.541780000000000200 ) ) ;
#4731 = CARTESIAN_POINT ( 'NONE',  ( 2.247900000000000900, 0.6299199999999998100, -0.7493747706188677000 ) ) ;
#4732 = CARTESIAN_POINT ( 'NONE',  ( -1.572260000000000900, 0.6603999999999998800, 0.4952999999999996300 ) ) ;
#4734 = ORIENTED_EDGE ( 'NONE', *, *, #7536, .T. ) ;
#4733 = CARTESIAN_POINT ( 'NONE',  ( 0.4190999999999963600, 0.6874251749453635900, -1.544342981119902800 ) ) ;
#4735 = CIRCLE ( 'NONE', #291, 0.9271000000126150600 ) ;
#4736 = FACE_OUTER_BOUND ( 'NONE', #1801, .T. ) ;
#4737 = EDGE_CURVE ( 'NONE', #1667, #3300, #6449, .T. ) ;
#4738 = CARTESIAN_POINT ( 'NONE',  ( -1.346727066632285700, 0.6603999999999996500, -0.9194799999999998500 ) ) ;
#4739 = DIRECTION ( 'NONE',  ( 1.000000000000000000, 0.0000000000000000000, 0.0000000000000000000 ) ) ;
#4740 = DIRECTION ( 'NONE',  ( -1.000000000000000000, 0.0000000000000000000, -0.0000000000000000000 ) ) ;
#4741 = ORIENTED_EDGE ( 'NONE', *, *, #3813, .F. ) ;
#4742 = B_SPLINE_CURVE_WITH_KNOTS ( 'NONE', 3,
 ( #5915, #7157, #7765, #4087 ),
 .UNSPECIFIED., .F., .F.,
 ( 4, 4 ),
 ( 6.617187058571807000E-019, 3.151979166341475500E-006 ),
 .UNSPECIFIED. ) ;
#4743 = CYLINDRICAL_SURFACE ( 'NONE', #7623, 0.03048000000000004900 ) ;
#4744 = CARTESIAN_POINT ( 'NONE',  ( 0.2586050176286650600, 0.6934202049375530800, 1.600199999999999600 ) ) ;
#4745 = CARTESIAN_POINT ( 'NONE',  ( -1.489779957083531100, 7.512325129353056000, -0.8739425149700594800 ) ) ;
#4746 = DIRECTION ( 'NONE',  ( 1.000000000000000000, 0.0000000000000000000, 0.0000000000000000000 ) ) ;
#4747 = VECTOR ( 'NONE', #451, 1000.000000000000000 ) ;
#4748 = CYLINDRICAL_SURFACE ( 'NONE', #4633, 0.03048000000000004900 ) ;
#4749 = STYLED_ITEM ( 'NONE', ( #5989 ), #7247 ) ;
#4750 = ORIENTED_EDGE ( 'NONE', *, *, #2694, .T. ) ;
#4751 = ORIENTED_EDGE ( 'NONE', *, *, #2280, .F. ) ;
#4752 = EDGE_CURVE ( 'NONE', #2713, #3291, #7670, .T. ) ;
#4753 = FACE_OUTER_BOUND ( 'NONE', #4254, .T. ) ;
#4754 = VERTEX_POINT ( 'NONE', #1387 ) ;
#4755 = CARTESIAN_POINT ( 'NONE',  ( -1.346727066632285700, 0.6602318187484317300, -0.9017795780245255700 ) ) ;
#4756 = EDGE_CURVE ( 'NONE', #2024, #1259, #1121, .T. ) ;
#4757 = ADVANCED_FACE ( 'NONE', ( #2763 ), #3928, .F. ) ;
#4758 = DIRECTION ( 'NONE',  ( 0.0000000000000000000, 1.000000000000000000, 0.0000000000000000000 ) ) ;
#4759 = ORIENTED_EDGE ( 'NONE', *, *, #7329, .T. ) ;
#4760 = ORIENTED_EDGE ( 'NONE', *, *, #4756, .T. ) ;
#4761 = PRESENTATION_STYLE_ASSIGNMENT (( #1081 ) ) ;
#4762 = CARTESIAN_POINT ( 'NONE',  ( -1.128514256475605000, 0.6603999999999997600, -1.239087928094025500 ) ) ;
#4763 = ORIENTED_EDGE ( 'NONE', *, *, #7790, .F. ) ;
#4764 = CARTESIAN_POINT ( 'NONE',  ( -0.4264427457907770700, 0.6603435624960841700, -1.571836224997077200 ) ) ;
#4765 = EDGE_LOOP ( 'NONE', ( #6505, #2071, #389, #2368 ) ) ;
#4766 = FACE_OUTER_BOUND ( 'NONE', #5790, .T. ) ;
#4767 = CARTESIAN_POINT ( 'NONE',  ( 0.2674252456276886000, 0.7153044279050161400, 1.600199999999999800 ) ) ;
#4768 = DIRECTION ( 'NONE',  ( 1.000000000000000000, 0.0000000000000000000, -0.0000000000000000000 ) ) ;
#4769 = VERTEX_POINT ( 'NONE', #5770 ) ;
#4770 = CARTESIAN_POINT ( 'NONE',  ( 2.235274770618868700, 0.6477747706188677900, 0.4952999999999997400 ) ) ;
#4771 = AXIS2_PLACEMENT_3D ( 'NONE', #7451, #5066, #1370 ) ;
#4772 = EDGE_CURVE ( 'NONE', #7728, #6896, #4405, .T. ) ;
#4773 = EDGE_CURVE ( 'NONE', #6306, #206, #4597, .T. ) ;
#4774 = CARTESIAN_POINT ( 'NONE',  ( 2.247900000000000000, 0.6299199999999998100, -0.4953000000000003000 ) ) ;
#4775 = CARTESIAN_POINT ( 'NONE',  ( -1.346727066632285500, 1.435174770618867600, -0.8889999999999995700 ) ) ;
#4776 = CARTESIAN_POINT ( 'NONE',  ( -1.516070191620298800, 0.6603999999999995400, 0.8893650299401197900 ) ) ;
#4777 = FACE_OUTER_BOUND ( 'NONE', #4918, .T. ) ;
#4778 = LINE ( 'NONE', #4381, #3148 ) ;
#4779 = AXIS2_PLACEMENT_3D ( 'NONE', #157, #4432, #750 ) ;
#4780 = DIRECTION ( 'NONE',  ( 0.0000000000000000000, 1.000000000000000000, 0.0000000000000000000 ) ) ;
#4781 = DIRECTION ( 'NONE',  ( 0.0000000000000000000, 0.0000000000000000000, 1.000000000000000000 ) ) ;
#4782 = VERTEX_POINT ( 'NONE', #7627 ) ;
#4783 = VERTEX_POINT ( 'NONE', #287 ) ;
#4784 = LINE ( 'NONE', #2378, #7853 ) ;
#4785 = CARTESIAN_POINT ( 'NONE',  ( -0.8142262148173046200, 0.6603999999999997600, -1.464895556591430800 ) ) ;
#4786 = CARTESIAN_POINT ( 'NONE',  ( -1.516070191620298500, 0.6603999999999995400, 0.8893650299401201200 ) ) ;
#4787 = VERTEX_POINT ( 'NONE', #4564 ) ;
#4788 = CARTESIAN_POINT ( 'NONE',  ( 0.4190999999903525800, 0.6605023053445308000, -1.570750303145064500 ) ) ;
#4789 = DIRECTION ( 'NONE',  ( 0.0000000000000000000, -1.000000000000000000, 0.0000000000000000000 ) ) ;
#4790 = CYLINDRICAL_SURFACE ( 'NONE', #5343, 0.03047999999999983000 ) ;
#4791 = STYLED_ITEM ( 'NONE', ( #2863 ), #4989 ) ;
#4792 = CARTESIAN_POINT ( 'NONE',  ( 0.4189406101713891700, 0.6602406101789652900, 1.572833036899923000 ) ) ;
#4793 = CARTESIAN_POINT ( 'NONE',  ( 0.2605773323775743000, 0.7238999999999994300, 1.579672279807296000 ) ) ;
#4794 = FACE_OUTER_BOUND ( 'NONE', #3230, .T. ) ;
#4795 = ORIENTED_EDGE ( 'NONE', *, *, #3206, .T. ) ;
#4797 = DIRECTION ( 'NONE',  ( 0.0000000000000000000, 0.0000000000000000000, 1.000000000000000000 ) ) ;
#4796 = AXIS2_PLACEMENT_3D ( 'NONE', #7506, #5681, #1979 ) ;
#4798 =( BOUNDED_SURFACE ( )  B_SPLINE_SURFACE ( 3, 3, (
 ( #5738, #4511, #6955, #6987 ),
 ( #7567, #7597, #276, #301 ),
 ( #832, #866, #891, #1454 ),
 ( #1480, #1507, #2064, #2095 ) ),
 .UNSPECIFIED., .F., .F., .T. )
 B_SPLINE_SURFACE_WITH_KNOTS ( ( 4, 4 ),
 ( 4, 4 ),
 ( 0.0000000000000000000, 1.000000000000000000 ),
 ( 0.0000000000000000000, 1.000000000000000000 ),
 .UNSPECIFIED. )
 GEOMETRIC_REPRESENTATION_ITEM ( )  RATIONAL_B_SPLINE_SURFACE ( (
 ( 1.000000000000000000, 0.5343517831471293900, 0.5343517831471293900, 1.000000000000000000),
 ( 0.8047378541243720400, 0.4300131073173527100, 0.4300131073173527100, 0.8047378541243720400),
 ( 0.8047378541243720400, 0.4300131073173527100, 0.4300131073173527100, 0.8047378541243720400),
 ( 1.000000000000000000, 0.5343517831471293900, 0.5343517831471293900, 1.000000000000000000) ) )
 REPRESENTATION_ITEM ( '' )  SURFACE ( )  );
#4799 = ADVANCED_FACE ( 'NONE', ( #930 ), #5033, .F. ) ;
#4800 = EDGE_LOOP ( 'NONE', ( #1114, #2544, #7763, #6655 ) ) ;
#4801 = EDGE_CURVE ( 'NONE', #3647, #1860, #4020, .T. ) ;
#4802 = CARTESIAN_POINT ( 'NONE',  ( -1.346727066632285700, 1.417319999999999700, -0.8585199999999996200 ) ) ;
#4803 = CARTESIAN_POINT ( 'NONE',  ( -0.4190999999999958100, 0.03047999999999999300, -1.569720000000000000 ) ) ;
#4804 = DIRECTION ( 'NONE',  ( 0.0000000000000000000, 1.000000000000000000, -8.880397041612045000E-017 ) ) ;
#4805 = DIRECTION ( 'NONE',  ( 1.000000000000000000, 0.0000000000000000000, 0.0000000000000000000 ) ) ;
#4806 = AXIS2_PLACEMENT_3D ( 'NONE', #1908, #1535, #1560 ) ;
#4807 = ORIENTED_EDGE ( 'NONE', *, *, #2878, .T. ) ;
#4808 = ORIENTED_EDGE ( 'NONE', *, *, #5451, .T. ) ;
#4809 =( NAMED_UNIT ( * ) SI_UNIT ( $, .STERADIAN. ) SOLID_ANGLE_UNIT ( ) );
#4810 = CARTESIAN_POINT ( 'NONE',  ( -0.4416971632238549900, 0.6603999999999996500, -1.569720000000000200 ) ) ;
#4811 = CARTESIAN_POINT ( 'NONE',  ( 0.3108362295486167800, 0.6934199999999995900, -1.600200000000000100 ) ) ;
#4812 = DIRECTION ( 'NONE',  ( 0.0000000000000000000, 0.0000000000000000000, -1.000000000000000000 ) ) ;
#4813 = DIRECTION ( 'NONE',  ( -1.000000000000000000, 0.0000000000000000000, 0.0000000000000000000 ) ) ;
#4814 = CIRCLE ( 'NONE', #970, 0.2540000000000001100 ) ;
#4815 = AXIS2_PLACEMENT_3D ( 'NONE', #6741, #6694, #6161 ) ;
#4816 = EDGE_CURVE ( 'NONE', #6657, #4498, #3596, .T. ) ;
#4817 = ORIENTED_EDGE ( 'NONE', *, *, #3441, .T. ) ;
#4818 = DIRECTION ( 'NONE',  ( 0.0000000000000000000, -1.000000000000000000, 0.0000000000000000000 ) ) ;
#4819 = EDGE_CURVE ( 'NONE', #3300, #637, #5654, .T. ) ;
#4820 = EDGE_CURVE ( 'NONE', #5332, #5381, #2362, .T. ) ;
#4821 = ORIENTED_EDGE ( 'NONE', *, *, #581, .F. ) ;
#4822 = CARTESIAN_POINT ( 'NONE',  ( 0.3108362295486158900, 0.6934199999999994800, 1.600200000000000100 ) ) ;
#4823 = DIRECTION ( 'NONE',  ( -0.0000000000000000000, -1.000000000000000000, -0.0000000000000000000 ) ) ;
#4824 = CARTESIAN_POINT ( 'NONE',  ( 1.531404489643474900, 0.6603999959238824300, 0.4641453609236937900 ) ) ;
#4825 = FACE_OUTER_BOUND ( 'NONE', #3134, .T. ) ;
#4826 = VECTOR ( 'NONE', #6897, 1000.000000000000000 ) ;
#4827 = CARTESIAN_POINT ( 'NONE',  ( -0.2285999999952137200, 1.432244377476884700, -0.6849463351385571800 ) ) ;
#4828 = ORIENTED_EDGE ( 'NONE', *, *, #4419, .T. ) ;
#4829 = CARTESIAN_POINT ( 'NONE',  ( 0.0000000000000000000, 1.417319999999999700, -1.569720000000000000 ) ) ;
#4830 = DIRECTION ( 'NONE',  ( 0.0000000000000000000, 0.0000000000000000000, -1.000000000000000000 ) ) ;
#4831 = CARTESIAN_POINT ( 'NONE',  ( 0.4191000001234635500, 0.6907460454768800100, -1.544342977257723300 ) ) ;
#4832 = ORIENTED_EDGE ( 'NONE', *, *, #7197, .F. ) ;
#4833 = CARTESIAN_POINT ( 'NONE',  ( 1.119886843146037400, 1.443977311332555800, -0.02807295451208268200 ) ) ;
#4834 = DIRECTION ( 'NONE',  ( 0.0000000000000000000, -8.880397041612045000E-017, -1.000000000000000000 ) ) ;
#4835 = VECTOR ( 'NONE', #6554, 1000.000000000000000 ) ;
#4836 = DIRECTION ( 'NONE',  ( -0.0000000000000000000, -1.000000000000000000, -0.0000000000000000000 ) ) ;
#4837 = CARTESIAN_POINT ( 'NONE',  ( 1.572260000000000900, 0.1117600000000006900, 0.4952999999999996300 ) ) ;
#4838 = ADVANCED_FACE ( 'NONE', ( #7100 ), #2792, .F. ) ;
#4839 = CARTESIAN_POINT ( 'NONE',  ( -1.686450975391813800, 0.6603999999999996500, 0.4952999999999997400 ) ) ;
#4840 = ORIENTED_EDGE ( 'NONE', *, *, #6389, .F. ) ;
#4841 = VECTOR ( 'NONE', #987, 1000.000000000000000 ) ;
#4842 = CARTESIAN_POINT ( 'NONE',  ( 0.0000000000000000000, 1.447799999999999800, -1.569720000000000000 ) ) ;
#4843 = EDGE_CURVE ( 'NONE', #7018, #6861, #5448, .T. ) ;
#4844 = CARTESIAN_POINT ( 'NONE',  ( 0.4495799999999958700, -3.388131789017201400E-018, 1.541780000000000200 ) ) ;
#4845 = ORIENTED_EDGE ( 'NONE', *, *, #3726, .T. ) ;
#4846 = CARTESIAN_POINT ( 'NONE',  ( 2.217420000000001100, 0.03048000000000004900, 0.7619999999999996800 ) ) ;
#4847 = EDGE_LOOP ( 'NONE', ( #6056, #1724, #3493, #6018 ) ) ;
#4848 = EDGE_CURVE ( 'NONE', #3682, #7907, #5843, .T. ) ;
#4849 = DIRECTION ( 'NONE',  ( -1.000000000000000000, 0.0000000000000000000, 0.0000000000000000000 ) ) ;
#4850 = CARTESIAN_POINT ( 'NONE',  ( 0.4368608976583441800, 0.6603999999999999900, 1.552532697441650200 ) ) ;
#4851 = PLANE ( 'NONE',  #6730 ) ;
#4852 = CARTESIAN_POINT ( 'NONE',  ( -2.217420000000000200, 0.0000000000000000000, 0.0000000000000000000 ) ) ;
#4853 = EDGE_LOOP ( 'NONE', ( #4569, #5118, #6624, #4480 ) ) ;
#4854 = DIRECTION ( 'NONE',  ( 1.000000000000000000, 0.0000000000000000000, 0.0000000000000000000 ) ) ;
#4855 = CARTESIAN_POINT ( 'NONE',  ( -1.333649541237734700, 0.6603999999999998800, -0.9525747706188679700 ) ) ;
#4856 = VERTEX_POINT ( 'NONE', #6472 ) ;
#4857 = VECTOR ( 'NONE', #3761, 1000.000000000000000 ) ;
#4858 = ORIENTED_EDGE ( 'NONE', *, *, #7106, .T. ) ;
#4859 = STYLED_ITEM ( 'NONE', ( #6563 ), #7589 ) ;
#4860 = CARTESIAN_POINT ( 'NONE',  ( 2.247900000000000900, 0.01262522938113201300, 0.5079252293811316000 ) ) ;
#4861 = CARTESIAN_POINT ( 'NONE',  ( 0.4190999999999959200, 0.7238999999999999900, 1.587574770618868300 ) ) ;
#4862 = CARTESIAN_POINT ( 'NONE',  ( 1.104827009083322500, 1.417319999999999700, 0.01270000000000016900 ) ) ;
#4863 = DIRECTION ( 'NONE',  ( 0.0000000000000000000, 0.0000000000000000000, 1.000000000000000000 ) ) ;
#4864 = DIRECTION ( 'NONE',  ( 0.0000000000000000000, 0.0000000000000000000, -1.000000000000000000 ) ) ;
#4865 = ORIENTED_EDGE ( 'NONE', *, *, #7177, .T. ) ;
#4866 = VECTOR ( 'NONE', #5246, 1000.000000000000000 ) ;
#4867 = CARTESIAN_POINT ( 'NONE',  ( -1.463489722546762000, 1.447798646295080700, 0.8582327370205575800 ) ) ;
#4868 = ORIENTED_EDGE ( 'NONE', *, *, #2331, .F. ) ;
#4869 = CARTESIAN_POINT ( 'NONE',  ( -1.346727066632285700, 0.6908799999999996100, -0.9194799999999996300 ) ) ;
#4870 = CARTESIAN_POINT ( 'NONE',  ( -0.4190999999999957500, 0.05842000000000000700, -1.511300000000000300 ) ) ;
#4871 = EDGE_LOOP ( 'NONE', ( #2037, #6637, #6764, #2340 ) ) ;
#4872 = EDGE_CURVE ( 'NONE', #2675, #5279, #2150, .T. ) ;
#4873 = CARTESIAN_POINT ( 'NONE',  ( 0.2285999999977203800, 1.439731320862911400, 0.6798994845511674400 ) ) ;
#4874 = VERTEX_POINT ( 'NONE', #7126 ) ;
#4875 = LINE ( 'NONE', #2419, #3833 ) ;
#4876 = ORIENTED_EDGE ( 'NONE', *, *, #2715, .T. ) ;
#4877 = CARTESIAN_POINT ( 'NONE',  ( 1.543590831146648200, 0.6908799999999996100, 0.5257799999999999100 ) ) ;
#4878 = CARTESIAN_POINT ( 'NONE',  ( -1.572260000000000900, 0.1117600000000006900, 0.4952999999999996300 ) ) ;
#4879 = ADVANCED_FACE ( 'NONE', ( #5259 ), #1976, .F. ) ;
#4880 = CARTESIAN_POINT ( 'NONE',  ( 1.514738666078486500, 0.6908799999999996100, -0.5159523364485985000 ) ) ;
#4881 = EDGE_LOOP ( 'NONE', ( #329, #92, #65, #714, #1337, #914, #4291, #3333 ) ) ;
#4882 = EDGE_CURVE ( 'NONE', #1389, #2571, #3634, .T. ) ;
#4883 = AXIS2_PLACEMENT_3D ( 'NONE', #4624, #5243, #3391 ) ;
#4884 = DIRECTION ( 'NONE',  ( -0.5059880239520958600, 0.0000000000000000000, -0.8625405031748093500 ) ) ;
#4885 = FACE_OUTER_BOUND ( 'NONE', #4468, .T. ) ;
#4886 = CARTESIAN_POINT ( 'NONE',  ( -0.4191000001234631000, 0.6907460454768802300, 1.544342977257723500 ) ) ;
#4887 = LINE ( 'NONE', #288, #3061 ) ;
#4888 = CARTESIAN_POINT ( 'NONE',  ( -2.247900000000000000, 0.01262522938113196400, -1.569720000000000000 ) ) ;
#4889 = CARTESIAN_POINT ( 'NONE',  ( 1.104827009083322800, 1.424962593944250700, 0.01270000000000068800 ) ) ;
#4890 = EDGE_LOOP ( 'NONE', ( #6619, #6484, #2258, #2350, #728, #7568, #6184, #2588 ) ) ;
#4891 = DIRECTION ( 'NONE',  ( -1.000000000000000000, 0.0000000000000000000, 0.0000000000000000000 ) ) ;
#4892 = VERTEX_POINT ( 'NONE', #413 ) ;
#4893 = CARTESIAN_POINT ( 'NONE',  ( -2.247900000000000500, 0.6477747706188679000, 1.580179082475471800 ) ) ;
#4894 = VERTEX_POINT ( 'NONE', #4078 ) ;
#4895 = CARTESIAN_POINT ( 'NONE',  ( 1.569125987930860800, 1.447800000000000000, 0.04317999999999980200 ) ) ;
#4896 = AXIS2_PLACEMENT_3D ( 'NONE', #5863, #2166, #6482 ) ;
#4897 = CYLINDRICAL_SURFACE ( 'NONE', #4901, 0.7239000000000001000 ) ;
#4898 = ORIENTED_EDGE ( 'NONE', *, *, #7411, .F. ) ;
#4899 = CARTESIAN_POINT ( 'NONE',  ( -1.484294868104226700, 1.417319999999999700, 0.8834291058733581000 ) ) ;
#4900 = EDGE_CURVE ( 'NONE', #179, #7794, #747, .T. ) ;
#4901 = AXIS2_PLACEMENT_3D ( 'NONE', #7633, #7029, #3334 ) ;
#4902 = ORIENTED_EDGE ( 'NONE', *, *, #7508, .F. ) ;
#4903 = DIRECTION ( 'NONE',  ( -1.778546870875168500E-015, 0.0000000000000000000, 1.000000000000000000 ) ) ;
#4904 = LINE ( 'NONE', #4614, #44 ) ;
#4905 = DIRECTION ( 'NONE',  ( 0.0000000000000000000, 0.0000000000000000000, 1.000000000000000000 ) ) ;
#4906 = DIRECTION ( 'NONE',  ( 0.0000000000000000000, 0.0000000000000000000, -1.000000000000000000 ) ) ;
#4907 = AXIS2_PLACEMENT_3D ( 'NONE', #2839, #7141, #3460 ) ;
#4908 = ADVANCED_FACE ( 'NONE', ( #6904 ), #3437, .T. ) ;
#4909 = CARTESIAN_POINT ( 'NONE',  ( -0.4495799999999960900, 0.03047999999999999000, -1.541780000000000400 ) ) ;
#4910 = CARTESIAN_POINT ( 'NONE',  ( -0.4190999999939393800, 0.6619699003282417700, 1.564605060752515300 ) ) ;
#4911 = EDGE_CURVE ( 'NONE', #7533, #3945, #735, .T. ) ;
#4912 = CARTESIAN_POINT ( 'NONE',  ( 2.247900000000001300, 0.03048000000000004900, -0.5257800000000004700 ) ) ;
#4913 = CARTESIAN_POINT ( 'NONE',  ( 1.107907426645801800, 1.433577480960820600, 0.01594960845524274300 ) ) ;
#4914 = CARTESIAN_POINT ( 'NONE',  ( -1.346727066632285300, 0.6908799999999999400, 0.9194800000000004100 ) ) ;
#4915 = CARTESIAN_POINT ( 'NONE',  ( 1.514828402163096400, 0.9144000000000001000, 0.3810000000000000100 ) ) ;
#4916 = ORIENTED_EDGE ( 'NONE', *, *, #6246, .T. ) ;
#4917 = DIRECTION ( 'NONE',  ( 0.0000000000000000000, 0.0000000000000000000, -1.000000000000000000 ) ) ;
#4918 = EDGE_LOOP ( 'NONE', ( #7687, #2653, #5829, #5256 ) ) ;
#4919 = CARTESIAN_POINT ( 'NONE',  ( 1.397074770618876400, 0.6603999999999998800, -1.600200000000000100 ) ) ;
#4920 = DIRECTION ( 'NONE',  ( 0.0000000000000000000, -1.000000000000000000, 0.0000000000000000000 ) ) ;
#4921 = ADVANCED_FACE ( 'NONE', ( #1786 ), #3626, .F. ) ;
#4922 = ORIENTED_EDGE ( 'NONE', *, *, #7520, .T. ) ;
#4923 = ORIENTED_EDGE ( 'NONE', *, *, #5803, .F. ) ;
#4924 = CARTESIAN_POINT ( 'NONE',  ( 0.6639629227717918100, 1.447799999999999800, -1.135380000000000100 ) ) ;
#4925 = DIRECTION ( 'NONE',  ( 0.0000000000000000000, -1.000000000000000000, 0.0000000000000000000 ) ) ;
#4926 = ORIENTED_EDGE ( 'NONE', *, *, #3926, .F. ) ;
#4927 = CARTESIAN_POINT ( 'NONE',  ( 1.572260000000000900, 0.0000000000000000000, 0.4952999999999996300 ) ) ;
#4928 = AXIS2_PLACEMENT_3D ( 'NONE', #6726, #3045, #7349 ) ;
#4929 = LINE ( 'NONE', #1954, #1651 ) ;
#4930 = EDGE_CURVE ( 'NONE', #7079, #6005, #7286, .T. ) ;
#4931 = PLANE ( 'NONE',  #2443 ) ;
#4932 = AXIS2_PLACEMENT_3D ( 'NONE', #604, #4426, #5047 ) ;
#4933 = EDGE_CURVE ( 'NONE', #3096, #7822, #193, .T. ) ;
#4934 = VECTOR ( 'NONE', #5280, 1000.000000000000000 ) ;
#4935 = VERTEX_POINT ( 'NONE', #10 ) ;
#4936 = CARTESIAN_POINT ( 'NONE',  ( -0.2285999999999999700, 1.447800000000000000, 0.2492998462360804800 ) ) ;
#4937 = ORIENTED_EDGE ( 'NONE', *, *, #6246, .F. ) ;
#4938 = DIRECTION ( 'NONE',  ( 0.0000000000000000000, 0.0000000000000000000, -1.000000000000000000 ) ) ;
#4939 = LINE ( 'NONE', #1894, #3111 ) ;
#4940 = CARTESIAN_POINT ( 'NONE',  ( -2.217420000000000200, 0.03048000000000004900, 1.569720000000000000 ) ) ;
#4941 = DIRECTION ( 'NONE',  ( 0.0000000000000000000, -1.000000000000000000, 0.0000000000000000000 ) ) ;
#4942 = AXIS2_PLACEMENT_3D ( 'NONE', #1752, #6074, #2372 ) ;
#4943 =( BOUNDED_CURVE ( )  B_SPLINE_CURVE ( 3, ( #1810, #2339, #1746, #1720 ),
 .UNSPECIFIED., .F., .T. )
 B_SPLINE_CURVE_WITH_KNOTS ( ( 4, 4 ),
 ( 0.0000000000000000000, 1.570796326794896600 ),
 .UNSPECIFIED. )
 CURVE ( )  GEOMETRIC_REPRESENTATION_ITEM ( )  RATIONAL_B_SPLINE_CURVE ( ( 1.000000000000000000, 0.8047378541243649400, 0.8047378541243649400, 1.000000000000000000 ) )
 REPRESENTATION_ITEM ( '' )  );
#4944 = CARTESIAN_POINT ( 'NONE',  ( -0.2920999999999991400, 1.447800000000000000, -0.01269999999999999800 ) ) ;
#4945 = CARTESIAN_POINT ( 'NONE',  ( 1.599574732759333900, 1.323539651014852700, 0.1178157835034201900 ) ) ;
#4946 = FACE_OUTER_BOUND ( 'NONE', #2770, .T. ) ;
#4947 = CARTESIAN_POINT ( 'NONE',  ( -0.4190999999999958100, 0.7238999999999998800, 1.569720000000000000 ) ) ;
#4948 = DIRECTION ( 'NONE',  ( -0.0000000000000000000, -1.000000000000000000, -0.0000000000000000000 ) ) ;
#4949 = VECTOR ( 'NONE', #6445, 1000.000000000000000 ) ;
#4950 = DIRECTION ( 'NONE',  ( -1.000000000000000000, 0.0000000000000000000, 0.0000000000000000000 ) ) ;
#4951 = B_SPLINE_CURVE_WITH_KNOTS ( 'NONE', 3,
 ( #632, #3101, #3734, #78 ),
 .UNSPECIFIED., .F., .F.,
 ( 4, 4 ),
 ( 0.0000000000000000000, 1.000000000000000000 ),
 .UNSPECIFIED. ) ;
#4952 = ADVANCED_FACE ( 'NONE', ( #6521 ), #1600, .T. ) ;
#4953 = ORIENTED_EDGE ( 'NONE', *, *, #3737, .T. ) ;
#4954 = ORIENTED_EDGE ( 'NONE', *, *, #1059, .T. ) ;
#4955 = CARTESIAN_POINT ( 'NONE',  ( 0.4495799999999962000, 0.03047999999999999000, -1.600200000000000500 ) ) ;
#4956 = VECTOR ( 'NONE', #2778, 1000.000000000000000 ) ;
#4957 = ORIENTED_EDGE ( 'NONE', *, *, #1281, .F. ) ;
#4958 = EDGE_CURVE ( 'NONE', #1713, #3390, #4875, .T. ) ;
#4959 = AXIS2_PLACEMENT_3D ( 'NONE', #7096, #3406, #7701 ) ;
#4960 = CARTESIAN_POINT ( 'NONE',  ( -0.4190999999999958600, 0.03047999999999999000, -1.523925229381132500 ) ) ;
#4961 = DIRECTION ( 'NONE',  ( 1.000000000000000000, -0.0000000000000000000, 0.0000000000000000000 ) ) ;
#4962 = DIRECTION ( 'NONE',  ( 0.0000000000000000000, 1.000000000000000000, -0.0000000000000000000 ) ) ;
#4963 = CARTESIAN_POINT ( 'NONE',  ( 0.4334411414813528200, 0.6908799999999996100, 1.540379439252336400 ) ) ;
#4964 = ORIENTED_EDGE ( 'NONE', *, *, #6632, .T. ) ;
#4965 = VERTEX_POINT ( 'NONE', #7146 ) ;
#4966 = EDGE_CURVE ( 'NONE', #2736, #3705, #5079, .T. ) ;
#4967 = LINE ( 'NONE', #1695, #820 ) ;
#4968 = CARTESIAN_POINT ( 'NONE',  ( 0.0000000000000000000, 1.257299999999999900, 0.0000000000000000000 ) ) ;
#4969 = CARTESIAN_POINT ( 'NONE',  ( 0.4116828317801643500, 0.6629770323487447200, -1.546336904164327800 ) ) ;
#4970 = ORIENTED_EDGE ( 'NONE', *, *, #3127, .F. ) ;
#4971 = ADVANCED_FACE ( 'NONE', ( #19 ), #1413, .T. ) ;
#4972 = CARTESIAN_POINT ( 'NONE',  ( -0.2285999999999999700, 1.447800000000000000, 0.2199704525612475900 ) ) ;
#4973 = DIRECTION ( 'NONE',  ( 9.427635668924778100E-016, -1.000000000000000000, 0.0000000000000000000 ) ) ;
#4974 = DIRECTION ( 'NONE',  ( 0.0000000000000000000, 0.0000000000000000000, -1.000000000000000000 ) ) ;
#4975 = ORIENTED_EDGE ( 'NONE', *, *, #3574, .F. ) ;
#4976 = CARTESIAN_POINT ( 'NONE',  ( -2.247900000000000000, 0.6603999999999998800, -0.5257800000000004700 ) ) ;
#4977 = CARTESIAN_POINT ( 'NONE',  ( 2.217132737020559100, 0.6603986462950802700, 0.7672287482557538200 ) ) ;
#4978 = LINE ( 'NONE', #5100, #3922 ) ;
#4979 = AXIS2_PLACEMENT_3D ( 'NONE', #1911, #1857, #1329 ) ;
#4980 = ORIENTED_EDGE ( 'NONE', *, *, #1972, .T. ) ;
#4981 = CARTESIAN_POINT ( 'NONE',  ( -2.217420000000000200, 0.6603999999999997600, 0.4952999999999995200 ) ) ;
#4982 = CARTESIAN_POINT ( 'NONE',  ( 1.155700000000000400, 0.08890000000000000700, 0.4952999999999996300 ) ) ;
#4983 =( BOUNDED_CURVE ( )  B_SPLINE_CURVE ( 3, ( #5535, #1233, #6777, #3091 ),
 .UNSPECIFIED., .F., .F. )
 B_SPLINE_CURVE_WITH_KNOTS ( ( 4, 4 ),
 ( 0.0000000000000000000, 1.000000000000000000 ),
 .UNSPECIFIED. )
 CURVE ( )  GEOMETRIC_REPRESENTATION_ITEM ( )  RATIONAL_B_SPLINE_CURVE ( ( 1.000000000000000000, 0.3333333333333333700, 0.3333333333333333700, 1.000000000000000000 ) )
 REPRESENTATION_ITEM ( '' )  );
#4984 = VECTOR ( 'NONE', #5833, 1000.000000000000000 ) ;
#4985 = CARTESIAN_POINT ( 'NONE',  ( 1.397074770618876600, 1.050320854595332400E-016, -1.569719999999999800 ) ) ;
#4986 = CIRCLE ( 'NONE', #5511, 1.727200000000000100 ) ;
#4987 = EDGE_CURVE ( 'NONE', #7050, #1262, #4687, .T. ) ;
#4988 = EDGE_CURVE ( 'NONE', #4605, #2123, #3052, .T. ) ;
#4989 = MANIFOLD_SOLID_BREP ( 'Metal Ring', #6412 ) ;
#4990 = DIRECTION ( 'NONE',  ( 1.000000000000000000, 0.0000000000000000000, 0.0000000000000000000 ) ) ;
#4991 = CARTESIAN_POINT ( 'NONE',  ( -0.4495799999999958700, -3.388131789017201400E-018, -1.541780000000000400 ) ) ;
#4992 = CARTESIAN_POINT ( 'NONE',  ( -0.4495799999999958700, 0.03048000000000004900, 1.569720000000000000 ) ) ;
#4993 = ORIENTED_EDGE ( 'NONE', *, *, #6633, .F. ) ;
#4994 = EDGE_LOOP ( 'NONE', ( #3854, #1333, #6185, #3819 ) ) ;
#4995 = DIRECTION ( 'NONE',  ( -0.0000000000000000000, -1.000000000000000000, -0.0000000000000000000 ) ) ;
#4996 = CARTESIAN_POINT ( 'NONE',  ( 0.4190999999999962500, 0.02002091752452764600, -1.587574770618868300 ) ) ;
#4997 = FACE_OUTER_BOUND ( 'NONE', #7004, .T. ) ;
#4998 = CARTESIAN_POINT ( 'NONE',  ( 1.518717921696329800, 1.014502737607540600, 0.3673294145501403400 ) ) ;
#4999 = CARTESIAN_POINT ( 'NONE',  ( 0.4109758215997531500, 0.6905574796038472800, -1.546524786112540400 ) ) ;
#5000 = ORIENTED_EDGE ( 'NONE', *, *, #7433, .F. ) ;
#5001 = CARTESIAN_POINT ( 'NONE',  ( 0.3108362295486158900, 0.7238999999999993200, 1.600199999999999800 ) ) ;
#5002 = CARTESIAN_POINT ( 'NONE',  ( -1.463489722546762700, 0.6730252293811316300, -0.8889999999999996800 ) ) ;
#5003 = PLANE ( 'NONE',  #7129 ) ;
#5004 = CARTESIAN_POINT ( 'NONE',  ( -1.866900000000000000, 0.6603999999999997600, 1.485825229381132000 ) ) ;
#5005 = LINE ( 'NONE', #3697, #3356 ) ;
#5006 = CARTESIAN_POINT ( 'NONE',  ( -0.3108362295486161200, 0.6934199999999994800, 1.600200000000000100 ) ) ;
#5007 = CARTESIAN_POINT ( 'NONE',  ( 0.6535215677316086300, 1.447799999999999800, 1.117525229381132000 ) ) ;
#5008 = CARTESIAN_POINT ( 'NONE',  ( 2.217132737020558700, 0.6603986462950808300, 0.7493747706188682600 ) ) ;
#5009 = LINE ( 'NONE', #4870, #306 ) ;
#5010 = ORIENTED_EDGE ( 'NONE', *, *, #5115, .T. ) ;
#5011 = ORIENTED_EDGE ( 'NONE', *, *, #1888, .T. ) ;
#5012 = CARTESIAN_POINT ( 'NONE',  ( -0.4050586345784436500, 0.6463586345784476700, 1.600199999999999600 ) ) ;
#5013 = EDGE_CURVE ( 'NONE', #259, #1896, #904, .T. ) ;
#5014 = AXIS2_PLACEMENT_3D ( 'NONE', #6857, #3798, #139 ) ;
#5015 = ADVANCED_FACE ( 'NONE', ( #6137 ), #668, .F. ) ;
#5016 = CARTESIAN_POINT ( 'NONE',  ( -0.2285999999999999700, 1.422399999999999900, -0.2199704525612475300 ) ) ;
#5017 = DIRECTION ( 'NONE',  ( 0.0000000000000000000, -1.000000000000000000, 1.454732309464923200E-015 ) ) ;
#5018 = CARTESIAN_POINT ( 'NONE',  ( 1.412927103711797000, 0.6573780311956918300, 1.585577996100653100 ) ) ;
#5019 = CARTESIAN_POINT ( 'NONE',  ( 0.2674252480432783300, 0.7153044283831953000, -1.600199999999999800 ) ) ;
#5020 = DIRECTION ( 'NONE',  ( 0.0000000000000000000, 0.0000000000000000000, -1.000000000000000000 ) ) ;
#5021 = ORIENTED_EDGE ( 'NONE', *, *, #5344, .T. ) ;
#5022 = DIRECTION ( 'NONE',  ( -0.0000000000000000000, 1.000000000000000000, -0.0000000000000000000 ) ) ;
#5023 = PLANE ( 'NONE',  #2646 ) ;
#5024 = EDGE_LOOP ( 'NONE', ( #821, #2348, #3631, #4222, #4600, #1642, #2535 ) ) ;
#5025 = CARTESIAN_POINT ( 'NONE',  ( 0.4190999999999962500, 0.01262522938113191600, -1.580179082475472000 ) ) ;
#5026 = CARTESIAN_POINT ( 'NONE',  ( 1.529390471656508500, 1.108570479738613100, 0.3276169381269202200 ) ) ;
#5027 = FACE_OUTER_BOUND ( 'NONE', #267, .T. ) ;
#5028 = CARTESIAN_POINT ( 'NONE',  ( -0.4190999999999958100, 0.6607081245621814200, -1.569720000142649000 ) ) ;
#5029 = CARTESIAN_POINT ( 'NONE',  ( -1.463489722546762000, 0.6908799999999996100, 0.9194800000000001900 ) ) ;
#5030 = CARTESIAN_POINT ( 'NONE',  ( -1.866900000000000000, 0.6603999999999997600, 0.9347200000000006600 ) ) ;
#5031 = ORIENTED_EDGE ( 'NONE', *, *, #622, .F. ) ;
#5032 = CLOSED_SHELL ( 'NONE', ( #191, #5161, #4125, #152 ) ) ;
#5033 =( BOUNDED_SURFACE ( )  B_SPLINE_SURFACE ( 3, 2, (
 ( #6392, #5181, #1494 ),
 ( #5797, #2107, #6421 ),
 ( #2733, #7042, #3352 ),
 ( #7655, #3973, #314 ) ),
 .UNSPECIFIED., .F., .F., .F. )
 B_SPLINE_SURFACE_WITH_KNOTS ( ( 4, 4 ),
 ( 3, 3 ),
 ( 0.0002036636740231930000, 0.0003019875899357582100 ),
 ( 0.0000000000000000000, 1.000000000000000000 ),
 .UNSPECIFIED. )
 GEOMETRIC_REPRESENTATION_ITEM ( )  RATIONAL_B_SPLINE_SURFACE ( (
 ( 1.000000000000000000, 0.7071067811865487900, 1.000000000000000000),
 ( 1.000000000000000000, 0.6478435212288998800, 1.000000000000000000),
 ( 1.000000000000000000, 0.5959902030496935200, 1.000000000000000000),
 ( 1.000000000000000000, 0.5978982987318751700, 1.000000000000000000) ) )
 REPRESENTATION_ITEM ( '' )  SURFACE ( )  );
#5034 = CARTESIAN_POINT ( 'NONE',  ( -0.1053185930897017300, 0.7239000007291891400, 1.597584000893955900 ) ) ;
#5035 = DIRECTION ( 'NONE',  ( 0.0000000000000000000, 0.0000000000000000000, 1.000000000000000000 ) ) ;
#5036 = CIRCLE ( 'NONE', #1744, 0.03047999999999983000 ) ;
#5037 = DIRECTION ( 'NONE',  ( 0.0000000000000000000, 0.0000000000000000000, 1.000000000000000000 ) ) ;
#5038 = CARTESIAN_POINT ( 'NONE',  ( 0.0000000000000000000, 0.6603999999999998800, 0.0000000000000000000 ) ) ;
#5039 = CARTESIAN_POINT ( 'NONE',  ( 1.518298106020681900, 1.447799999999999800, 1.890223779915317000 ) ) ;
#5040 = CARTESIAN_POINT ( 'NONE',  ( -0.3886199999999958000, 0.05842000000000000000, 1.511300000000000100 ) ) ;
#5041 = ORIENTED_EDGE ( 'NONE', *, *, #4067, .T. ) ;
#5042 = VECTOR ( 'NONE', #976, 1000.000000000000000 ) ;
#5043 = CARTESIAN_POINT ( 'NONE',  ( -1.500669728786630000, 0.6603999999999994300, -0.8803307298365604700 ) ) ;
#5044 = CARTESIAN_POINT ( 'NONE',  ( -2.217420000000000200, 0.03047999999999999700, 1.569720000000000000 ) ) ;
#5045 = CARTESIAN_POINT ( 'NONE',  ( 1.959679807995591400E-016, 0.7238999999999998800, -1.600200000000000100 ) ) ;
#5046 = EDGE_CURVE ( 'NONE', #6007, #6798, #3989, .T. ) ;
#5047 = DIRECTION ( 'NONE',  ( 0.0000000000000000000, 0.0000000000000000000, -1.000000000000000000 ) ) ;
#5048 = EDGE_LOOP ( 'NONE', ( #7038, #6640, #5396, #4828 ) ) ;
#5049 = CARTESIAN_POINT ( 'NONE',  ( -1.588843853677687000, 0.6603999999999995400, -0.7653102537053445600 ) ) ;
#5050 = LINE ( 'NONE', #398, #4841 ) ;
#5051 = CARTESIAN_POINT ( 'NONE',  ( 0.4190999999999961400, 0.01262522938113191600, -1.569720000000000000 ) ) ;
#5052 = ADVANCED_FACE ( 'NONE', ( #720 ), #4430, .F. ) ;
#5053 = ORIENTED_EDGE ( 'NONE', *, *, #7705, .F. ) ;
#5054 = CARTESIAN_POINT ( 'NONE',  ( -0.4191000001234629900, 0.6907460454768802300, -1.544342977257723300 ) ) ;
#5055 = LINE ( 'NONE', #4919, #356 ) ;
#5056 = CARTESIAN_POINT ( 'NONE',  ( 0.0000000000000000000, 0.0000000000000000000, -1.480820000000000200 ) ) ;
#5057 = AXIS2_PLACEMENT_3D ( 'NONE', #3404, #7699, #2789 ) ;
#5058 = EDGE_CURVE ( 'NONE', #7476, #7372, #3001, .T. ) ;
#5059 = CARTESIAN_POINT ( 'NONE',  ( 1.366919551519828900, 0.6603999999999997600, -1.044453527633046000 ) ) ;
#5060 = EDGE_LOOP ( 'NONE', ( #7837, #4205, #6435, #6815 ) ) ;
#5061 = CARTESIAN_POINT ( 'NONE',  ( 0.0000000000000000000, 1.417319999999999700, 0.0000000000000000000 ) ) ;
#5062 = VERTEX_POINT ( 'NONE', #715 ) ;
#5063 = FACE_OUTER_BOUND ( 'NONE', #4548, .T. ) ;
#5064 = VERTEX_POINT ( 'NONE', #4221 ) ;
#5065 = CARTESIAN_POINT ( 'NONE',  ( 1.405318419487914000, 0.03048000000000003800, 1.600199999999999800 ) ) ;
#5066 = DIRECTION ( 'NONE',  ( 0.0000000000000000000, 0.0000000000000000000, -1.000000000000000000 ) ) ;
#5067 = ORIENTED_EDGE ( 'NONE', *, *, #3532, .F. ) ;
#5068 = LINE ( 'NONE', #3208, #4676 ) ;
#5069 = DIRECTION ( 'NONE',  ( 1.000000000000000000, 0.0000000000000000000, 0.0000000000000000000 ) ) ;
#5070 = CARTESIAN_POINT ( 'NONE',  ( -1.516380000000000500, 0.6603999999999998800, 0.4952999999999996300 ) ) ;
#5071 = EDGE_LOOP ( 'NONE', ( #7550, #2858, #2663, #2886 ) ) ;
#5072 = DIRECTION ( 'NONE',  ( 0.0000000000000000000, 0.0000000000000000000, -1.000000000000000000 ) ) ;
#5073 = DIRECTION ( 'NONE',  ( 0.0000000000000000000, 1.000000000000000000, 0.0000000000000000000 ) ) ;
#5074 = CARTESIAN_POINT ( 'NONE',  ( 0.4317252293811282300, 0.03048000000000004900, -1.600200000000000300 ) ) ;
#5075 = EDGE_CURVE ( 'NONE', #1457, #1379, #5426, .T. ) ;
#5076 = ORIENTED_EDGE ( 'NONE', *, *, #3280, .T. ) ;
#5077 = VERTEX_POINT ( 'NONE', #6824 ) ;
#5078 = CARTESIAN_POINT ( 'NONE',  ( 8.865218179027691600E-017, 0.6603999999999997600, 0.7239000000000001000 ) ) ;
#5079 = CIRCLE ( 'NONE', #5210, 0.03047999999999999300 ) ;
#5080 = ORIENTED_EDGE ( 'NONE', *, *, #268, .F. ) ;
#5081 = DIRECTION ( 'NONE',  ( -1.000000000000000000, -0.0000000000000000000, -0.0000000000000000000 ) ) ;
#5082 = DIRECTION ( 'NONE',  ( 0.0000000000000000000, -1.000000000000000000, 0.0000000000000000000 ) ) ;
#5083 = CARTESIAN_POINT ( 'NONE',  ( -0.2285999999999999700, 1.447800000000000000, -0.2492998462360804800 ) ) ;
#5084 = EDGE_LOOP ( 'NONE', ( #5827, #1197, #6417, #6019 ) ) ;
#5085 = DIRECTION ( 'NONE',  ( 0.0000000000000000000, 3.414809992080328700E-015, -1.000000000000000000 ) ) ;
#5086 = CARTESIAN_POINT ( 'NONE',  ( 1.483397385309444900, 0.6299199999999998100, -1.483397385309431100 ) ) ;
#5087 = VECTOR ( 'NONE', #5452, 1000.000000000000000 ) ;
#5088 = VECTOR ( 'NONE', #2684, 1000.000000000000000 ) ;
#5089 = ADVANCED_FACE ( 'NONE', ( #2336 ), #5234, .T. ) ;
#5090 = ORIENTED_EDGE ( 'NONE', *, *, #5997, .F. ) ;
#5091 = ORIENTED_EDGE ( 'NONE', *, *, #4718, .F. ) ;
#5092 = ORIENTED_EDGE ( 'NONE', *, *, #6414, .T. ) ;
#5093 = EDGE_CURVE ( 'NONE', #5205, #4382, #530, .T. ) ;
#5094 = DIRECTION ( 'NONE',  ( 0.0000000000000000000, 0.0000000000000000000, -1.000000000000000000 ) ) ;
#5095 = EDGE_CURVE ( 'NONE', #7476, #7079, #6879, .T. ) ;
#5096 = FACE_OUTER_BOUND ( 'NONE', #814, .T. ) ;
#5097 = LINE ( 'NONE', #6562, #2883 ) ;
#5098 = VERTEX_POINT ( 'NONE', #4248 ) ;
#5099 = CARTESIAN_POINT ( 'NONE',  ( 1.418627385309442900, 0.03048000000000002800, 1.591272614690565800 ) ) ;
#5100 = CARTESIAN_POINT ( 'NONE',  ( 0.0000000000000000000, 0.6603999999999998800, -1.569720000000000000 ) ) ;
#5101 = PLANE ( 'NONE',  #3362 ) ;
#5102 = ORIENTED_EDGE ( 'NONE', *, *, #5875, .F. ) ;
#5103 = CARTESIAN_POINT ( 'NONE',  ( 0.4190999999999962000, 0.7238999999999996500, -1.544342976802757900 ) ) ;
#5104 = CARTESIAN_POINT ( 'NONE',  ( 0.4317252293811282300, 0.01262522938113180700, -1.600200000000000300 ) ) ;
#5105 = FACE_OUTER_BOUND ( 'NONE', #2723, .T. ) ;
#5106 = DIRECTION ( 'NONE',  ( 0.0000000000000000000, 1.000000000000000000, 0.0000000000000000000 ) ) ;
#5107 = CARTESIAN_POINT ( 'NONE',  ( -2.247900000000000000, 0.02002091752452776100, 1.587574770618868100 ) ) ;
#5108 = CARTESIAN_POINT ( 'NONE',  ( -2.247900000000000000, 0.6477747706188679000, -1.569720000000000000 ) ) ;
#5109 = CARTESIAN_POINT ( 'NONE',  ( -0.4495799999999958700, -3.388131789017201400E-018, -1.541780000000000400 ) ) ;
#5110 = DIRECTION ( 'NONE',  ( 0.0000000000000000000, -0.0000000000000000000, 1.000000000000000000 ) ) ;
#5111 = DIRECTION ( 'NONE',  ( 1.000000000000000000, 0.0000000000000000000, -0.0000000000000000000 ) ) ;
#5112 = CARTESIAN_POINT ( 'NONE',  ( -1.039312762538662400, 1.437278975515723600, 0.4305577035952889400 ) ) ;
#5113 = CARTESIAN_POINT ( 'NONE',  ( -2.247900000000000000, 0.6603999999999998800, -0.4953000000000003000 ) ) ;
#5114 = CARTESIAN_POINT ( 'NONE',  ( -2.247900000000000000, 0.03048000000000004900, 1.600200000000000100 ) ) ;
#5115 = EDGE_CURVE ( 'NONE', #2086, #7842, #2151, .T. ) ;
#5116 = EDGE_LOOP ( 'NONE', ( #4102, #7276, #552 ) ) ;
#5117 = CARTESIAN_POINT ( 'NONE',  ( -3.252606517456513800E-016, 1.435174770618868000, -1.600200000000000100 ) ) ;
#5118 = ORIENTED_EDGE ( 'NONE', *, *, #1793, .T. ) ;
#5119 = EDGE_CURVE ( 'NONE', #4787, #7449, #1561, .T. ) ;
#5120 = CARTESIAN_POINT ( 'NONE',  ( 2.247900000000001300, 0.03048000000000015600, -0.7673632544943584900 ) ) ;
#5121 = CARTESIAN_POINT ( 'NONE',  ( 2.247900000000000900, 0.6299199999999998100, 0.5257799999999996900 ) ) ;
#5122 = FACE_OUTER_BOUND ( 'NONE', #30, .T. ) ;
#5123 = CARTESIAN_POINT ( 'NONE',  ( 0.4317252293811282300, -1.031606856961805300E-017, -1.587574770618868300 ) ) ;
#5124 = ORIENTED_EDGE ( 'NONE', *, *, #662, .T. ) ;
#5125 = ORIENTED_EDGE ( 'NONE', *, *, #5959, .F. ) ;
#5126 = ADVANCED_FACE ( 'NONE', ( #3606 ), #6492, .T. ) ;
#5127 = CARTESIAN_POINT ( 'NONE',  ( 1.581448041105050400, 1.297559586667947700, -0.01270000000103311200 ) ) ;
#5128 = VERTEX_POINT ( 'NONE', #6133 ) ;
#5129 = CYLINDRICAL_SURFACE ( 'NONE', #5726, 0.03047999999999999300 ) ;
#5130 = CARTESIAN_POINT ( 'NONE',  ( 1.550167060504905600, 0.6417856205799612500, 0.4953071416838505900 ) ) ;
#5131 = CARTESIAN_POINT ( 'NONE',  ( 2.235120421975475700, 0.6605681812515679100, -0.7673280595339672100 ) ) ;
#5132 = ORIENTED_EDGE ( 'NONE', *, *, #875, .F. ) ;
#5133 = LINE ( 'NONE', #6187, #3688 ) ;
#5134 = DIRECTION ( 'NONE',  ( 0.0000000000000000000, 0.0000000000000000000, -1.000000000000000000 ) ) ;
#5135 = EDGE_CURVE ( 'NONE', #7395, #4382, #3412, .T. ) ;
#5136 = DIRECTION ( 'NONE',  ( 0.0000000000000000000, 0.0000000000000000000, -1.000000000000000000 ) ) ;
#5137 = CARTESIAN_POINT ( 'NONE',  ( -2.247900000000000000, 0.6934199999999998100, -1.600200000000000100 ) ) ;
#5138 =( BOUNDED_CURVE ( )  B_SPLINE_CURVE ( 3, ( #749, #4431, #5668, #1966 ),
 .UNSPECIFIED., .F., .F. )
 B_SPLINE_CURVE_WITH_KNOTS ( ( 4, 4 ),
 ( 3.141592653589793100, 4.712388980384689700 ),
 .UNSPECIFIED. )
 CURVE ( )  GEOMETRIC_REPRESENTATION_ITEM ( )  RATIONAL_B_SPLINE_CURVE ( ( 1.000000000000000000, 0.8047378541243649400, 0.8047378541243649400, 1.000000000000000000 ) )
 REPRESENTATION_ITEM ( '' )  );
#5139 = EDGE_LOOP ( 'NONE', ( #5265, #3770, #5185, #7228 ) ) ;
#5140 = CARTESIAN_POINT ( 'NONE',  ( 1.516380000000000300, 0.9144000000000001000, -0.3810395180039388200 ) ) ;
#5141 = FACE_OUTER_BOUND ( 'NONE', #6808, .T. ) ;
#5142 = CARTESIAN_POINT ( 'NONE',  ( 1.353112248377910900E-016, 1.417319999999999700, 1.104900000000000000 ) ) ;
#5143 = ORIENTED_EDGE ( 'NONE', *, *, #1322, .T. ) ;
#5144 = CARTESIAN_POINT ( 'NONE',  ( 0.4317252293811282300, -1.031606856961805300E-017, -1.569720000000000000 ) ) ;
#5145 = ORIENTED_EDGE ( 'NONE', *, *, #3506, .T. ) ;
#5146 = CYLINDRICAL_SURFACE ( 'NONE', #3640, 0.03048000000000004900 ) ;
#5147 = ORIENTED_EDGE ( 'NONE', *, *, #1804, .T. ) ;
#5148 = CARTESIAN_POINT ( 'NONE',  ( 1.574354572091388100, 1.295460115530054500, -0.01270000000001268900 ) ) ;
#5149 = CARTESIAN_POINT ( 'NONE',  ( 0.4190999999999958600, 0.03047999999999999000, 1.523925229381132100 ) ) ;
#5150 = EDGE_LOOP ( 'NONE', ( #1016, #2817, #4953, #2485 ) ) ;
#5151 = DIRECTION ( 'NONE',  ( 1.000000000000000000, 0.0000000000000000000, 0.0000000000000000000 ) ) ;
#5152 = AXIS2_PLACEMENT_3D ( 'NONE', #4940, #1250, #5553 ) ;
#5153 = ORIENTED_EDGE ( 'NONE', *, *, #6085, .T. ) ;
#5154 = CIRCLE ( 'NONE', #64, 0.3810000000000000100 ) ;
#5155 = EDGE_CURVE ( 'NONE', #6048, #5663, #171, .T. ) ;
#5156 = VERTEX_POINT ( 'NONE', #6769 ) ;
#5157 = CARTESIAN_POINT ( 'NONE',  ( 1.563028994948469700, 0.6299199999992628500, -0.4952999946780519700 ) ) ;
#5158 = CARTESIAN_POINT ( 'NONE',  ( -2.217420000000000200, 0.6603999999999998800, 0.5257799999999995800 ) ) ;
#5159 = ORIENTED_EDGE ( 'NONE', *, *, #1923, .F. ) ;
#5160 = DIRECTION ( 'NONE',  ( -1.000000000000000000, 0.0000000000000000000, -0.0000000000000000000 ) ) ;
#5161 = ADVANCED_FACE ( 'NONE', ( #3219 ), #2454, .T. ) ;
#5162 = VECTOR ( 'NONE', #2828, 1000.000000000000000 ) ;
#5163 = ORIENTED_EDGE ( 'NONE', *, *, #4482, .F. ) ;
#5164 = DIRECTION ( 'NONE',  ( 0.0000000000000000000, 0.0000000000000000000, 1.000000000000000000 ) ) ;
#5165 = AXIS2_PLACEMENT_3D ( 'NONE', #7353, #7384, #3694 ) ;
#5166 = CARTESIAN_POINT ( 'NONE',  ( 1.569660074587722300, 1.295187772303129500, 0.01269998298494384400 ) ) ;
#5167 = CARTESIAN_POINT ( 'NONE',  ( 1.529974388200097800, 0.6603999999999358200, -0.4876754397479442500 ) ) ;
#5168 = AXIS2_PLACEMENT_3D ( 'NONE', #6311, #6930, #6958 ) ;
#5169 = ADVANCED_FACE ( 'NONE', ( #1758 ), #6297, .T. ) ;
#5170 = VECTOR ( 'NONE', #5805, 1000.000000000000000 ) ;
#5171 = CARTESIAN_POINT ( 'NONE',  ( 0.4495799999999963200, 0.03048000000000004900, -1.600200000000000100 ) ) ;
#5172 = ORIENTED_EDGE ( 'NONE', *, *, #7155, .F. ) ;
#5173 = EDGE_CURVE ( 'NONE', #6239, #908, #7900, .T. ) ;
#5174 = VECTOR ( 'NONE', #5476, 1000.000000000000000 ) ;
#5175 = EDGE_CURVE ( 'NONE', #4892, #3300, #6698, .T. ) ;
#5176 = CARTESIAN_POINT ( 'NONE',  ( 0.4495799999999958700, -3.388131789017201400E-018, 1.541780000000000200 ) ) ;
#5177 = ORIENTED_EDGE ( 'NONE', *, *, #1456, .F. ) ;
#5178 = EDGE_LOOP ( 'NONE', ( #2808, #6343, #569, #4916 ) ) ;
#5179 = LINE ( 'NONE', #4226, #119 ) ;
#5180 = ORIENTED_EDGE ( 'NONE', *, *, #707, .F. ) ;
#5181 = CARTESIAN_POINT ( 'NONE',  ( 1.514738666078486500, 0.6603999999999997600, 0.5159523364485979500 ) ) ;
#5182 = DIRECTION ( 'NONE',  ( -0.0000000000000000000, 1.000000000000000000, 0.0000000000000000000 ) ) ;
#5183 = CIRCLE ( 'NONE', #2880, 0.03048000000000004900 ) ;
#5184 = EDGE_LOOP ( 'NONE', ( #2146, #4876, #3999, #5723 ) ) ;
#5185 = ORIENTED_EDGE ( 'NONE', *, *, #7903, .F. ) ;
#5186 = AXIS2_PLACEMENT_3D ( 'NONE', #2633, #6940, #3252 ) ;
#5187 = EDGE_CURVE ( 'NONE', #4200, #6402, #1575, .T. ) ;
#5188 = CARTESIAN_POINT ( 'NONE',  ( -1.866900000000000000, 0.6095999999999999200, -1.473200000000000100 ) ) ;
#5189 = AXIS2_PLACEMENT_3D ( 'NONE', #2795, #2764, #2820 ) ;
#5190 = EDGE_CURVE ( 'NONE', #4544, #1037, #4658, .T. ) ;
#5191 = DIRECTION ( 'NONE',  ( 0.0000000000000000000, 1.000000000000000000, 0.0000000000000000000 ) ) ;
#5192 = CARTESIAN_POINT ( 'NONE',  ( 1.592275871561354100, 1.305234395134605700, 0.01270000000000005300 ) ) ;
#5193 = DIRECTION ( 'NONE',  ( 3.375077994860475300E-014, 0.0000000000000000000, -1.000000000000000000 ) ) ;
#5194 = CARTESIAN_POINT ( 'NONE',  ( 1.516380000000000500, 1.130299999999999900, 0.4952999999999996300 ) ) ;
#5195 = CARTESIAN_POINT ( 'NONE',  ( -1.296382129561919800, 1.447800000000000000, -0.8851069158878500700 ) ) ;
#5196 = CARTESIAN_POINT ( 'NONE',  ( 0.4495799999999963200, 0.01262522938113193200, -1.600199999999999800 ) ) ;
#5197 = ADVANCED_FACE ( 'NONE', ( #2834 ), #5262, .T. ) ;
#5198 = CARTESIAN_POINT ( 'NONE',  ( -2.217420000000000200, 0.6299199999999998100, 1.569720000000000000 ) ) ;
#5199 = CARTESIAN_POINT ( 'NONE',  ( -0.4190999999999957500, 0.6607081252762644400, 1.569720000285298700 ) ) ;
#5200 = ORIENTED_EDGE ( 'NONE', *, *, #5490, .F. ) ;
#5201 = DIRECTION ( 'NONE',  ( -0.0000000000000000000, -1.000000000000000000, 0.0000000000000000000 ) ) ;
#5202 = ADVANCED_FACE ( 'NONE', ( #7735 ), #4279, .T. ) ;
#5203 = CIRCLE ( 'NONE', #5249, 0.03048000000000004900 ) ;
#5204 = DIRECTION ( 'NONE',  ( 0.0000000000000000000, -1.000000000000000000, 0.0000000000000000000 ) ) ;
#5205 = VERTEX_POINT ( 'NONE', #6265 ) ;
#5206 = CARTESIAN_POINT ( 'NONE',  ( 0.3886199999999961900, 0.6603999999999998800, -1.600200000000000100 ) ) ;
#5207 = ORIENTED_EDGE ( 'NONE', *, *, #2195, .F. ) ;
#5208 = CARTESIAN_POINT ( 'NONE',  ( 0.0000000000000000000, 0.0000000000000000000, 0.0000000000000000000 ) ) ;
#5209 = EDGE_LOOP ( 'NONE', ( #2102, #2500, #5207, #1875, #3488, #900, #6442, #4387 ) ) ;
#5210 = AXIS2_PLACEMENT_3D ( 'NONE', #4909, #1219, #5523 ) ;
#5211 = AXIS2_PLACEMENT_3D ( 'NONE', #1530, #5837, #2142 ) ;
#5212 = FACE_OUTER_BOUND ( 'NONE', #4853, .T. ) ;
#5213 = CARTESIAN_POINT ( 'NONE',  ( 1.547370897938575200, 1.206677938168955600, -0.2443651005734549200 ) ) ;
#5214 = VECTOR ( 'NONE', #2496, 1000.000000000000000 ) ;
#5215 = EDGE_CURVE ( 'NONE', #7500, #647, #5914, .T. ) ;
#5216 = ORIENTED_EDGE ( 'NONE', *, *, #5263, .T. ) ;
#5217 = CARTESIAN_POINT ( 'NONE',  ( -0.4190999999999960900, 0.03047999999999999300, 1.541780000000000400 ) ) ;
#5218 = CARTESIAN_POINT ( 'NONE',  ( 1.104827009083323000, 1.425096130667290900, -0.01270000000000047500 ) ) ;
#5219 = CARTESIAN_POINT ( 'NONE',  ( -1.307977764841155200, 1.447800000000000000, -0.8681232339313714700 ) ) ;
#5220 = ORIENTED_EDGE ( 'NONE', *, *, #6805, .T. ) ;
#5221 = VECTOR ( 'NONE', #312, 1000.000000000000000 ) ;
#5222 = DIRECTION ( 'NONE',  ( 1.000000000000000000, 0.0000000000000000000, 0.0000000000000000000 ) ) ;
#5223 = CARTESIAN_POINT ( 'NONE',  ( 0.4191000001234635500, 0.6907460454768800100, -1.544342977257723300 ) ) ;
#5224 = CARTESIAN_POINT ( 'NONE',  ( -2.217420000000000200, 0.6299199999999998100, -1.569720000000000000 ) ) ;
#5225 = VECTOR ( 'NONE', #1856, 1000.000000000000000 ) ;
#5226 = CARTESIAN_POINT ( 'NONE',  ( 1.563028992053570300, 0.6428163243009427100, -0.4953000000000003000 ) ) ;
#5227 = DIRECTION ( 'NONE',  ( -1.000000000000000000, -0.0000000000000000000, 0.0000000000000000000 ) ) ;
#5228 = ORIENTED_EDGE ( 'NONE', *, *, #6890, .T. ) ;
#5229 = EDGE_CURVE ( 'NONE', #7462, #6239, #3024, .T. ) ;
#5230 = LINE ( 'NONE', #1283, #529 ) ;
#5231 = EDGE_CURVE ( 'NONE', #7018, #944, #7544, .T. ) ;
#5232 = EDGE_CURVE ( 'NONE', #4283, #2648, #2635, .T. ) ;
#5233 =( LENGTH_UNIT ( ) NAMED_UNIT ( * ) SI_UNIT ( .MILLI., .METRE. ) );
#5234 = CYLINDRICAL_SURFACE ( 'NONE', #7816, 0.03048000000000004900 ) ;
#5235 = CARTESIAN_POINT ( 'NONE',  ( 1.569660074587722300, 1.295187772303129500, 0.01269998298494384400 ) ) ;
#5236 = CARTESIAN_POINT ( 'NONE',  ( 1.514828402163096400, 0.9144000000000002100, -0.4114799999999996200 ) ) ;
#5237 = CARTESIAN_POINT ( 'NONE',  ( 1.522295588161437100, 1.052550919513363300, -0.3548242046119295400 ) ) ;
#5238 = EDGE_LOOP ( 'NONE', ( #4585, #5649, #7854 ) ) ;
#5239 = CARTESIAN_POINT ( 'NONE',  ( 1.418728709932699300, 0.009030141234863793600, -1.569517833857913400 ) ) ;
#5240 = EDGE_LOOP ( 'NONE', ( #4214, #3575, #861, #2701 ) ) ;
#5241 = LINE ( 'NONE', #5898, #6691 ) ;
#5242 = ORIENTED_EDGE ( 'NONE', *, *, #6304, .T. ) ;
#5243 = DIRECTION ( 'NONE',  ( -0.0000000000000000000, -1.000000000000000000, -0.0000000000000000000 ) ) ;
#5244 = CARTESIAN_POINT ( 'NONE',  ( -2.400150458762263700, 0.6603999999999999900, -1.485825229381132300 ) ) ;
#5245 = ADVANCED_FACE ( 'NONE', ( #1183, #997 ), #4450, .T. ) ;
#5246 = DIRECTION ( 'NONE',  ( -1.000000000000000000, -0.0000000000000000000, -2.753879025871233800E-016 ) ) ;
#5247 = CARTESIAN_POINT ( 'NONE',  ( 0.4495799999999963200, 5.421010862427522200E-017, -1.587574770618868100 ) ) ;
#5248 = ORIENTED_EDGE ( 'NONE', *, *, #7280, .T. ) ;
#5249 = AXIS2_PLACEMENT_3D ( 'NONE', #1919, #6245, #2546 ) ;
#5250 = CYLINDRICAL_SURFACE ( 'NONE', #993, 0.03048000000000004900 ) ;
#5251 = DIRECTION ( 'NONE',  ( 0.0000000000000000000, 0.0000000000000000000, -1.000000000000000000 ) ) ;
#5252 = EDGE_LOOP ( 'NONE', ( #8, #1391, #6315, #5494 ) ) ;
#5253 = CARTESIAN_POINT ( 'NONE',  ( 0.0000000000000000000, 7.512325129353056000, 0.0000000000000000000 ) ) ;
#5254 = CARTESIAN_POINT ( 'NONE',  ( 2.235120421975475200, -0.0001681812515678341600, 0.7493747706188673700 ) ) ;
#5255 = EDGE_CURVE ( 'NONE', #4709, #2236, #2431, .T. ) ;
#5256 = ORIENTED_EDGE ( 'NONE', *, *, #7216, .T. ) ;
#5257 = CARTESIAN_POINT ( 'NONE',  ( -1.333649541237736500, 0.6603999999999998800, 0.9525747706188686400 ) ) ;
#5258 = FACE_OUTER_BOUND ( 'NONE', #7548, .T. ) ;
#5259 = FACE_OUTER_BOUND ( 'NONE', #3186, .T. ) ;
#5260 = ORIENTED_EDGE ( 'NONE', *, *, #4287, .T. ) ;
#5261 = CARTESIAN_POINT ( 'NONE',  ( 0.0000000000000000000, 0.6603999999999998800, 0.9194800000000004100 ) ) ;
#5262 =( BOUNDED_SURFACE ( )  B_SPLINE_SURFACE ( 3, 3, (
 ( #2507, #3139, #3768, #114 ),
 ( #4380, #697, #5007, #1306 ),
 ( #5617, #1914, #6237, #2539 ),
 ( #6852, #3167, #7473, #3794 ) ),
 .UNSPECIFIED., .F., .F., .F. )
 B_SPLINE_SURFACE_WITH_KNOTS ( ( 4, 4 ),
 ( 4, 4 ),
 ( 0.0000000000000000000, 1.000000000000000000 ),
 ( 0.0000000000000000000, 1.000000000000000000 ),
 .UNSPECIFIED. )
 GEOMETRIC_REPRESENTATION_ITEM ( )  RATIONAL_B_SPLINE_SURFACE ( (
 ( 1.000000000000000000, 0.8052416797624758500, 0.8052416797624758500, 1.000000000000000000),
 ( 0.8047378541243649400, 0.6480084614235538400, 0.6480084614235538400, 0.8047378541243649400),
 ( 0.8047378541243649400, 0.6480084614235538400, 0.6480084614235538400, 0.8047378541243649400),
 ( 1.000000000000000000, 0.8052416797624758500, 0.8052416797624758500, 1.000000000000000000) ) )
 REPRESENTATION_ITEM ( '' )  SURFACE ( )  );
#5263 = EDGE_CURVE ( 'NONE', #2606, #1683, #4084, .T. ) ;
#5264 = DIRECTION ( 'NONE',  ( -0.0000000000000000000, 1.000000000000000000, -0.0000000000000000000 ) ) ;
#5265 = ORIENTED_EDGE ( 'NONE', *, *, #7764, .F. ) ;
#5266 = CARTESIAN_POINT ( 'NONE',  ( 1.519026109107474400, 1.018276245339369700, -0.3662411345607263200 ) ) ;
#5267 = DIRECTION ( 'NONE',  ( 0.8258683902619048400, 0.0000000000000000000, -0.5638629283489118300 ) ) ;
#5268 = CIRCLE ( 'NONE', #5826, 1.104900000000000000 ) ;
#5269 = AXIS2_PLACEMENT_3D ( 'NONE', #4172, #4780, #1096 ) ;
#5270 = CARTESIAN_POINT ( 'NONE',  ( -0.4190999999999958600, 0.03048000000000004900, 1.569720000000000200 ) ) ;
#5271 = CARTESIAN_POINT ( 'NONE',  ( -0.4190999999999960300, 0.01262522938113200600, 1.541780000000000400 ) ) ;
#5272 = ORIENTED_EDGE ( 'NONE', *, *, #1021, .T. ) ;
#5273 = DIRECTION ( 'NONE',  ( 0.0000000000000000000, 0.0000000000000000000, -1.000000000000000000 ) ) ;
#5274 = ORIENTED_EDGE ( 'NONE', *, *, #1214, .T. ) ;
#5275 = ORIENTED_EDGE ( 'NONE', *, *, #4417, .T. ) ;
#5276 = VECTOR ( 'NONE', #5696, 1000.000000000000000 ) ;
#5277 = ORIENTED_EDGE ( 'NONE', *, *, #6092, .F. ) ;
#5278 = CARTESIAN_POINT ( 'NONE',  ( 1.388147385309442600, 0.03048000000000004900, 1.578647385309434300 ) ) ;
#5279 = VERTEX_POINT ( 'NONE', #7543 ) ;
#5280 = DIRECTION ( 'NONE',  ( 1.000000000000000000, 0.0000000000000000000, 0.0000000000000000000 ) ) ;
#5281 = CARTESIAN_POINT ( 'NONE',  ( 0.0000000000000000000, 0.6299199999999998100, -1.569720000000000000 ) ) ;
#5282 = AXIS2_PLACEMENT_3D ( 'NONE', #3256, #4394, #3097 ) ;
#5283 = CARTESIAN_POINT ( 'NONE',  ( 1.530661016867639600, 0.6603999999999998800, 0.4665972285365144700 ) ) ;
#5284 = EDGE_CURVE ( 'NONE', #2736, #4283, #3849, .T. ) ;
#5285 = ORIENTED_EDGE ( 'NONE', *, *, #4547, .T. ) ;
#5286 = CIRCLE ( 'NONE', #3435, 1.727199999999999800 ) ;
#5287 = ADVANCED_FACE ( 'NONE', ( #5517 ), #620, .T. ) ;
#5288 = CARTESIAN_POINT ( 'NONE',  ( -0.2285999999997457800, 1.427906278714312000, 0.6863776224884278200 ) ) ;
#5289 = DIRECTION ( 'NONE',  ( -1.000000000000000000, 0.0000000000000000000, 0.0000000000000000000 ) ) ;
#5290 = DIRECTION ( 'NONE',  ( 0.0000000000000000000, 0.0000000000000000000, 1.000000000000000000 ) ) ;
#5291 = EDGE_CURVE ( 'NONE', #694, #6674, #2391, .T. ) ;
#5292 = DIRECTION ( 'NONE',  ( 0.0000000000000000000, -1.000000000000000000, -0.0000000000000000000 ) ) ;
#5293 = AXIS2_PLACEMENT_3D ( 'NONE', #4869, #1789, #1174 ) ;
#5294 = CARTESIAN_POINT ( 'NONE',  ( 0.6452005863466741000, 1.447799999999999800, -1.135380000000000100 ) ) ;
#5295 = CARTESIAN_POINT ( 'NONE',  ( 0.4189406101713891700, 0.6602406101789652900, 1.572833036899923000 ) ) ;
#5296 = ORIENTED_EDGE ( 'NONE', *, *, #1369, .T. ) ;
#5297 = ORIENTED_EDGE ( 'NONE', *, *, #940, .T. ) ;
#5298 = AXIS2_PLACEMENT_3D ( 'NONE', #1628, #5941, #2246 ) ;
#5299 = EDGE_CURVE ( 'NONE', #7778, #3682, #7164, .T. ) ;
#5300 = DIRECTION ( 'NONE',  ( 0.7071067811865510100, 0.0000000000000000000, 0.7071067811865440200 ) ) ;
#5301 = AXIS2_PLACEMENT_3D ( 'NONE', #1504, #7132, #3361 ) ;
#5302 = CARTESIAN_POINT ( 'NONE',  ( 0.4190999999999958100, 0.6607081245621814200, 1.569720000142649000 ) ) ;
#5303 = CARTESIAN_POINT ( 'NONE',  ( 1.557563710773525400, 1.127094441941693900, -0.3748451443529552400 ) ) ;
#5304 = DIRECTION ( 'NONE',  ( -1.000000000000000000, 0.0000000000000000000, 0.0000000000000000000 ) ) ;
#5305 = SURFACE_STYLE_FILL_AREA ( #2963 ) ;
#5306 = CARTESIAN_POINT ( 'NONE',  ( 0.4190999999999957500, 0.08889999999999993700, 1.569720000000000000 ) ) ;
#5307 = VERTEX_POINT ( 'NONE', #3900 ) ;
#5308 = ORIENTED_EDGE ( 'NONE', *, *, #5825, .T. ) ;
#5309 = DIRECTION ( 'NONE',  ( -0.0000000000000000000, 1.000000000000000000, -0.0000000000000000000 ) ) ;
#5310 = ORIENTED_EDGE ( 'NONE', *, *, #234, .F. ) ;
#5311 = CARTESIAN_POINT ( 'NONE',  ( 0.3886199999999961900, 0.6934199999999998100, -1.600200000000000100 ) ) ;
#5312 = CYLINDRICAL_SURFACE ( 'NONE', #677, 0.03047999999999983000 ) ;
#5313 = CARTESIAN_POINT ( 'NONE',  ( 1.516380000000000300, 0.6603999999999999900, 0.3810395180039389800 ) ) ;
#5314 = CIRCLE ( 'NONE', #1601, 0.2540000000000001100 ) ;
#5315 = AXIS2_PLACEMENT_3D ( 'NONE', #3508, #7798, #4133 ) ;
#5316 = CARTESIAN_POINT ( 'NONE',  ( 1.544242545894418900, 7.512325129353056000, -0.4194699029126214300 ) ) ;
#5317 = CARTESIAN_POINT ( 'NONE',  ( 0.0000000000000000000, 1.130299999999999900, 0.0000000000000000000 ) ) ;
#5318 = AXIS2_PLACEMENT_3D ( 'NONE', #2351, #6673, #2384 ) ;
#5319 = DIRECTION ( 'NONE',  ( 2.188980764154056600E-016, 0.0000000000000000000, -1.000000000000000000 ) ) ;
#5320 = ORIENTED_EDGE ( 'NONE', *, *, #1505, .T. ) ;
#5321 = DIRECTION ( 'NONE',  ( -0.5638629283489109400, -0.0000000000000000000, -0.8258683902619053900 ) ) ;
#5322 = CYLINDRICAL_SURFACE ( 'NONE', #6388, 0.03048000000000004900 ) ;
#5323 = EDGE_CURVE ( 'NONE', #4283, #3671, #804, .T. ) ;
#5324 = DIRECTION ( 'NONE',  ( 0.7071067811865442400, -0.0000000000000000000, 0.7071067811865509000 ) ) ;
#5325 = CARTESIAN_POINT ( 'NONE',  ( -1.346727066632285300, 0.6908799999999998300, 0.9194800000000004100 ) ) ;
#5326 = ADVANCED_FACE ( 'NONE', ( #6967 ), #447, .T. ) ;
#5327 = CARTESIAN_POINT ( 'NONE',  ( 0.4265261278563231600, 0.6603467773492702800, 1.571798981196089700 ) ) ;
#5328 = EDGE_LOOP ( 'NONE', ( #5041, #2248, #4423, #4295 ) ) ;
#5329 = CARTESIAN_POINT ( 'NONE',  ( -1.346727066632285700, 1.447800000000000000, -0.8585199999999996200 ) ) ;
#5330 = CIRCLE ( 'NONE', #5388, 0.03047999999999991000 ) ;
#5331 = CARTESIAN_POINT ( 'NONE',  ( -1.327240442169626200, 0.6757594793312564600, 0.8938595267475969400 ) ) ;
#5332 = VERTEX_POINT ( 'NONE', #2075 ) ;
#5333 = ORIENTED_EDGE ( 'NONE', *, *, #7775, .F. ) ;
#5334 = FACE_OUTER_BOUND ( 'NONE', #1747, .T. ) ;
#5335 = ORIENTED_EDGE ( 'NONE', *, *, #5093, .F. ) ;
#5336 = CARTESIAN_POINT ( 'NONE',  ( 0.3108362295486160100, 0.7238999999999995400, 1.569720000000000200 ) ) ;
#5337 = CARTESIAN_POINT ( 'NONE',  ( 1.543590831146648200, 0.6603999999999997600, -0.5257800000000004700 ) ) ;
#5338 = CARTESIAN_POINT ( 'NONE',  ( -0.4190999999999957500, 0.7238999999999998800, -1.600200000000000100 ) ) ;
#5339 = DIRECTION ( 'NONE',  ( -1.000000000000000000, -0.0000000000000000000, -0.0000000000000000000 ) ) ;
#5340 = EDGE_CURVE ( 'NONE', #4340, #2606, #3701, .T. ) ;
#5341 = ORIENTED_EDGE ( 'NONE', *, *, #5676, .F. ) ;
#5342 = CARTESIAN_POINT ( 'NONE',  ( -0.2285999999999999700, 1.422400000000000800, 0.6868575179758901200 ) ) ;
#5343 = AXIS2_PLACEMENT_3D ( 'NONE', #4846, #5627, #580 ) ;
#5344 = EDGE_CURVE ( 'NONE', #982, #1077, #972, .T. ) ;
#5345 = ORIENTED_EDGE ( 'NONE', *, *, #1371, .F. ) ;
#5346 = VECTOR ( 'NONE', #136, 1000.000000000000000 ) ;
#5347 = CARTESIAN_POINT ( 'NONE',  ( 1.353112248277196800E-016, 1.288650937169962800, -1.104899999917760700 ) ) ;
#5348 = ORIENTED_EDGE ( 'NONE', *, *, #5175, .T. ) ;
#5349 = DIRECTION ( 'NONE',  ( -0.7071067811865442400, 0.0000000000000000000, -0.7071067811865509000 ) ) ;
#5350 = CARTESIAN_POINT ( 'NONE',  ( -1.296382129561919300, 1.417319999999999700, 0.8851069158878507300 ) ) ;
#5351 = ORIENTED_EDGE ( 'NONE', *, *, #2440, .F. ) ;
#5352 = CARTESIAN_POINT ( 'NONE',  ( -1.321454821362894700, 0.6738412726536899800, -0.9196405909769089800 ) ) ;
#5353 = AXIS2_PLACEMENT_3D ( 'NONE', #4326, #4973, #1273 ) ;
#5354 = DIRECTION ( 'NONE',  ( 1.000000000000000000, 0.0000000000000000000, 0.0000000000000000000 ) ) ;
#5355 = VECTOR ( 'NONE', #7843, 1000.000000000000000 ) ;
#5356 = CARTESIAN_POINT ( 'NONE',  ( -0.2285999999999999100, 1.447800000000000000, 0.2321190851975429600 ) ) ;
#5357 = ORIENTED_EDGE ( 'NONE', *, *, #3305, .F. ) ;
#5358 = CARTESIAN_POINT ( 'NONE',  ( -2.217420000000000200, 0.03048000000000004900, -1.569720000000000000 ) ) ;
#5359 = CARTESIAN_POINT ( 'NONE',  ( -1.463489722546762200, 1.447800000000000000, 0.8585200000000000600 ) ) ;
#5360 = CARTESIAN_POINT ( 'NONE',  ( -0.4334411414813527100, 0.6603999999999997600, -1.540379439252336700 ) ) ;
#5361 = CARTESIAN_POINT ( 'NONE',  ( -0.2285999999999998900, 1.447800000000000000, 0.6600335521774631800 ) ) ;
#5362 = VECTOR ( 'NONE', #2101, 1000.000000000000000 ) ;
#5363 = VERTEX_POINT ( 'NONE', #285 ) ;
#5364 = VECTOR ( 'NONE', #4864, 1000.000000000000000 ) ;
#5365 = EDGE_LOOP ( 'NONE', ( #5664, #4807, #7175, #7278 ) ) ;
#5366 = EDGE_CURVE ( 'NONE', #1603, #4338, #3504, .T. ) ;
#5367 = DIRECTION ( 'NONE',  ( 0.0000000000000000000, -8.537024980200821800E-016, -1.000000000000000000 ) ) ;
#5368 = CARTESIAN_POINT ( 'NONE',  ( 1.556549605084596400, 0.6603999999999998800, -0.5067577429404708200 ) ) ;
#5369 = ADVANCED_FACE ( 'NONE', ( #5141 ), #7621, .F. ) ;
#5370 = ORIENTED_EDGE ( 'NONE', *, *, #4114, .T. ) ;
#5371 = VERTEX_POINT ( 'NONE', #3347 ) ;
#5372 = CARTESIAN_POINT ( 'NONE',  ( -0.2285999999997457800, 1.430483927456840800, 0.6854653949095825800 ) ) ;
#5373 = DIRECTION ( 'NONE',  ( 1.000000000000000000, 0.0000000000000000000, 0.0000000000000000000 ) ) ;
#5374 = LINE ( 'NONE', #7539, #7675 ) ;
#5375 = EDGE_CURVE ( 'NONE', #3625, #7561, #6776, .T. ) ;
#5376 = VECTOR ( 'NONE', #7316, 1000.000000000000000 ) ;
#5377 = DIRECTION ( 'NONE',  ( 0.0000000000000000000, -1.000000000000000000, 0.0000000000000000000 ) ) ;
#5378 = ORIENTED_EDGE ( 'NONE', *, *, #420, .F. ) ;
#5379 = CARTESIAN_POINT ( 'NONE',  ( -1.489779957083530600, 0.6908799999999996100, 0.8739425149700600400 ) ) ;
#5380 = FACE_OUTER_BOUND ( 'NONE', #6071, .T. ) ;
#5381 = VERTEX_POINT ( 'NONE', #5820 ) ;
#5382 = CARTESIAN_POINT ( 'NONE',  ( -0.2285999999999999700, 1.422399999999999900, 0.2199704525612474800 ) ) ;
#5383 =( BOUNDED_SURFACE ( )  B_SPLINE_SURFACE ( 3, 3, (
 ( #2638, #6943, #7560, #3888 ),
 ( #224, #4496, #805, #5120 ),
 ( #1431, #5727, #2031, #6354 ),
 ( #2665, #6968, #3282, #7583 ) ),
 .UNSPECIFIED., .F., .F., .F. )
 B_SPLINE_SURFACE_WITH_KNOTS ( ( 4, 4 ),
 ( 4, 4 ),
 ( 0.0000000000000000000, 1.000000000000000000 ),
 ( 0.0000000000000000000, 1.000000000000000000 ),
 .UNSPECIFIED. )
 GEOMETRIC_REPRESENTATION_ITEM ( )  RATIONAL_B_SPLINE_SURFACE ( (
 ( 1.000000000000000000, 0.8047378541243656000, 0.8047378541243656000, 1.000000000000000000),
 ( 0.8025111867385932300, 0.6458111303268135900, 0.6458111303268135900, 0.8025111867385932300),
 ( 0.8025111867385932300, 0.6458111303268135900, 0.6458111303268135900, 0.8025111867385932300),
 ( 1.000000000000000000, 0.8047378541243656000, 0.8047378541243656000, 1.000000000000000000) ) )
 REPRESENTATION_ITEM ( '' )  SURFACE ( )  );
#5384 = AXIS2_PLACEMENT_3D ( 'NONE', #1153, #509, #492 ) ;
#5385 = ORIENTED_EDGE ( 'NONE', *, *, #2105, .T. ) ;
#5386 = CARTESIAN_POINT ( 'NONE',  ( -0.4184718478971243800, 0.6907671416778264900, -1.544532780815272000 ) ) ;
#5387 = CARTESIAN_POINT ( 'NONE',  ( -0.4172616706710315900, 0.6585616706710355500, -1.589185708514590400 ) ) ;
#5388 = AXIS2_PLACEMENT_3D ( 'NONE', #4303, #4274, #4250 ) ;
#5389 = EDGE_CURVE ( 'NONE', #3651, #4340, #2042, .T. ) ;
#5390 = EDGE_CURVE ( 'NONE', #7050, #1304, #6588, .T. ) ;
#5391 = DIRECTION ( 'NONE',  ( -1.000000000000000000, -0.0000000000000000000, -0.0000000000000000000 ) ) ;
#5392 = DIRECTION ( 'NONE',  ( 0.0000000000000000000, -0.0000000000000000000, -1.000000000000000000 ) ) ;
#5393 = CARTESIAN_POINT ( 'NONE',  ( 2.235274770618869100, 0.6603999999999997600, 0.5257799999999995800 ) ) ;
#5394 = ORIENTED_EDGE ( 'NONE', *, *, #195, .T. ) ;
#5395 = CARTESIAN_POINT ( 'NONE',  ( -0.2285999999997457800, 1.433059604656680600, 0.6845538650579272600 ) ) ;
#5396 = ORIENTED_EDGE ( 'NONE', *, *, #2570, .F. ) ;
#5397 = CARTESIAN_POINT ( 'NONE',  ( -1.327352415736720200, 1.417319999999999500, -0.8938016169656856100 ) ) ;
#5398 = CARTESIAN_POINT ( 'NONE',  ( -1.646607769979138400, 0.6603999999999996500, 0.6317101103747756500 ) ) ;
#5399 = ORIENTED_EDGE ( 'NONE', *, *, #7709, .F. ) ;
#5400 = ORIENTED_EDGE ( 'NONE', *, *, #4541, .F. ) ;
#5401 = EDGE_LOOP ( 'NONE', ( #3220, #7101 ) ) ;
#5402 = CARTESIAN_POINT ( 'NONE',  ( 0.0000000000000000000, 0.6603999999999998800, 0.4952999999999996300 ) ) ;
#5403 = ADVANCED_FACE ( 'NONE', ( #1663 ), #4748, .F. ) ;
#5404 = FACE_OUTER_BOUND ( 'NONE', #1406, .T. ) ;
#5405 = DIRECTION ( 'NONE',  ( 1.000000000000000000, 0.0000000000000000000, -0.0000000000000000000 ) ) ;
#5406 = ORIENTED_EDGE ( 'NONE', *, *, #1946, .F. ) ;
#5407 = EDGE_CURVE ( 'NONE', #7079, #3110, #6387, .T. ) ;
#5408 = CARTESIAN_POINT ( 'NONE',  ( 0.4191000000107576500, 0.6629937108227611500, 1.562049616675921700 ) ) ;
#5409 = CARTESIAN_POINT ( 'NONE',  ( 0.4190999999999960900, 0.6607081252762645500, -1.569720000285298000 ) ) ;
#5410 = CARTESIAN_POINT ( 'NONE',  ( 0.0000000000000000000, 0.6604000000000002100, -0.7239000000000002100 ) ) ;
#5411 = EDGE_LOOP ( 'NONE', ( #6794, #3621, #2759, #3847 ) ) ;
#5412 = VECTOR ( 'NONE', #3948, 1000.000000000000000 ) ;
#5413 = DIRECTION ( 'NONE',  ( -0.0000000000000000000, -1.000000000000000000, -0.0000000000000000000 ) ) ;
#5414 =( BOUNDED_CURVE ( )  B_SPLINE_CURVE ( 3, ( #4792, #2337, #6635, #6036 ),
 .UNSPECIFIED., .F., .T. )
 B_SPLINE_CURVE_WITH_KNOTS ( ( 4, 4 ),
 ( 3.243904813565128700, 4.712388980384690600 ),
 .UNSPECIFIED. )
 CURVE ( )  GEOMETRIC_REPRESENTATION_ITEM ( )  RATIONAL_B_SPLINE_CURVE ( ( 1.000000000000000000, 0.8282258596109343100, 0.8282258596109343100, 1.000000000000000000 ) )
 REPRESENTATION_ITEM ( '' )  );
#5415 = CARTESIAN_POINT ( 'NONE',  ( -1.321554598097102600, 0.6908799999999994900, -0.9022934579439249000 ) ) ;
#5416 = CARTESIAN_POINT ( 'NONE',  ( 1.460500000000000400, 0.9144000000000002100, -6.762205290378619100E-018 ) ) ;
#5417 = DIRECTION ( 'NONE',  ( 0.0000000000000000000, -1.000000000000000000, 0.0000000000000000000 ) ) ;
#5418 = DIRECTION ( 'NONE',  ( -0.0000000000000000000, -1.000000000000000000, 0.0000000000000000000 ) ) ;
#5419 = LINE ( 'NONE', #6178, #2141 ) ;
#5420 = AXIS2_PLACEMENT_3D ( 'NONE', #2143, #6459, #2776 ) ;
#5421 = DIRECTION ( 'NONE',  ( 0.0000000000000000000, 0.0000000000000000000, -1.000000000000000000 ) ) ;
#5422 = DIRECTION ( 'NONE',  ( 0.0000000000000000000, -0.0000000000000000000, 1.000000000000000000 ) ) ;
#5423 = ORIENTED_EDGE ( 'NONE', *, *, #3112, .T. ) ;
#5424 = ORIENTED_EDGE ( 'NONE', *, *, #5323, .F. ) ;
#5425 = LINE ( 'NONE', #3777, #7257 ) ;
#5426 = CIRCLE ( 'NONE', #4942, 0.9271000000126150600 ) ;
#5427 = CARTESIAN_POINT ( 'NONE',  ( 0.0000000000000000000, 1.447800000000000000, 0.0000000000000000000 ) ) ;
#5428 = ORIENTED_EDGE ( 'NONE', *, *, #5190, .T. ) ;
#5429 = ORIENTED_EDGE ( 'NONE', *, *, #4752, .F. ) ;
#5430 = CARTESIAN_POINT ( 'NONE',  ( 0.9384464939255491300, 1.417319999999999200, -1.600199999999999800 ) ) ;
#5431 = VECTOR ( 'NONE', #7511, 1000.000000000000000 ) ;
#5432 = ORIENTED_EDGE ( 'NONE', *, *, #2556, .T. ) ;
#5433 = CARTESIAN_POINT ( 'NONE',  ( 0.0000000000000000000, 0.7238999999999998800, -1.569720000000000000 ) ) ;
#5434 = CARTESIAN_POINT ( 'NONE',  ( -0.4416971632238546600, 0.6908800000000000500, -1.569720000000000000 ) ) ;
#5435 = CARTESIAN_POINT ( 'NONE',  ( -2.217420000000000200, 0.03048000000000004900, 1.569720000000000000 ) ) ;
#5436 = ORIENTED_EDGE ( 'NONE', *, *, #3529, .T. ) ;
#5437 = CARTESIAN_POINT ( 'NONE',  ( 1.341369653360580300, 0.6908799999999996100, 1.024931031789437300 ) ) ;
#5438 = ADVANCED_FACE ( 'NONE', ( #3118 ), #6200, .T. ) ;
#5439 = ORIENTED_EDGE ( 'NONE', *, *, #5825, .F. ) ;
#5440 = DIRECTION ( 'NONE',  ( 0.0000000000000000000, 0.0000000000000000000, -1.000000000000000000 ) ) ;
#5441 = EDGE_CURVE ( 'NONE', #4158, #6574, #7529, .T. ) ;
#5442 = CARTESIAN_POINT ( 'NONE',  ( -0.2285999999970376700, 1.426623517482866500, -0.6864848327881288800 ) ) ;
#5443 = DIRECTION ( 'NONE',  ( 0.0000000000000000000, 0.0000000000000000000, -1.000000000000000000 ) ) ;
#5444 = ORIENTED_EDGE ( 'NONE', *, *, #4501, .T. ) ;
#5445 = CARTESIAN_POINT ( 'NONE',  ( 1.118179724333323800, 1.443109110917344200, -0.02626278126648838600 ) ) ;
#5446 = PLANE ( 'NONE',  #5799 ) ;
#5447 = CYLINDRICAL_SURFACE ( 'NONE', #2118, 0.03047999999999983000 ) ;
#5448 = CIRCLE ( 'NONE', #6608, 0.03048000000000004900 ) ;
#5449 = ORIENTED_EDGE ( 'NONE', *, *, #4067, .F. ) ;
#5450 = DIRECTION ( 'NONE',  ( 0.0000000000000000000, 0.0000000000000000000, 1.000000000000000000 ) ) ;
#5451 = EDGE_CURVE ( 'NONE', #6674, #3204, #6106, .T. ) ;
#5452 = DIRECTION ( 'NONE',  ( 0.0000000000000000000, 1.000000000000000000, 0.0000000000000000000 ) ) ;
#5453 = VERTEX_POINT ( 'NONE', #1567 ) ;
#5454 = VECTOR ( 'NONE', #2053, 1000.000000000000000 ) ;
#5455 = CARTESIAN_POINT ( 'NONE',  ( 1.571044515586404300, 1.447799999999999500, -0.9183090811174317000 ) ) ;
#5456 = CYLINDRICAL_SURFACE ( 'NONE', #3776, 0.03048000000000004900 ) ;
#5457 = CARTESIAN_POINT ( 'NONE',  ( 0.4190999999999958600, 0.7238999999999998800, 1.569720000000000000 ) ) ;
#5458 = VERTEX_POINT ( 'NONE', #6469 ) ;
#5459 = DIRECTION ( 'NONE',  ( -1.000000000000000000, 0.0000000000000000000, 0.0000000000000000000 ) ) ;
#5460 = ORIENTED_EDGE ( 'NONE', *, *, #5589, .T. ) ;
#5461 = B_SPLINE_CURVE_WITH_KNOTS ( 'NONE', 3,
 ( #2208, #2528, #2591, #2098, #2065, #2035 ),
 .UNSPECIFIED., .F., .F.,
 ( 4, 2, 4 ),
 ( 0.0000000000000000000, 0.5000000000000000000, 1.000000000000000000 ),
 .UNSPECIFIED. ) ;
#5462 = CIRCLE ( 'NONE', #3548, 0.03048000000000004900 ) ;
#5463 = LINE ( 'NONE', #862, #6919 ) ;
#5464 = VERTEX_POINT ( 'NONE', #6528 ) ;
#5465 = CARTESIAN_POINT ( 'NONE',  ( 1.366919551519828900, 0.6603999999999997600, 1.044453527633045800 ) ) ;
#5466 = CARTESIAN_POINT ( 'NONE',  ( 0.0000000000000000000, 1.447800000000000000, 0.0000000000000000000 ) ) ;
#5467 = ORIENTED_EDGE ( 'NONE', *, *, #783, .F. ) ;
#5468 = DIRECTION ( 'NONE',  ( -0.0000000000000000000, -1.000000000000000000, -0.0000000000000000000 ) ) ;
#5469 = CARTESIAN_POINT ( 'NONE',  ( -0.4190999999999958100, 0.7238999999999998800, -1.587574770618867900 ) ) ;
#5470 = CARTESIAN_POINT ( 'NONE',  ( -1.866900000000000200, 0.6477747706188679000, -1.473200000000000100 ) ) ;
#5471 = EDGE_CURVE ( 'NONE', #1117, #7449, #3311, .T. ) ;
#5472 = DIRECTION ( 'NONE',  ( -1.000000000000000000, -0.0000000000000000000, 0.0000000000000000000 ) ) ;
#5473 = CARTESIAN_POINT ( 'NONE',  ( 1.418627385309442700, 0.6603999999999998800, -1.591272614690566000 ) ) ;
#5474 = LINE ( 'NONE', #7758, #6926 ) ;
#5475 = CARTESIAN_POINT ( 'NONE',  ( -2.247900000000000000, 0.6299199999999997000, -0.5257800000000004700 ) ) ;
#5476 = DIRECTION ( 'NONE',  ( 1.000000000000000000, -0.0000000000000000000, 0.0000000000000000000 ) ) ;
#5477 = B_SPLINE_CURVE_WITH_KNOTS ( 'NONE', 3,
 ( #355, #277, #227, #202, #177, #132, #2044, #7515, #7495, #7470, #7440, #6903, #6876, #6825, #6285, #6263 ),
 .UNSPECIFIED., .F., .F.,
 ( 4, 3, 3, 3, 3, 4 ),
 ( 4.470280076681872500E-019, 1.102328720643545700E-005, 2.205951191789136800E-005, 3.287601744958737700E-005, 4.324582539903593400E-005, 4.864364162361408400E-005 ),
 .UNSPECIFIED. ) ;
#5478 = CARTESIAN_POINT ( 'NONE',  ( -2.247900000000000000, 0.6299199999999997000, -0.5257800000000004700 ) ) ;
#5479 = DIRECTION ( 'NONE',  ( -0.0000000000000000000, 1.000000000000000000, 0.0000000000000000000 ) ) ;
#5480 = ADVANCED_FACE ( 'NONE', ( #1280 ), #5904, .T. ) ;
#5481 =( BOUNDED_SURFACE ( )  B_SPLINE_SURFACE ( 3, 3, (
 ( #5987, #6583, #6613, #2924 ),
 ( #7224, #3542, #7828, #4164 ),
 ( #495, #4770, #1085, #5393 ),
 ( #1697, #6014, #2312, #6639 ) ),
 .UNSPECIFIED., .F., .F., .F. )
 B_SPLINE_SURFACE_WITH_KNOTS ( ( 4, 4 ),
 ( 4, 4 ),
 ( 0.0000000000000000000, 1.000000000000000000 ),
 ( 0.0000000000000000000, 1.000000000000000000 ),
 .UNSPECIFIED. )
 GEOMETRIC_REPRESENTATION_ITEM ( )  RATIONAL_B_SPLINE_SURFACE ( (
 ( 1.000000000000000000, 0.8047378541243649400, 0.8047378541243649400, 1.000000000000000000),
 ( 0.8047378541243649400, 0.6476030138606876400, 0.6476030138606876400, 0.8047378541243649400),
 ( 0.8047378541243649400, 0.6476030138606876400, 0.6476030138606876400, 0.8047378541243649400),
 ( 1.000000000000000000, 0.8047378541243649400, 0.8047378541243649400, 1.000000000000000000) ) )
 REPRESENTATION_ITEM ( '' )  SURFACE ( )  );
#5482 = CARTESIAN_POINT ( 'NONE',  ( 0.2285999999952141300, 1.434730289544968300, 0.6834908537597222900 ) ) ;
#5483 = CARTESIAN_POINT ( 'NONE',  ( 0.0000000000000000000, 0.7238999999999995400, 0.0000000000000000000 ) ) ;
#5484 = VERTEX_POINT ( 'NONE', #2843 ) ;
#5485 = SURFACE_STYLE_FILL_AREA ( #341 ) ;
#5486 = AXIS2_PLACEMENT_3D ( 'NONE', #6012, #5935, #7173 ) ;
#5487 = CARTESIAN_POINT ( 'NONE',  ( 2.235120421975475200, 0.6299199999999998100, 0.7800229518704355800 ) ) ;
#5488 = EDGE_CURVE ( 'NONE', #3417, #5128, #4675, .T. ) ;
#5489 = ORIENTED_EDGE ( 'NONE', *, *, #708, .T. ) ;
#5490 = EDGE_CURVE ( 'NONE', #6443, #1234, #80, .T. ) ;
#5491 = ORIENTED_EDGE ( 'NONE', *, *, #3178, .F. ) ;
#5492 = DIRECTION ( 'NONE',  ( 0.9465933421312874300, 0.0000000000000000000, 0.3224299065420567200 ) ) ;
#5493 = FACE_OUTER_BOUND ( 'NONE', #1729, .T. ) ;
#5494 = ORIENTED_EDGE ( 'NONE', *, *, #1925, .T. ) ;
#5495 = ORIENTED_EDGE ( 'NONE', *, *, #2695, .F. ) ;
#5496 = CARTESIAN_POINT ( 'NONE',  ( -2.247900000000000000, 0.02002091752452754200, -1.587574770618868100 ) ) ;
#5497 = CARTESIAN_POINT ( 'NONE',  ( 1.134558606683674100, 1.447800000000000000, 0.04317999999999993400 ) ) ;
#5498 = ORIENTED_EDGE ( 'NONE', *, *, #1322, .F. ) ;
#5499 =( BOUNDED_CURVE ( )  B_SPLINE_CURVE ( 3, ( #4895, #5039, #4306, #3828 ),
 .UNSPECIFIED., .F., .F. )
 B_SPLINE_CURVE_WITH_KNOTS ( ( 4, 4 ),
 ( 0.0000000000000000000, 1.000000000000000000 ),
 .UNSPECIFIED. )
 CURVE ( )  GEOMETRIC_REPRESENTATION_ITEM ( )  RATIONAL_B_SPLINE_CURVE ( ( 1.000000000000000000, 0.5387894257819942900, 0.5387894257819942900, 1.000000000000000000 ) )
 REPRESENTATION_ITEM ( '' )  );
#5500 = VERTEX_POINT ( 'NONE', #2238 ) ;
#5501 = CARTESIAN_POINT ( 'NONE',  ( 2.247900000000000000, 0.6603999999999998800, -0.4953000000000003000 ) ) ;
#5502 = VECTOR ( 'NONE', #3644, 1000.000000000000000 ) ;
#5503 = CARTESIAN_POINT ( 'NONE',  ( -2.247900000000000000, 0.6299199999999999200, 1.587574770618867600 ) ) ;
#5504 = CARTESIAN_POINT ( 'NONE',  ( 1.544242545894418900, 0.6604000000000002100, -0.4194699029126214300 ) ) ;
#5505 = CARTESIAN_POINT ( 'NONE',  ( -2.247900000000000000, 0.6603999999999998800, -1.600200000000000100 ) ) ;
#5506 = CARTESIAN_POINT ( 'NONE',  ( -1.489875705765618700, 1.432662312704499700, 0.8673807348906040800 ) ) ;
#5507 = ADVANCED_FACE ( 'NONE', ( #1477 ), #3242, .F. ) ;
#5508 = ORIENTED_EDGE ( 'NONE', *, *, #3696, .T. ) ;
#5509 = CYLINDRICAL_SURFACE ( 'NONE', #3925, 0.03048000000000004900 ) ;
#5510 = EDGE_CURVE ( 'NONE', #1200, #5205, #1088, .T. ) ;
#5511 = AXIS2_PLACEMENT_3D ( 'NONE', #1915, #6240, #2540 ) ;
#5512 = CARTESIAN_POINT ( 'NONE',  ( 0.4416971632238546600, 0.6603999999999997600, 1.569720000000000000 ) ) ;
#5513 = CARTESIAN_POINT ( 'NONE',  ( 0.0000000000000000000, 1.447800000000000000, -0.04317999999999998900 ) ) ;
#5514 = ORIENTED_EDGE ( 'NONE', *, *, #7433, .T. ) ;
#5515 = DIRECTION ( 'NONE',  ( -0.0000000000000000000, 1.000000000000000000, -0.0000000000000000000 ) ) ;
#5516 = LINE ( 'NONE', #5501, #2038 ) ;
#5517 = FACE_OUTER_BOUND ( 'NONE', #1711, .T. ) ;
#5518 = EDGE_CURVE ( 'NONE', #7377, #4544, #2731, .T. ) ;
#5519 = DIRECTION ( 'NONE',  ( -1.000000000000000000, 0.0000000000000000000, 2.188980764154056600E-016 ) ) ;
#5520 = ADVANCED_FACE ( 'NONE', ( #2527 ), #7253, .T. ) ;
#5521 = CARTESIAN_POINT ( 'NONE',  ( 0.0000000000000000000, 1.417319999999999700, 0.0000000000000000000 ) ) ;
#5522 = ORIENTED_EDGE ( 'NONE', *, *, #4365, .T. ) ;
#5523 = DIRECTION ( 'NONE',  ( -1.000000000000000000, 0.0000000000000000000, 0.0000000000000000000 ) ) ;
#5524 = CARTESIAN_POINT ( 'NONE',  ( -0.4190999999939393800, 0.6609523460680368800, 1.568577365081715900 ) ) ;
#5525 = EDGE_LOOP ( 'NONE', ( #4292, #3009, #258 ) ) ;
#5526 = FACE_OUTER_BOUND ( 'NONE', #5572, .T. ) ;
#5527 = EDGE_LOOP ( 'NONE', ( #5896, #6393, #1136, #3525 ) ) ;
#5528 = CARTESIAN_POINT ( 'NONE',  ( 0.2285999999999999700, 1.447800000000000000, -0.6868575179758900100 ) ) ;
#5529 = DIRECTION ( 'NONE',  ( 0.0000000000000000000, -0.0000000000000000000, 1.000000000000000000 ) ) ;
#5530 = CARTESIAN_POINT ( 'NONE',  ( 1.514828432814185400, 1.013474388114930800, 0.3810000000000000100 ) ) ;
#5531 = VERTEX_POINT ( 'NONE', #7358 ) ;
#5532 = CARTESIAN_POINT ( 'NONE',  ( -2.247900000000000900, 1.084202172485504400E-016, 0.4952999999999996300 ) ) ;
#5533 = CARTESIAN_POINT ( 'NONE',  ( -1.866900000000000000, 0.6299199999999998100, -0.9651999999999998400 ) ) ;
#5534 = ORIENTED_EDGE ( 'NONE', *, *, #7408, .T. ) ;
#5535 = CARTESIAN_POINT ( 'NONE',  ( 0.0000000000000000000, 1.447800000000000000, -1.135380000000000100 ) ) ;
#5536 = ORIENTED_EDGE ( 'NONE', *, *, #4050, .T. ) ;
#5537 =( BOUNDED_SURFACE ( )  B_SPLINE_SURFACE ( 3, 2, (
 ( #1593, #6524, #4071 ),
 ( #410, #4691, #1000 ),
 ( #5303, #1620, #5929 ),
 ( #2235, #6553, #2865 ),
 ( #7167, #3479, #7779 ),
 ( #4105, #437, #4715 ) ),
 .UNSPECIFIED., .F., .F., .F. )
 B_SPLINE_SURFACE_WITH_KNOTS ( ( 4, 2, 4 ),
 ( 3, 3 ),
 ( 0.0000000000000000000, 0.0003187955086209427500, 0.0006375910172418855100 ),
 ( 0.0000000000000000000, 1.000000000000000000 ),
 .UNSPECIFIED. )
 GEOMETRIC_REPRESENTATION_ITEM ( )  RATIONAL_B_SPLINE_SURFACE ( (
 ( 1.000000000000000000, 0.6073977599851270200, 1.000000000000000000),
 ( 1.000000000000000000, 0.6063500332320960200, 1.000000000000000000),
 ( 1.000000000000000000, 0.6326208338800192200, 1.000000000000000000),
 ( 1.000000000000000000, 0.6836702882344145600, 1.000000000000000000),
 ( 1.000000000000000000, 0.7070240068186831600, 1.000000000000000000),
 ( 1.000000000000000000, 0.7070657797047239500, 1.000000000000000000) ) )
 REPRESENTATION_ITEM ( '' )  SURFACE ( )  );
#5538 = VERTEX_POINT ( 'NONE', #6735 ) ;
#5539 = ORIENTED_EDGE ( 'NONE', *, *, #1394, .F. ) ;
#5540 = EDGE_CURVE ( 'NONE', #1304, #6939, #7447, .T. ) ;
#5541 = LINE ( 'NONE', #3563, #5355 ) ;
#5542 = CARTESIAN_POINT ( 'NONE',  ( 0.4341116455400889100, 0.6603999999999998800, 1.570759491546752200 ) ) ;
#5543 = CARTESIAN_POINT ( 'NONE',  ( 0.1905000000000001400, 0.9144000000000002100, -6.762205290378619100E-018 ) ) ;
#5544 = EDGE_LOOP ( 'NONE', ( #5091, #1060, #7741 ) ) ;
#5545 = SURFACE_STYLE_USAGE ( .BOTH. , #1243 ) ;
#5546 = CARTESIAN_POINT ( 'NONE',  ( 1.514828402163096400, 7.512325129353056000, -0.4114799999999999600 ) ) ;
#5547 = ORIENTED_EDGE ( 'NONE', *, *, #4334, .F. ) ;
#5548 = ADVANCED_FACE ( 'NONE', ( #4369 ), #1217, .F. ) ;
#5549 = SURFACE_SIDE_STYLE ('',( #4494 ) ) ;
#5550 = CYLINDRICAL_SURFACE ( 'NONE', #1859, 0.03047999999999991000 ) ;
#5551 = CARTESIAN_POINT ( 'NONE',  ( -1.866900000000000000, 0.6299199999999998100, -0.9347199999999995500 ) ) ;
#5552 = LINE ( 'NONE', #7897, #5364 ) ;
#5553 = DIRECTION ( 'NONE',  ( -1.000000000000000000, 0.0000000000000000000, 0.0000000000000000000 ) ) ;
#5554 = CARTESIAN_POINT ( 'NONE',  ( 0.0000000000000000000, 0.0000000000000000000, 1.569720000000000000 ) ) ;
#5555 = CARTESIAN_POINT ( 'NONE',  ( 2.235120421975475700, 0.6478732889150993200, 0.7800229518704356900 ) ) ;
#5556 = DIRECTION ( 'NONE',  ( 0.0000000000000000000, 1.000000000000000000, 0.0000000000000000000 ) ) ;
#5557 = ORIENTED_EDGE ( 'NONE', *, *, #4987, .F. ) ;
#5558 = CARTESIAN_POINT ( 'NONE',  ( 1.600179212630528300, 1.295312181078193100, 0.008181597756636967100 ) ) ;
#5559 = ORIENTED_EDGE ( 'NONE', *, *, #2668, .T. ) ;
#5560 = DIRECTION ( 'NONE',  ( 0.0000000000000000000, 1.000000000000000000, 0.0000000000000000000 ) ) ;
#5561 = FACE_OUTER_BOUND ( 'NONE', #6212, .T. ) ;
#5562 = FACE_OUTER_BOUND ( 'NONE', #5593, .T. ) ;
#5563 = VERTEX_POINT ( 'NONE', #6761 ) ;
#5564 = CARTESIAN_POINT ( 'NONE',  ( 2.217420000000001100, 1.592421940838084600E-016, 0.7493747706188675900 ) ) ;
#5565 = EDGE_CURVE ( 'NONE', #515, #7417, #3980, .T. ) ;
#5566 = ADVANCED_FACE ( 'NONE', ( #899 ), #3799, .T. ) ;
#5567 = ORIENTED_EDGE ( 'NONE', *, *, #4988, .F. ) ;
#5568 = DIRECTION ( 'NONE',  ( -0.0000000000000000000, -1.000000000000000000, -0.0000000000000000000 ) ) ;
#5569 = CYLINDRICAL_SURFACE ( 'NONE', #32, 0.03048000000000004900 ) ;
#5570 = B_SPLINE_CURVE_WITH_KNOTS ( 'NONE', 3,
 ( #5342, #2709, #5288, #5372, #5395, #5674, #5692, #5719, #5745, #5772, #5801, #5830, #5857, #5883, #5911, #5939 ),
 .UNSPECIFIED., .F., .F.,
 ( 4, 3, 3, 3, 3, 4 ),
 ( 2.168404344971008900E-019, 8.202919587512908800E-006, 1.639460115133350200E-005, 2.475981229375667300E-005, 3.353730179748807700E-005, 4.080717287562541300E-005 ),
 .UNSPECIFIED. ) ;
#5571 = PRESENTATION_STYLE_ASSIGNMENT (( #7861 ) ) ;
#5572 = EDGE_LOOP ( 'NONE', ( #4354, #3407, #6538 ) ) ;
#5573 = CARTESIAN_POINT ( 'NONE',  ( 0.0000000000000000000, 1.417319999999999700, -0.8585199999999996200 ) ) ;
#5574 = CARTESIAN_POINT ( 'NONE',  ( -0.3886199999999958000, 0.01262522938113193300, -1.511300000000000100 ) ) ;
#5575 = CARTESIAN_POINT ( 'NONE',  ( -2.247900000000000000, 0.03048000000000004900, -1.600200000000000100 ) ) ;
#5576 = VERTEX_POINT ( 'NONE', #4936 ) ;
#5577 = DIRECTION ( 'NONE',  ( 0.0000000000000000000, 1.000000000000000000, 0.0000000000000000000 ) ) ;
#5578 = CARTESIAN_POINT ( 'NONE',  ( -0.2285999999999998900, 1.346199999999999800, -0.2199704525612475300 ) ) ;
#5579 = DIRECTION ( 'NONE',  ( 0.0000000000000000000, 0.0000000000000000000, -1.000000000000000000 ) ) ;
#5580 = PRESENTATION_LAYER_ASSIGNMENT (  '', '', ( #4749 ) ) ;
#5581 = CARTESIAN_POINT ( 'NONE',  ( 0.4264427457909859600, 0.6603435624960857200, -1.571836224997049000 ) ) ;
#5582 = AXIS2_PLACEMENT_3D ( 'NONE', #5317, #5886, #5967 ) ;
#5583 =( BOUNDED_CURVE ( )  B_SPLINE_CURVE ( 3, ( #455, #2301, #3556, #7838 ),
 .UNSPECIFIED., .F., .F. )
 B_SPLINE_CURVE_WITH_KNOTS ( ( 4, 4 ),
 ( 0.0000000000000000000, 1.000000000000000000 ),
 .UNSPECIFIED. )
 CURVE ( )  GEOMETRIC_REPRESENTATION_ITEM ( )  RATIONAL_B_SPLINE_CURVE ( ( 1.000000000000000000, 0.8111775875080096100, 0.8111775875080096100, 1.000000000000000000 ) )
 REPRESENTATION_ITEM ( '' )  );
#5584 = CARTESIAN_POINT ( 'NONE',  ( -0.4190999999999958600, 0.08889999999999993700, -1.587574770618868100 ) ) ;
#5585 = EDGE_CURVE ( 'NONE', #4338, #7822, #4174, .T. ) ;
#5586 = DIRECTION ( 'NONE',  ( 0.0000000000000000000, 0.0000000000000000000, -1.000000000000000000 ) ) ;
#5587 = CARTESIAN_POINT ( 'NONE',  ( 0.0000000000000000000, 0.6934199999999998100, 1.569720000000000000 ) ) ;
#5588 = CARTESIAN_POINT ( 'NONE',  ( -1.866900000000000000, 0.5968999999999998800, -1.219199999999999800 ) ) ;
#5589 = EDGE_CURVE ( 'NONE', #1037, #526, #5419, .T. ) ;
#5590 = ORIENTED_EDGE ( 'NONE', *, *, #3440, .F. ) ;
#5591 = ORIENTED_EDGE ( 'NONE', *, *, #3083, .F. ) ;
#5592 = CARTESIAN_POINT ( 'NONE',  ( -0.4172616706710589000, 0.6585616706710629700, 1.589185708514567300 ) ) ;
#5593 = EDGE_LOOP ( 'NONE', ( #787, #6205, #1887, #1680 ) ) ;
#5594 = CARTESIAN_POINT ( 'NONE',  ( 1.460500000000000400, 1.130299999999999900, 0.4952999999999996300 ) ) ;
#5595 = CARTESIAN_POINT ( 'NONE',  ( 0.3886199999999961900, -3.388131789017201400E-018, -1.480820000000000200 ) ) ;
#5596 = LINE ( 'NONE', #4333, #7043 ) ;
#5597 = ORIENTED_EDGE ( 'NONE', *, *, #2444, .T. ) ;
#5598 = DIRECTION ( 'NONE',  ( -1.000000000000000000, -0.0000000000000000000, -0.0000000000000000000 ) ) ;
#5599 = ORIENTED_EDGE ( 'NONE', *, *, #2194, .F. ) ;
#5600 = ORIENTED_EDGE ( 'NONE', *, *, #1888, .F. ) ;
#5601 = DIRECTION ( 'NONE',  ( 0.0000000000000000000, 0.0000000000000000000, 1.000000000000000000 ) ) ;
#5602 = VECTOR ( 'NONE', #7002, 1000.000000000000000 ) ;
#5603 = CARTESIAN_POINT ( 'NONE',  ( -0.4495799999999958700, 0.6603999999999998800, -1.569720000000000000 ) ) ;
#5604 = EDGE_CURVE ( 'NONE', #6718, #358, #7065, .T. ) ;
#5605 = CARTESIAN_POINT ( 'NONE',  ( 0.0000000000000000000, 1.288650937169677500, 1.104899999916142400 ) ) ;
#5606 = AXIS2_PLACEMENT_3D ( 'NONE', #6535, #6558, #6614 ) ;
#5607 = EDGE_CURVE ( 'NONE', #1988, #7200, #2322, .T. ) ;
#5608 = ORIENTED_EDGE ( 'NONE', *, *, #6348, .F. ) ;
#5609 = CARTESIAN_POINT ( 'NONE',  ( 1.520032758656910900, 1.029947496939418400, 0.3627004108561084900 ) ) ;
#5610 = CARTESIAN_POINT ( 'NONE',  ( 0.4190912154645302100, 0.6622703254338653300, -1.544364463925348400 ) ) ;
#5611 = ADVANCED_FACE ( 'NONE', ( #6871 ), #6203, .F. ) ;
#5612 = EDGE_LOOP ( 'NONE', ( #7270, #1014, #3533, #1101 ) ) ;
#5613 = CARTESIAN_POINT ( 'NONE',  ( -1.492744414509148400, 0.6603999999999995400, -0.8938407424082508400 ) ) ;
#5614 = VECTOR ( 'NONE', #7595, 1000.000000000000000 ) ;
#5615 = DIRECTION ( 'NONE',  ( 0.0000000000000000000, -0.0000000000000000000, 1.000000000000000000 ) ) ;
#5616 = CARTESIAN_POINT ( 'NONE',  ( -2.435859999999999000, 0.6603999999999998800, 0.9347200000000006600 ) ) ;
#5617 = CARTESIAN_POINT ( 'NONE',  ( 1.104897473085507500, 1.435174770618868000, 0.002363042373783633500 ) ) ;
#5618 = VECTOR ( 'NONE', #606, 1000.000000000000000 ) ;
#5619 = CARTESIAN_POINT ( 'NONE',  ( -0.2920999999999991400, 1.295188274504349900, 0.01269999999999998400 ) ) ;
#5620 = EDGE_LOOP ( 'NONE', ( #6525, #2302, #3170, #5200, #1465, #6213 ) ) ;
#5621 = ORIENTED_EDGE ( 'NONE', *, *, #6647, .T. ) ;
#5622 = FACE_OUTER_BOUND ( 'NONE', #6022, .T. ) ;
#5623 = VECTOR ( 'NONE', #1890, 1000.000000000000000 ) ;
#5624 = AXIS2_PLACEMENT_3D ( 'NONE', #3655, #4854, #4269 ) ;
#5625 = CARTESIAN_POINT ( 'NONE',  ( 1.412927103711796800, 0.6299199999999999200, 1.597027355825620900 ) ) ;
#5626 = CARTESIAN_POINT ( 'NONE',  ( 0.2067595454272460600, 0.6979650973085828000, -1.600200000000000500 ) ) ;
#5627 = DIRECTION ( 'NONE',  ( 0.0000000000000000000, 0.0000000000000000000, 1.000000000000000000 ) ) ;
#5628 = ORIENTED_EDGE ( 'NONE', *, *, #1394, .T. ) ;
#5629 = CARTESIAN_POINT ( 'NONE',  ( -1.326162431689552800, 1.447800000000000000, -0.8585199999999996200 ) ) ;
#5630 = DIRECTION ( 'NONE',  ( -1.000000000000000000, -0.0000000000000000000, 0.0000000000000000000 ) ) ;
#5631 = ORIENTED_EDGE ( 'NONE', *, *, #3926, .T. ) ;
#5632 = EDGE_CURVE ( 'NONE', #1770, #2188, #5721, .T. ) ;
#5633 = FACE_OUTER_BOUND ( 'NONE', #181, .T. ) ;
#5634 = ORIENTED_EDGE ( 'NONE', *, *, #4420, .T. ) ;
#5635 = CARTESIAN_POINT ( 'NONE',  ( 0.4184718478973296600, 0.6907671416778301500, -1.544532780815215800 ) ) ;
#5636 = ORIENTED_EDGE ( 'NONE', *, *, #4091, .T. ) ;
#5637 = DIRECTION ( 'NONE',  ( 0.0000000000000000000, 0.0000000000000000000, 1.000000000000000000 ) ) ;
#5638 = ORIENTED_EDGE ( 'NONE', *, *, #3023, .F. ) ;
#5639 = CARTESIAN_POINT ( 'NONE',  ( -0.05234161613525821500, 0.7202887693614304900, 1.600183333469661600 ) ) ;
#5640 = DIRECTION ( 'NONE',  ( -1.000000000000000000, 0.0000000000000000000, 0.0000000000000000000 ) ) ;
#5641 = CIRCLE ( 'NONE', #4044, 1.600200000000000100 ) ;
#5642 = AXIS2_PLACEMENT_3D ( 'NONE', #7455, #7428, #7381 ) ;
#5643 = B_SPLINE_CURVE_WITH_KNOTS ( 'NONE', 3,
 ( #3394, #5218, #915, #5445, #4833, #4224, #1754, #1143 ),
 .UNSPECIFIED., .F., .F.,
 ( 4, 2, 2, 4 ),
 ( 0.0000000000000000000, 0.4999999999999974500, 0.7499999999999986700, 1.000000000000000000 ),
 .UNSPECIFIED. ) ;
#5644 = EDGE_LOOP ( 'NONE', ( #7494, #503, #3610, #5984 ) ) ;
#5645 = CARTESIAN_POINT ( 'NONE',  ( 1.514738666078486500, 0.6908799999999996100, -0.5159523364485986100 ) ) ;
#5646 = CARTESIAN_POINT ( 'NONE',  ( -0.2182758837303105700, 1.422400000000000600, 0.6902078299916280000 ) ) ;
#5647 = ADVANCED_FACE ( 'NONE', ( #522, #1944 ), #3762, .F. ) ;
#5648 = DIRECTION ( 'NONE',  ( 0.0000000000000000000, 0.0000000000000000000, -1.000000000000000000 ) ) ;
#5649 = ORIENTED_EDGE ( 'NONE', *, *, #7574, .T. ) ;
#5650 = LINE ( 'NONE', #6010, #4019 ) ;
#5651 = AXIS2_PLACEMENT_3D ( 'NONE', #6762, #6737, #6708 ) ;
#5652 = EDGE_CURVE ( 'NONE', #637, #6361, #4300, .T. ) ;
#5653 = CARTESIAN_POINT ( 'NONE',  ( -1.646607769979138800, 0.6603999999999996500, -0.6317101103747752000 ) ) ;
#5654 = CIRCLE ( 'NONE', #4137, 0.03048000000000014900 ) ;
#5655 = EDGE_CURVE ( 'NONE', #1806, #7860, #6675, .T. ) ;
#5656 = EDGE_CURVE ( 'NONE', #4132, #3209, #347, .T. ) ;
#5657 = DIRECTION ( 'NONE',  ( 0.0000000000000000000, 0.0000000000000000000, 1.000000000000000000 ) ) ;
#5658 = PRODUCT_DEFINITION_CONTEXT ( 'detailed design', #3411, 'design' ) ;
#5659 = DIRECTION ( 'NONE',  ( 1.000000000000000000, 0.0000000000000000000, 0.0000000000000000000 ) ) ;
#5660 = ORIENTED_EDGE ( 'NONE', *, *, #856, .F. ) ;
#5661 = FACE_OUTER_BOUND ( 'NONE', #3821, .T. ) ;
#5662 = FACE_OUTER_BOUND ( 'NONE', #4098, .T. ) ;
#5663 = VERTEX_POINT ( 'NONE', #2821 ) ;
#5664 = ORIENTED_EDGE ( 'NONE', *, *, #6064, .F. ) ;
#5665 = CARTESIAN_POINT ( 'NONE',  ( -2.435860000000000400, 0.6603999999999998800, 1.503679999999999700 ) ) ;
#5666 = AXIS2_PLACEMENT_3D ( 'NONE', #5594, #7448, #3774 ) ;
#5667 = VECTOR ( 'NONE', #2193, 1000.000000000000000 ) ;
#5668 = CARTESIAN_POINT ( 'NONE',  ( -2.247900000000000000, 0.01262522938113201300, -0.5079252293811323800 ) ) ;
#5669 = CARTESIAN_POINT ( 'NONE',  ( -1.866900000000000000, 0.6095999999999999200, -1.219199999999999800 ) ) ;
#5670 = FACE_OUTER_BOUND ( 'NONE', #3955, .T. ) ;
#5671 = ORIENTED_EDGE ( 'NONE', *, *, #5913, .F. ) ;
#5672 = ORIENTED_EDGE ( 'NONE', *, *, #3954, .F. ) ;
#5673 = DIRECTION ( 'NONE',  ( 0.0000000000000000000, 0.0000000000000000000, -1.000000000000000000 ) ) ;
#5674 = CARTESIAN_POINT ( 'NONE',  ( -0.2285999999999904800, 1.435511027709327500, 0.6831878320248723200 ) ) ;
#5675 = CARTESIAN_POINT ( 'NONE',  ( 1.405318419487914000, -0.0001681812515681385200, 1.587420421975473700 ) ) ;
#5676 = EDGE_CURVE ( 'NONE', #6830, #3743, #3601, .T. ) ;
#5677 = VECTOR ( 'NONE', #1828, 1000.000000000000000 ) ;
#5678 = CARTESIAN_POINT ( 'NONE',  ( -0.4190999999999957500, 0.08890000000000000700, 1.600200000000000100 ) ) ;
#5679 = EDGE_CURVE ( 'NONE', #7719, #7190, #5050, .T. ) ;
#5680 = DIRECTION ( 'NONE',  ( -1.000000000000000000, 0.0000000000000000000, 0.0000000000000000000 ) ) ;
#5681 = DIRECTION ( 'NONE',  ( 1.000000000000000000, 0.0000000000000000000, 0.0000000000000000000 ) ) ;
#5682 = DIRECTION ( 'NONE',  ( 0.0000000000000000000, 0.0000000000000000000, -1.000000000000000000 ) ) ;
#5683 = PRESENTATION_LAYER_ASSIGNMENT (  '', '', ( #4859 ) ) ;
#5684 = ADVANCED_FACE ( 'NONE', ( #1568 ), #6291, .T. ) ;
#5685 = CARTESIAN_POINT ( 'NONE',  ( -1.572260000000000900, 0.1117600000000006900, 0.4952999999999996300 ) ) ;
#5686 = VERTEX_POINT ( 'NONE', #2222 ) ;
#5687 = ORIENTED_EDGE ( 'NONE', *, *, #5656, .T. ) ;
#5688 = CARTESIAN_POINT ( 'NONE',  ( 1.409700000000008600, 0.6299199999999998100, -1.600200000000000100 ) ) ;
#5689 = CARTESIAN_POINT ( 'NONE',  ( -1.463489722546762500, 0.6908799999999996100, -0.8889999999999995700 ) ) ;
#5690 = PLANE ( 'NONE',  #2054 ) ;
#5691 = DIRECTION ( 'NONE',  ( -0.0000000000000000000, -1.000000000000000000, -0.0000000000000000000 ) ) ;
#5692 = CARTESIAN_POINT ( 'NONE',  ( -0.2285999999999904800, 1.437652751975182900, 0.6814913601337762000 ) ) ;
#5693 = EDGE_CURVE ( 'NONE', #1426, #1461, #3210, .T. ) ;
#5694 = ORIENTED_EDGE ( 'NONE', *, *, #2601, .F. ) ;
#5695 = VECTOR ( 'NONE', #2997, 1000.000000000000000 ) ;
#5696 = DIRECTION ( 'NONE',  ( -0.0000000000000000000, -1.000000000000000000, -0.0000000000000000000 ) ) ;
#5697 = VECTOR ( 'NONE', #253, 1000.000000000000000 ) ;
#5698 = CARTESIAN_POINT ( 'NONE',  ( 1.569125987930860800, 1.447800000000000000, 0.04317999999999980200 ) ) ;
#5699 = CARTESIAN_POINT ( 'NONE',  ( -0.4190999999999958600, 0.03048000000000017400, 1.569720000000000200 ) ) ;
#5700 = CARTESIAN_POINT ( 'NONE',  ( -0.4495799999999958700, 0.03047999999999604200, 1.600200000000000100 ) ) ;
#5701 = EDGE_CURVE ( 'NONE', #6887, #2132, #7890, .T. ) ;
#5702 = CARTESIAN_POINT ( 'NONE',  ( -0.4190999999903521300, 0.6605023053445304700, 1.570750303145064500 ) ) ;
#5703 = ORIENTED_EDGE ( 'NONE', *, *, #5135, .F. ) ;
#5704 = DIRECTION ( 'NONE',  ( 0.0000000000000000000, 0.0000000000000000000, 1.000000000000000000 ) ) ;
#5705 = VERTEX_POINT ( 'NONE', #2852 ) ;
#5706 = CARTESIAN_POINT ( 'NONE',  ( -2.247900000000000000, 0.01262522938113197800, 1.569720000000000200 ) ) ;
#5707 = CIRCLE ( 'NONE', #3751, 0.03047999999999996200 ) ;
#5708 = CARTESIAN_POINT ( 'NONE',  ( -2.247900000000000000, 0.6299199999999997000, -1.569720000000000000 ) ) ;
#5709 = CARTESIAN_POINT ( 'NONE',  ( -0.4230832267467682400, 0.0000000000000000000, -1.481204363613630900 ) ) ;
#5710 = VECTOR ( 'NONE', #6906, 1000.000000000000100 ) ;
#5711 = AXIS2_PLACEMENT_3D ( 'NONE', #4085, #422, #4706 ) ;
#5712 = EDGE_CURVE ( 'NONE', #4296, #4191, #3015, .T. ) ;
#5713 = AXIS2_PLACEMENT_3D ( 'NONE', #2855, #1022, #5319 ) ;
#5714 = VERTEX_POINT ( 'NONE', #6560 ) ;
#5715 = CARTESIAN_POINT ( 'NONE',  ( -0.2182758837303100700, 1.437278975515723400, -0.6902078299916278900 ) ) ;
#5716 = EDGE_LOOP ( 'NONE', ( #4030, #7673, #2497, #3986, #7795 ) ) ;
#5717 = VECTOR ( 'NONE', #133, 1000.000000000000000 ) ;
#5718 = ORIENTED_EDGE ( 'NONE', *, *, #7848, .F. ) ;
#5719 = CARTESIAN_POINT ( 'NONE',  ( -0.2285999999999904800, 1.439840503585228400, 0.6797584297233063600 ) ) ;
#5720 = ADVANCED_FACE ( 'NONE', ( #4649 ), #7787, .F. ) ;
#5721 = B_SPLINE_CURVE_WITH_KNOTS ( 'NONE', 3,
 ( #4371, #103, #685, #4998, #1297, #5609, #1910, #6230, #2529, #6844, #3159, #7465, #3787, #134, #4399, #713, #5026, #5832, #2136, #6453, #2768, #7075, #3383, #7688, #4011, #343, #4618, #933, #5235 ),
 .UNSPECIFIED., .F., .F.,
 ( 4, 2, 1, 2, 2, 2, 1, 1, 2, 2, 2, 2, 2, 2, 2, 4 ),
 ( 0.0000000000000000000, 0.06249999999999986100, 0.09374999999999979200, 0.1093749999999997900, 0.1249999999999998100, 0.1874999999999998100, 0.2187499999999997200, 0.2343749999999998100, 0.2421874999999998600, 0.2499999999999998900, 0.3749999999999920600, 0.4374999999999882900, 0.4687499999999867300, 0.4843749999999863400, 0.4999999999999859000, 1.000000000000000000 ),
 .UNSPECIFIED. ) ;
#5722 = CARTESIAN_POINT ( 'NONE',  ( -1.009143928849981500, 1.447799999999999500, -1.337478774788859200 ) ) ;
#5723 = ORIENTED_EDGE ( 'NONE', *, *, #5375, .T. ) ;
#5724 = VERTEX_POINT ( 'NONE', #3494 ) ;
#5725 = FACE_OUTER_BOUND ( 'NONE', #3324, .T. ) ;
#5726 = AXIS2_PLACEMENT_3D ( 'NONE', #1536, #2127, #7093 ) ;
#5727 = CARTESIAN_POINT ( 'NONE',  ( 2.235120421975475200, -0.0001681812515676107300, -0.7673280595339673200 ) ) ;
#5728 = VERTEX_POINT ( 'NONE', #5347 ) ;
#5729 = ORIENTED_EDGE ( 'NONE', *, *, #7172, .T. ) ;
#5730 = CARTESIAN_POINT ( 'NONE',  ( 1.390439482815922100E-016, 1.447799999999999800, 1.135380000000000100 ) ) ;
#5731 = AXIS2_PLACEMENT_3D ( 'NONE', #5198, #5222, #5251 ) ;
#5732 = DIRECTION ( 'NONE',  ( 1.000000000000000000, -0.0000000000000000000, -0.0000000000000000000 ) ) ;
#5733 = EDGE_CURVE ( 'NONE', #1030, #4709, #7726, .T. ) ;
#5734 = ORIENTED_EDGE ( 'NONE', *, *, #2592, .F. ) ;
#5735 = ORIENTED_EDGE ( 'NONE', *, *, #7049, .F. ) ;
#5736 = CARTESIAN_POINT ( 'NONE',  ( 2.247900000000000900, 0.6603999999999998800, 0.7619999999999996800 ) ) ;
#5737 = CARTESIAN_POINT ( 'NONE',  ( 1.535474124906542400, 0.6559606810422774500, 0.4952811662967835900 ) ) ;
#5738 = CARTESIAN_POINT ( 'NONE',  ( 0.2182758837303105700, 1.422400000000000600, -0.6902078299916278900 ) ) ;
#5739 = ORIENTED_EDGE ( 'NONE', *, *, #1109, .T. ) ;
#5740 = CARTESIAN_POINT ( 'NONE',  ( -1.516380000000000300, 0.1117600000000007100, 0.4952999999999996300 ) ) ;
#5741 = DIRECTION ( 'NONE',  ( -0.7071067811865510100, 0.0000000000000000000, 0.7071067811865440200 ) ) ;
#5742 = CIRCLE ( 'NONE', #7788, 0.03048000000000004900 ) ;
#5743 = VECTOR ( 'NONE', #1599, 1000.000000000000000 ) ;
#5744 = ORIENTED_EDGE ( 'NONE', *, *, #11, .F. ) ;
#5745 = CARTESIAN_POINT ( 'NONE',  ( -0.2285999999999960600, 1.441763043089886900, 0.6776373538901820900 ) ) ;
#5746 = DIRECTION ( 'NONE',  ( 0.0000000000000000000, 0.0000000000000000000, -1.000000000000000000 ) ) ;
#5747 = AXIS2_PLACEMENT_3D ( 'NONE', #4284, #597, #4903 ) ;
#5748 = ORIENTED_EDGE ( 'NONE', *, *, #189, .F. ) ;
#5749 = VERTEX_POINT ( 'NONE', #5966 ) ;
#5750 = EDGE_CURVE ( 'NONE', #7307, #3693, #6485, .T. ) ;
#5751 = AXIS2_PLACEMENT_3D ( 'NONE', #6008, #7246, #1181 ) ;
#5752 = EDGE_CURVE ( 'NONE', #6102, #2236, #6097, .T. ) ;
#5753 = LINE ( 'NONE', #7894, #5376 ) ;
#5754 = CARTESIAN_POINT ( 'NONE',  ( -1.460500000000000100, 0.1117600000000007100, 0.4952999999999996300 ) ) ;
#5755 = CARTESIAN_POINT ( 'NONE',  ( 0.4191000000044066100, 0.6671945750195271700, -1.555508593007487700 ) ) ;
#5756 = CARTESIAN_POINT ( 'NONE',  ( -2.209800000000000000, 1.417319999999999700, -1.104899999999999500 ) ) ;
#5757 = EDGE_LOOP ( 'NONE', ( #5444, #2777, #3153, #5124 ) ) ;
#5758 = CARTESIAN_POINT ( 'NONE',  ( -1.654659406041013800, 0.6875740461791880500, 0.4952999999999990700 ) ) ;
#5759 = CARTESIAN_POINT ( 'NONE',  ( 1.563028994948469700, 0.6299199999992628500, -0.4952999946780519700 ) ) ;
#5760 = DIRECTION ( 'NONE',  ( -0.0000000000000000000, -1.000000000000000000, -0.0000000000000000000 ) ) ;
#5761 = LINE ( 'NONE', #5083, #5847 ) ;
#5762 = ADVANCED_FACE ( 'NONE', ( #1748 ), #2871, .T. ) ;
#5763 = LINE ( 'NONE', #531, #7782 ) ;
#5764 = EDGE_LOOP ( 'NONE', ( #1584, #3237, #6366, #6540 ) ) ;
#5765 = CARTESIAN_POINT ( 'NONE',  ( 2.217420000000001100, 0.6299199999999998100, 0.5257799999999996900 ) ) ;
#5766 = DIRECTION ( 'NONE',  ( 0.0000000000000000000, -0.0000000000000000000, 1.000000000000000000 ) ) ;
#5767 = CARTESIAN_POINT ( 'NONE',  ( 0.3886199999999958000, 0.01262522938113193300, 1.511300000000000100 ) ) ;
#5768 = DIRECTION ( 'NONE',  ( 0.0000000000000000000, 1.000000000000000000, -0.0000000000000000000 ) ) ;
#5769 = CARTESIAN_POINT ( 'NONE',  ( 1.460500000000000600, 1.130299999999999900, 0.4952999999999998500 ) ) ;
#5770 = CARTESIAN_POINT ( 'NONE',  ( 1.104827009083322500, 1.417319999999999700, 0.01270000000000016900 ) ) ;
#5771 = DIRECTION ( 'NONE',  ( 0.0000000000000000000, 0.0000000000000000000, -1.000000000000000000 ) ) ;
#5772 = CARTESIAN_POINT ( 'NONE',  ( -0.2285999999999960600, 1.443292156246468400, 0.6753025909752040600 ) ) ;
#5773 = CARTESIAN_POINT ( 'NONE',  ( -1.516070191620298500, 0.6603999999999995400, 0.8893650299401201200 ) ) ;
#5774 = EDGE_CURVE ( 'NONE', #7200, #6861, #4270, .T. ) ;
#5775 = UNCERTAINTY_MEASURE_WITH_UNIT (LENGTH_MEASURE( 1.000000000000000100E-005 ), #4201, 'distance_accuracy_value', 'NONE');
#5776 = AXIS2_PLACEMENT_3D ( 'NONE', #7881, #4237, #551 ) ;
#5777 = ORIENTED_EDGE ( 'NONE', *, *, #4620, .F. ) ;
#5778 = DIRECTION ( 'NONE',  ( 1.000000000000000000, -0.0000000000000000000, -0.0000000000000000000 ) ) ;
#5779 = ORIENTED_EDGE ( 'NONE', *, *, #2052, .T. ) ;
#5780 = DIRECTION ( 'NONE',  ( -1.000000000000000000, -0.0000000000000000000, -0.0000000000000000000 ) ) ;
#5781 = EDGE_CURVE ( 'NONE', #6628, #2057, #7534, .T. ) ;
#5782 =( BOUNDED_CURVE ( )  B_SPLINE_CURVE ( 3, ( #943, #4626, #5872, #2173 ),
 .UNSPECIFIED., .F., .F. )
 B_SPLINE_CURVE_WITH_KNOTS ( ( 4, 4 ),
 ( 0.0000000000000000000, 1.000000000000000000 ),
 .UNSPECIFIED. )
 CURVE ( )  GEOMETRIC_REPRESENTATION_ITEM ( )  RATIONAL_B_SPLINE_CURVE ( ( 1.000000000000000000, 0.5515151515151515100, 0.5515151515151515100, 1.000000000000000000 ) )
 REPRESENTATION_ITEM ( '' )  );
#5783 = CARTESIAN_POINT ( 'NONE',  ( 0.4190999999939399300, 0.6609523460680372100, -1.568577365081716300 ) ) ;
#5784 = CARTESIAN_POINT ( 'NONE',  ( 1.528866379438215400, 0.6603999999999977700, -0.4795696435855335000 ) ) ;
#5785 = DIRECTION ( 'NONE',  ( -0.0000000000000000000, -0.0000000000000000000, -1.000000000000000000 ) ) ;
#5786 = CARTESIAN_POINT ( 'NONE',  ( 1.134558606683674100, 1.447800000000000000, -0.04318000000000001700 ) ) ;
#5787 = CARTESIAN_POINT ( 'NONE',  ( 0.0000000000000000000, 1.346199999999999800, 0.0000000000000000000 ) ) ;
#5788 = LINE ( 'NONE', #1172, #1831 ) ;
#5789 = CARTESIAN_POINT ( 'NONE',  ( 0.4495799999999958700, 0.03048000000000004900, 1.569720000000000000 ) ) ;
#5790 = EDGE_LOOP ( 'NONE', ( #7564, #3350, #7011, #6078, #4954, #2401, #5559, #7226 ) ) ;
#5791 = DIRECTION ( 'NONE',  ( 0.0000000000000000000, -1.000000000000000000, 0.0000000000000000000 ) ) ;
#5792 = AXIS2_PLACEMENT_3D ( 'NONE', #82, #1301, #7721 ) ;
#5793 = FACE_OUTER_BOUND ( 'NONE', #2914, .T. ) ;
#5794 = CARTESIAN_POINT ( 'NONE',  ( 0.4495799999999963200, 0.03048000000000004900, -1.569720000000000000 ) ) ;
#5795 = ORIENTED_EDGE ( 'NONE', *, *, #3400, .F. ) ;
#5796 = CARTESIAN_POINT ( 'NONE',  ( 1.460500000000000600, 1.130299999999999900, 0.4952999999999996300 ) ) ;
#5797 = CARTESIAN_POINT ( 'NONE',  ( 1.525443794280483000, 0.6908789718250013500, 0.4845241008008910300 ) ) ;
#5798 = ORIENTED_EDGE ( 'NONE', *, *, #5676, .T. ) ;
#5799 = AXIS2_PLACEMENT_3D ( 'NONE', #4944, #4834, #4804 ) ;
#5800 = LINE ( 'NONE', #2074, #5614 ) ;
#5801 = CARTESIAN_POINT ( 'NONE',  ( -0.2285999999999960600, 1.444896002131880900, 0.6728537206097354700 ) ) ;
#5802 = EDGE_CURVE ( 'NONE', #7499, #4196, #5905, .T. ) ;
#5803 = EDGE_CURVE ( 'NONE', #2273, #7168, #2628, .T. ) ;
#5804 = ADVANCED_FACE ( 'NONE', ( #991 ), #4220, .F. ) ;
#5805 = DIRECTION ( 'NONE',  ( 0.0000000000000000000, -1.000000000000000000, -0.0000000000000000000 ) ) ;
#5806 = DIRECTION ( 'NONE',  ( -0.0000000000000000000, -1.000000000000000000, -0.0000000000000000000 ) ) ;
#5807 = VECTOR ( 'NONE', #5418, 1000.000000000000000 ) ;
#5808 = VECTOR ( 'NONE', #3652, 1000.000000000000000 ) ;
#5809 = CARTESIAN_POINT ( 'NONE',  ( 1.596444487510630100, 1.310724943909517700, 0.01269999999989405800 ) ) ;
#5810 = DIRECTION ( 'NONE',  ( -0.5000000000000001100, 0.0000000000000000000, 0.8660254037844386000 ) ) ;
#5811 =( BOUNDED_CURVE ( )  B_SPLINE_CURVE ( 3, ( #1470, #1499, #6426, #2738 ),
 .UNSPECIFIED., .F., .F. )
 B_SPLINE_CURVE_WITH_KNOTS ( ( 4, 4 ),
 ( 0.0000000000000000000, 1.000000000000000000 ),
 .UNSPECIFIED. )
 CURVE ( )  GEOMETRIC_REPRESENTATION_ITEM ( )  RATIONAL_B_SPLINE_CURVE ( ( 1.000000000000000000, 0.9228459245378355400, 0.9228459245378355400, 1.000000000000000000 ) )
 REPRESENTATION_ITEM ( '' )  );
#5812 = ADVANCED_FACE ( 'NONE', ( #4075 ), #5509, .F. ) ;
#5813 = DIRECTION ( 'NONE',  ( 0.0000000000000000000, -1.000000000000000000, 0.0000000000000000000 ) ) ;
#5814 = ORIENTED_EDGE ( 'NONE', *, *, #4352, .T. ) ;
#5815 = ORIENTED_EDGE ( 'NONE', *, *, #5733, .F. ) ;
#5816 = CIRCLE ( 'NONE', #595, 0.7239000000000001000 ) ;
#5817 =( BOUNDED_SURFACE ( )  B_SPLINE_SURFACE ( 3, 3, (
 ( #7144, #3511, #3646, #7781 ),
 ( #7354, #7095, #3795, #6006 ),
 ( #5982, #5958, #5555, #5487 ),
 ( #5008, #4977, #4536, #4510 ) ),
 .UNSPECIFIED., .F., .F., .F. )
 B_SPLINE_SURFACE_WITH_KNOTS ( ( 4, 4 ),
 ( 4, 4 ),
 ( 0.0000000000000000000, 1.000000000000000000 ),
 ( 0.0000000000000000000, 1.000000000000000000 ),
 .UNSPECIFIED. )
 GEOMETRIC_REPRESENTATION_ITEM ( )  RATIONAL_B_SPLINE_SURFACE ( (
 ( 1.000000000000000000, 0.8047378541243700400, 0.8047378541243700400, 1.000000000000000000),
 ( 0.8025111867385919000, 0.6458111303268160300, 0.6458111303268160300, 0.8025111867385919000),
 ( 0.8025111867385919000, 0.6458111303268160300, 0.6458111303268160300, 0.8025111867385919000),
 ( 1.000000000000000000, 0.8047378541243700400, 0.8047378541243700400, 1.000000000000000000) ) )
 REPRESENTATION_ITEM ( '' )  SURFACE ( )  );
#5818 = DIRECTION ( 'NONE',  ( 0.0000000000000000000, 0.0000000000000000000, -1.000000000000000000 ) ) ;
#5819 = EDGE_LOOP ( 'NONE', ( #4821, #1613, #3998, #7812, #1762, #6991, #6783, #2066, #1598, #3749, #4318, #2602 ) ) ;
#5820 = CARTESIAN_POINT ( 'NONE',  ( 0.4334411414813526000, 0.6908799999999997200, -1.540379439252336400 ) ) ;
#5821 = AXIS2_PLACEMENT_3D ( 'NONE', #7040, #7648, #3970 ) ;
#5822 = ORIENTED_EDGE ( 'NONE', *, *, #4592, .T. ) ;
#5823 = VECTOR ( 'NONE', #1936, 1000.000000000000000 ) ;
#5824 = ORIENTED_EDGE ( 'NONE', *, *, #660, .T. ) ;
#5825 = EDGE_CURVE ( 'NONE', #4196, #1895, #1437, .T. ) ;
#5826 = AXIS2_PLACEMENT_3D ( 'NONE', #5061, #1362, #5673 ) ;
#5827 = ORIENTED_EDGE ( 'NONE', *, *, #2857, .T. ) ;
#5828 = CARTESIAN_POINT ( 'NONE',  ( 0.4189406101714019400, 0.6602406101789698400, -1.572833036899878000 ) ) ;
#5829 = ORIENTED_EDGE ( 'NONE', *, *, #7556, .T. ) ;
#5830 = CARTESIAN_POINT ( 'NONE',  ( -0.2285999999999992800, 1.446109522229873400, 0.6701073447112427800 ) ) ;
#5831 = CONICAL_SURFACE ( 'NONE', #1142, 1.104899999916142400, 1.396263401537037200 ) ;
#5832 = CARTESIAN_POINT ( 'NONE',  ( 1.531359451129582000, 1.122181389886012700, 0.3198226823379569600 ) ) ;
#5833 = DIRECTION ( 'NONE',  ( 0.0000000000000000000, -0.0000000000000000000, -1.000000000000000000 ) ) ;
#5834 = ORIENTED_EDGE ( 'NONE', *, *, #6584, .F. ) ;
#5835 = CARTESIAN_POINT ( 'NONE',  ( 1.544624462606478500, 1.194032151231591900, -0.2589676943361383700 ) ) ;
#5836 = AXIS2_PLACEMENT_3D ( 'NONE', #299, #5810, #2117 ) ;
#5837 = DIRECTION ( 'NONE',  ( 0.0000000000000000000, 0.0000000000000000000, 1.000000000000000000 ) ) ;
#5838 = PLANE ( 'NONE',  #7083 ) ;
#5839 = DIRECTION ( 'NONE',  ( -1.000000000000000000, -0.0000000000000000000, -0.0000000000000000000 ) ) ;
#5840 = PLANE ( 'NONE',  #2385 ) ;
#5841 = ORIENTED_EDGE ( 'NONE', *, *, #581, .T. ) ;
#5842 = VECTOR ( 'NONE', #1110, 1000.000000000000000 ) ;
#5843 = LINE ( 'NONE', #5880, #2179 ) ;
#5844 = ADVANCED_FACE ( 'NONE', ( #2420 ), #53, .T. ) ;
#5845 = CARTESIAN_POINT ( 'NONE',  ( 1.516380330703346500, 0.9778855377320968500, -0.3755876187038620900 ) ) ;
#5846 = ORIENTED_EDGE ( 'NONE', *, *, #6348, .T. ) ;
#5847 = VECTOR ( 'NONE', #6063, 1000.000000000000000 ) ;
#5848 = LINE ( 'NONE', #3796, #1326 ) ;
#5849 = DIRECTION ( 'NONE',  ( -0.0000000000000000000, 1.000000000000000000, -0.0000000000000000000 ) ) ;
#5850 = DIRECTION ( 'NONE',  ( 0.0000000000000000000, 0.0000000000000000000, 1.000000000000000000 ) ) ;
#5851 = VECTOR ( 'NONE', #3718, 1000.000000000000000 ) ;
#5852 = ORIENTED_EDGE ( 'NONE', *, *, #3047, .T. ) ;
#5853 = CARTESIAN_POINT ( 'NONE',  ( -0.4189406101713891700, 0.6602406101789652900, -1.572833036899923000 ) ) ;
#5854 = DIRECTION ( 'NONE',  ( 0.9626168224299057600, 2.149384526423093000E-016, 0.2708668550689641900 ) ) ;
#5855 = ADVANCED_FACE ( 'NONE', ( #3894 ), #5322, .T. ) ;
#5856 = ORIENTED_EDGE ( 'NONE', *, *, #6353, .F. ) ;
#5857 = CARTESIAN_POINT ( 'NONE',  ( -0.2285999999999992800, 1.446859141121310500, 0.6672776169489615900 ) ) ;
#5858 =( NAMED_UNIT ( * ) SI_UNIT ( $, .STERADIAN. ) SOLID_ANGLE_UNIT ( ) );
#5859 = UNCERTAINTY_MEASURE_WITH_UNIT (LENGTH_MEASURE( 1.000000000000000100E-005 ), #6181, 'distance_accuracy_value', 'NONE');
#5860 = LINE ( 'NONE', #3540, #4227 ) ;
#5861 = CIRCLE ( 'NONE', #1471, 0.03048000000000004900 ) ;
#5862 = ORIENTED_EDGE ( 'NONE', *, *, #5215, .F. ) ;
#5863 = CARTESIAN_POINT ( 'NONE',  ( 0.0000000000000000000, 0.6603999999999998800, 0.0000000000000000000 ) ) ;
#5864 = PLANE ( 'NONE',  #5582 ) ;
#5865 = EDGE_LOOP ( 'NONE', ( #4705, #4485, #2948 ) ) ;
#5866 = EDGE_CURVE ( 'NONE', #5749, #6801, #796, .T. ) ;
#5867 = CARTESIAN_POINT ( 'NONE',  ( 1.520493661232713600, 1.034466362910188000, -0.3612093211235387100 ) ) ;
#5868 = DIRECTION ( 'NONE',  ( 0.0000000000000000000, 0.0000000000000000000, -1.000000000000000000 ) ) ;
#5869 = CARTESIAN_POINT ( 'NONE',  ( -1.866900000000000400, 0.6477747706188683500, -0.9652000000000000600 ) ) ;
#5870 = DIRECTION ( 'NONE',  ( -0.0000000000000000000, 1.000000000000000000, 0.0000000000000000000 ) ) ;
#5871 = VECTOR ( 'NONE', #1858, 1000.000000000000000 ) ;
#5872 = CARTESIAN_POINT ( 'NONE',  ( -0.9825054945054941800, 1.447800000000000000, -0.3989213776896750600 ) ) ;
#5873 = CARTESIAN_POINT ( 'NONE',  ( -1.346727066632285300, 7.512325129353056000, 0.9194800000000004100 ) ) ;
#5874 = AXIS2_PLACEMENT_3D ( 'NONE', #4877, #1184, #5492 ) ;
#5875 = EDGE_CURVE ( 'NONE', #3744, #7657, #6963, .T. ) ;
#5876 = CARTESIAN_POINT ( 'NONE',  ( 2.217420000000001100, 0.6603999999999998800, -0.4953000000000003000 ) ) ;
#5877 = CARTESIAN_POINT ( 'NONE',  ( -0.2109423376763047400, 0.7138677279505168900, -1.600199999999999800 ) ) ;
#5878 = CARTESIAN_POINT ( 'NONE',  ( 2.217132737020558700, 0.01262602236318052600, 0.7798534169140208800 ) ) ;
#5879 = CARTESIAN_POINT ( 'NONE',  ( -2.435860000000000800, 0.6603999999999997600, -0.9347199999999994400 ) ) ;
#5880 = CARTESIAN_POINT ( 'NONE',  ( 0.0000000000000000000, 0.08890000000000000700, -1.569720000000000000 ) ) ;
#5881 = CARTESIAN_POINT ( 'NONE',  ( -1.866900000000000400, 0.6603999999999997600, 1.485825229381132700 ) ) ;
#5882 = ORIENTED_EDGE ( 'NONE', *, *, #3700, .T. ) ;
#5883 = CARTESIAN_POINT ( 'NONE',  ( -0.2285999999999992800, 1.447482677352367200, 0.6649238371763804800 ) ) ;
#5884 = ORIENTED_EDGE ( 'NONE', *, *, #608, .F. ) ;
#5885 = CARTESIAN_POINT ( 'NONE',  ( 1.390439482815922100E-016, 1.417319999999999700, 1.135380000000000100 ) ) ;
#5886 = DIRECTION ( 'NONE',  ( 0.0000000000000000000, -1.000000000000000000, 0.0000000000000000000 ) ) ;
#5887 = LINE ( 'NONE', #7514, #1359 ) ;
#5888 = CARTESIAN_POINT ( 'NONE',  ( 1.518410075123089800, 1.010396478296723900, -0.3684053654807076800 ) ) ;
#5889 = CIRCLE ( 'NONE', #2954, 1.600200000000000100 ) ;
#5890 = DIRECTION ( 'NONE',  ( 0.0000000000000000000, 0.0000000000000000000, -1.000000000000000000 ) ) ;
#5891 = EDGE_CURVE ( 'NONE', #6402, #4470, #611, .T. ) ;
#5892 = CARTESIAN_POINT ( 'NONE',  ( -1.346727066632285300, 1.417319999999999700, 0.8890000000000003500 ) ) ;
#5893 = CARTESIAN_POINT ( 'NONE',  ( -0.4064747706188643300, 0.01262522938113200600, 1.511299999999999900 ) ) ;
#5894 = ADVANCED_FACE ( 'NONE', ( #440 ), #1849, .T. ) ;
#5895 = DIRECTION ( 'NONE',  ( -0.0000000000000000000, -0.0000000000000000000, -1.000000000000000000 ) ) ;
#5896 = ORIENTED_EDGE ( 'NONE', *, *, #4900, .F. ) ;
#5897 = FACE_OUTER_BOUND ( 'NONE', #6124, .T. ) ;
#5898 = CARTESIAN_POINT ( 'NONE',  ( -1.866900000000000000, 0.5968999999999998800, -0.9651999999999998400 ) ) ;
#5899 = FACE_OUTER_BOUND ( 'NONE', #5942, .T. ) ;
#5900 = CARTESIAN_POINT ( 'NONE',  ( -1.866900000000000000, 0.5968999999999998800, -1.219199999999999800 ) ) ;
#5901 = CARTESIAN_POINT ( 'NONE',  ( -0.4190999999999957500, 0.03047999999999999000, 1.511300000000000100 ) ) ;
#5902 = ORIENTED_EDGE ( 'NONE', *, *, #3813, .T. ) ;
#5903 = CARTESIAN_POINT ( 'NONE',  ( -0.3108362295486154500, 0.6934199999999994800, -1.600200000000000100 ) ) ;
#5904 = PLANE ( 'NONE',  #6287 ) ;
#5905 = LINE ( 'NONE', #1725, #7348 ) ;
#5906 = EDGE_LOOP ( 'NONE', ( #4550, #3326, #4926, #3984, #3458 ) ) ;
#5907 = CARTESIAN_POINT ( 'NONE',  ( 2.217420000000001100, 0.6603999999999998800, -0.5257800000001281400 ) ) ;
#5908 = AXIS2_PLACEMENT_3D ( 'NONE', #5466, #5417, #5392 ) ;
#5909 = EDGE_CURVE ( 'NONE', #5538, #7652, #5133, .T. ) ;
#5910 = VECTOR ( 'NONE', #160, 1000.000000000000000 ) ;
#5911 = CARTESIAN_POINT ( 'NONE',  ( -0.2285999999999996400, 1.447800000000000000, 0.6624685217151069500 ) ) ;
#5912 = AXIS2_PLACEMENT_3D ( 'NONE', #3648, #780, #1151 ) ;
#5913 = EDGE_CURVE ( 'NONE', #683, #609, #3499, .T. ) ;
#5914 = CIRCLE ( 'NONE', #4779, 1.600200000000000100 ) ;
#5915 = CARTESIAN_POINT ( 'NONE',  ( -0.4189406101713891700, 0.6602406101789652900, -1.572833036899923000 ) ) ;
#5916 = ORIENTED_EDGE ( 'NONE', *, *, #4737, .F. ) ;
#5917 = ORIENTED_EDGE ( 'NONE', *, *, #4314, .T. ) ;
#5918 = LINE ( 'NONE', #896, #7364 ) ;
#5919 = ORIENTED_EDGE ( 'NONE', *, *, #2334, .F. ) ;
#5920 = CARTESIAN_POINT ( 'NONE',  ( 0.4265261278563279300, 0.6603467773492726100, -1.571798981196045600 ) ) ;
#5921 = CARTESIAN_POINT ( 'NONE',  ( -2.217420000000000200, 0.6603999999999996500, 0.0000000000000000000 ) ) ;
#5922 = EDGE_LOOP ( 'NONE', ( #5180, #847 ) ) ;
#5923 = ORIENTED_EDGE ( 'NONE', *, *, #369, .T. ) ;
#5924 = VECTOR ( 'NONE', #1482, 1000.000000000000000 ) ;
#5925 = DIRECTION ( 'NONE',  ( -0.0000000000000000000, 1.000000000000000000, -0.0000000000000000000 ) ) ;
#5926 = VERTEX_POINT ( 'NONE', #2482 ) ;
#5927 = CARTESIAN_POINT ( 'NONE',  ( 0.4191000000107576500, 0.6651086379636189600, 1.558711286380577000 ) ) ;
#5928 = ORIENTED_EDGE ( 'NONE', *, *, #7001, .F. ) ;
#5929 = CARTESIAN_POINT ( 'NONE',  ( 1.527895867965460600, 1.111339308067379500, -0.3404678286638498900 ) ) ;
#5930 = CARTESIAN_POINT ( 'NONE',  ( -2.217420000000000200, 1.084202172485504400E-016, 0.4952999999999995200 ) ) ;
#5931 = CARTESIAN_POINT ( 'NONE',  ( 1.516380000000000300, 1.130299999999999900, 0.0000000000000000000 ) ) ;
#5932 = ORIENTED_EDGE ( 'NONE', *, *, #3349, .F. ) ;
#5933 = EDGE_CURVE ( 'NONE', #2980, #5714, #6766, .T. ) ;
#5934 = AXIS2_PLACEMENT_3D ( 'NONE', #2510, #3769, #116 ) ;
#5935 = DIRECTION ( 'NONE',  ( -0.0000000000000000000, -1.000000000000000000, -0.0000000000000000000 ) ) ;
#5936 = DIRECTION ( 'NONE',  ( -1.000000000000000000, 0.0000000000000000000, 0.0000000000000000000 ) ) ;
#5937 = ADVANCED_FACE ( 'NONE', ( #73 ), #4743, .T. ) ;
#5938 = ORIENTED_EDGE ( 'NONE', *, *, #1732, .F. ) ;
#5939 = CARTESIAN_POINT ( 'NONE',  ( -0.2285999999999998900, 1.447800000000000000, 0.6600335521774631800 ) ) ;
#5940 = EDGE_CURVE ( 'NONE', #6134, #7719, #6381, .T. ) ;
#5941 = DIRECTION ( 'NONE',  ( 0.0000000000000000000, -1.000000000000000000, 0.0000000000000000000 ) ) ;
#5942 = EDGE_LOOP ( 'NONE', ( #5429, #1458, #1179, #1903 ) ) ;
#5943 = VECTOR ( 'NONE', #4558, 1000.000000000000000 ) ;
#5944 = PRODUCT ( 'JZ400', 'JZ400', '', ( #7102 ) ) ;
#5945 = VECTOR ( 'NONE', #7098, 1000.000000000000100 ) ;
#5946 = CARTESIAN_POINT ( 'NONE',  ( -0.6096000000000000300, 1.346199999999999800, -9.525873634117618500E-017 ) ) ;
#5947 = DIRECTION ( 'NONE',  ( 1.000000000000000000, 0.0000000000000000000, -2.134256245050202300E-014 ) ) ;
#5948 = AXIS2_PLACEMENT_3D ( 'NONE', #111, #245, #7884 ) ;
#5949 = ORIENTED_EDGE ( 'NONE', *, *, #986, .F. ) ;
#5950 = ORIENTED_EDGE ( 'NONE', *, *, #4135, .F. ) ;
#5951 = CYLINDRICAL_SURFACE ( 'NONE', #2559, 0.03048000000000004900 ) ;
#5952 = FACE_OUTER_BOUND ( 'NONE', #5328, .T. ) ;
#5953 = CARTESIAN_POINT ( 'NONE',  ( 0.3108362295486164500, 0.7238999999999997700, 1.569720000000000000 ) ) ;
#5954 = CARTESIAN_POINT ( 'NONE',  ( 0.4191000000107576500, 0.6670534119813560400, 1.555641536177088800 ) ) ;
#5955 = ORIENTED_EDGE ( 'NONE', *, *, #94, .F. ) ;
#5956 = PLANE ( 'NONE',  #636 ) ;
#5957 = CARTESIAN_POINT ( 'NONE',  ( -1.336377825953577200, 0.6604013537049189300, 0.9197672629794425600 ) ) ;
#5958 = CARTESIAN_POINT ( 'NONE',  ( 2.235120421975475700, 0.6605681812515673500, 0.7673280595339678800 ) ) ;
#5959 = EDGE_CURVE ( 'NONE', #562, #6670, #4939, .T. ) ;
#5960 = CARTESIAN_POINT ( 'NONE',  ( 2.247900000000000900, 0.05587999999999969400, 0.4952999999999996300 ) ) ;
#5961 = CIRCLE ( 'NONE', #415, 0.03047999999999997200 ) ;
#5962 = VERTEX_POINT ( 'NONE', #6827 ) ;
#5963 = PLANE ( 'NONE',  #5908 ) ;
#5964 = CARTESIAN_POINT ( 'NONE',  ( -0.6604000000000001000, 1.447800000000000000, -8.436175169590751900E-017 ) ) ;
#5965 = CARTESIAN_POINT ( 'NONE',  ( -2.217420000000000200, 0.03048000000000004900, 1.600200000000000100 ) ) ;
#5966 = CARTESIAN_POINT ( 'NONE',  ( 0.2285999999999999700, 1.257300000000000300, -0.6868575179758900100 ) ) ;
#5967 = DIRECTION ( 'NONE',  ( 0.0000000000000000000, -0.0000000000000000000, -1.000000000000000000 ) ) ;
#5968 = DIRECTION ( 'NONE',  ( 0.0000000000000000000, 1.000000000000000000, 0.0000000000000000000 ) ) ;
#5969 = CARTESIAN_POINT ( 'NONE',  ( -1.327240442169626700, 0.6757594793312559100, -0.8938595267475960600 ) ) ;
#5970 = CARTESIAN_POINT ( 'NONE',  ( 1.543590831146648200, 0.6603999999999998800, -0.5257800000000004700 ) ) ;
#5971 = CARTESIAN_POINT ( 'NONE',  ( -0.4064747706188637800, 0.07627477061886808700, -1.511300000000000100 ) ) ;
#5972 =( BOUNDED_SURFACE ( )  B_SPLINE_SURFACE ( 3, 3, (
 ( #7780, #1621, #4106, #438 ),
 ( #4716, #1031, #5331, #1641 ),
 ( #5957, #2265, #6579, #2894 ),
 ( #7194, #3509, #7799, #4134 ) ),
 .UNSPECIFIED., .F., .F., .F. )
 B_SPLINE_SURFACE_WITH_KNOTS ( ( 4, 4 ),
 ( 4, 4 ),
 ( 0.0000000000000000000, 1.000000000000000000 ),
 ( 0.0000000000000000000, 1.000000000000000000 ),
 .UNSPECIFIED. )
 GEOMETRIC_REPRESENTATION_ITEM ( )  RATIONAL_B_SPLINE_SURFACE ( (
 ( 1.000000000000000000, 0.8025111867385929000, 0.8025111867385929000, 1.000000000000000000),
 ( 0.9219358577517109400, 0.7398638393011881500, 0.7398638393011881500, 0.9219358577517109400),
 ( 0.9219358577517109400, 0.7398638393011881500, 0.7398638393011881500, 0.9219358577517109400),
 ( 1.000000000000000000, 0.8025111867385929000, 0.8025111867385929000, 1.000000000000000000) ) )
 REPRESENTATION_ITEM ( '' )  SURFACE ( )  );
#5973 = ADVANCED_FACE ( 'NONE', ( #247 ), #6570, .T. ) ;
#5974 = DIRECTION ( 'NONE',  ( 0.0000000000000000000, 0.0000000000000000000, -1.000000000000000000 ) ) ;
#5975 = VERTEX_POINT ( 'NONE', #2506 ) ;
#5976 = EDGE_LOOP ( 'NONE', ( #6705, #2579, #2965, #6566, #7256 ) ) ;
#5977 = ORIENTED_EDGE ( 'NONE', *, *, #3020, .T. ) ;
#5978 = EDGE_CURVE ( 'NONE', #7563, #5714, #5138, .T. ) ;
#5979 = AXIS2_PLACEMENT_3D ( 'NONE', #2988, #7285, #3605 ) ;
#5980 = CARTESIAN_POINT ( 'NONE',  ( 0.4191000000406372400, 0.6695660877393001500, 1.552866024205155300 ) ) ;
#5981 = LINE ( 'NONE', #3607, #7612 ) ;
#5982 = CARTESIAN_POINT ( 'NONE',  ( 2.235120421975475200, 0.6605681812515678000, 0.7493747706188681500 ) ) ;
#5983 = ORIENTED_EDGE ( 'NONE', *, *, #1688, .T. ) ;
#5984 = ORIENTED_EDGE ( 'NONE', *, *, #3083, .T. ) ;
#5985 = DIRECTION ( 'NONE',  ( -1.000000000000000000, 0.0000000000000000000, 0.0000000000000000000 ) ) ;
#5986 = EDGE_LOOP ( 'NONE', ( #1965, #5841, #567, #5846, #4349, #2148, #7607, #1545 ) ) ;
#5987 = CARTESIAN_POINT ( 'NONE',  ( 2.247900000000000900, 0.6299199999999998100, 0.5257799999999996900 ) ) ;
#5988 = LINE ( 'NONE', #2607, #7806 ) ;
#5989 = PRESENTATION_STYLE_ASSIGNMENT (( #5545 ) ) ;
#5990 = DIRECTION ( 'NONE',  ( 0.0000000000000000000, -0.0000000000000000000, -1.000000000000000000 ) ) ;
#5991 = MECHANICAL_DESIGN_GEOMETRIC_PRESENTATION_REPRESENTATION (  '', ( #4749 ), #6404 ) ;
#5992 = CARTESIAN_POINT ( 'NONE',  ( -1.326162431689552800, 1.447799999999999300, -0.8585199999999997300 ) ) ;
#5993 = ORIENTED_EDGE ( 'NONE', *, *, #1793, .F. ) ;
#5994 = CARTESIAN_POINT ( 'NONE',  ( -1.657919445422835600, 0.6908799999999996100, 0.4842756988419275600 ) ) ;
#5995 = ORIENTED_EDGE ( 'NONE', *, *, #557, .T. ) ;
#5996 = EDGE_CURVE ( 'NONE', #562, #2626, #4555, .T. ) ;
#5997 = EDGE_CURVE ( 'NONE', #7376, #1348, #6195, .T. ) ;
#5998 = CARTESIAN_POINT ( 'NONE',  ( -1.321554598097102200, 1.417319999999999700, 0.9022934579439255700 ) ) ;
#5999 = VECTOR ( 'NONE', #7388, 1000.000000000000000 ) ;
#6000 = VECTOR ( 'NONE', #4211, 1000.000000000000000 ) ;
#6001 = CARTESIAN_POINT ( 'NONE',  ( -0.2312452562325242900, 1.417319999999999500, 2.499227705226149800 ) ) ;
#6002 = CARTESIAN_POINT ( 'NONE',  ( 0.4191000000406372400, 0.6724419534234151700, 1.550644558729661300 ) ) ;
#6003 = CARTESIAN_POINT ( 'NONE',  ( -0.4116828317798646400, 0.6629770323487735900, -1.546336904164407900 ) ) ;
#6004 = PLANE ( 'NONE',  #4141 ) ;
#6005 = VERTEX_POINT ( 'NONE', #4449 ) ;
#6006 = CARTESIAN_POINT ( 'NONE',  ( 2.247900000000000900, 0.6299199999999998100, 0.7673632544943584900 ) ) ;
#6007 = VERTEX_POINT ( 'NONE', #1383 ) ;
#6008 = CARTESIAN_POINT ( 'NONE',  ( -1.516070191620298800, 0.6908799999999994900, 0.8893650299401199000 ) ) ;
#6009 = LINE ( 'NONE', #127, #1095 ) ;
#6010 = CARTESIAN_POINT ( 'NONE',  ( -1.572260000000000900, 0.05588000000000031800, 0.4952999999999996300 ) ) ;
#6011 = DIRECTION ( 'NONE',  ( -0.0000000000000000000, -0.0000000000000000000, 1.000000000000000000 ) ) ;
#6012 = CARTESIAN_POINT ( 'NONE',  ( 0.0000000000000000000, 7.512325129353056000, 0.0000000000000000000 ) ) ;
#6013 = ADVANCED_FACE ( 'NONE', ( #4362 ), #3714, .T. ) ;
#6014 = CARTESIAN_POINT ( 'NONE',  ( 2.217420000000001100, 0.6477747706188679000, 0.4952999999999997400 ) ) ;
#6015 = EDGE_CURVE ( 'NONE', #143, #6628, #1078, .T. ) ;
#6016 = ORIENTED_EDGE ( 'NONE', *, *, #1049, .F. ) ;
#6017 = EDGE_CURVE ( 'NONE', #3502, #7771, #7814, .T. ) ;
#6018 = ORIENTED_EDGE ( 'NONE', *, *, #803, .T. ) ;
#6019 = ORIENTED_EDGE ( 'NONE', *, *, #2386, .T. ) ;
#6020 = CARTESIAN_POINT ( 'NONE',  ( -1.346727066632285500, 1.417319999999999700, -0.8889999999999993500 ) ) ;
#6021 = EDGE_LOOP ( 'NONE', ( #3379, #460, #6949, #2734 ) ) ;
#6022 = EDGE_LOOP ( 'NONE', ( #3066, #7268, #1272, #6495 ) ) ;
#6023 = AXIS2_PLACEMENT_3D ( 'NONE', #5587, #5640, #5035 ) ;
#6024 = CYLINDRICAL_SURFACE ( 'NONE', #1963, 0.7239000000000001000 ) ;
#6025 = CARTESIAN_POINT ( 'NONE',  ( 0.0000000000000000000, 1.417319999999999700, -1.600200000000000100 ) ) ;
#6026 = CARTESIAN_POINT ( 'NONE',  ( -1.321554598097102000, 1.417319999999999500, 0.9022934579439255700 ) ) ;
#6027 = CARTESIAN_POINT ( 'NONE',  ( 0.4191000000406372400, 0.6752311130950674500, 1.548490069404781200 ) ) ;
#6028 = CARTESIAN_POINT ( 'NONE',  ( 0.4190473626553416500, 0.6603473627989033800, -1.571793280383925000 ) ) ;
#6029 = CARTESIAN_POINT ( 'NONE',  ( 0.4495799999999958700, 0.03047999999999999700, 1.569720000000000000 ) ) ;
#6030 = ORIENTED_EDGE ( 'NONE', *, *, #2331, .T. ) ;
#6031 = CARTESIAN_POINT ( 'NONE',  ( 1.244241147941435200E-016, 1.257300000006011900, -0.9271000000126150600 ) ) ;
#6032 = VECTOR ( 'NONE', #3269, 1000.000000000000000 ) ;
#6033 = CARTESIAN_POINT ( 'NONE',  ( 0.8509000000000003200, 0.08890000000000000700, 0.4952999999999996300 ) ) ;
#6034 = CIRCLE ( 'NONE', #1646, 0.03047999999999999300 ) ;
#6035 = AXIS2_PLACEMENT_3D ( 'NONE', #640, #4938, #1248 ) ;
#6036 = CARTESIAN_POINT ( 'NONE',  ( 0.3886199999999957500, 0.6299199999999998100, 1.600200000000000100 ) ) ;
#6037 = CARTESIAN_POINT ( 'NONE',  ( 0.4495799999999962000, 0.03047999999999999000, -1.569720000000000000 ) ) ;
#6038 = CARTESIAN_POINT ( 'NONE',  ( -1.460500000000000400, 0.0000000000000000000, 0.0000000000000000000 ) ) ;
#6039 = ORIENTED_EDGE ( 'NONE', *, *, #6632, .F. ) ;
#6040 = LINE ( 'NONE', #3592, #2771 ) ;
#6041 = FACE_OUTER_BOUND ( 'NONE', #2854, .T. ) ;
#6042 = CARTESIAN_POINT ( 'NONE',  ( -0.2286000000000004100, 1.447800000000000000, -0.6631699453316561900 ) ) ;
#6043 = EDGE_CURVE ( 'NONE', #1461, #1130, #2725, .T. ) ;
#6044 = CYLINDRICAL_SURFACE ( 'NONE', #876, 0.03048000000000004900 ) ;
#6045 = DIRECTION ( 'NONE',  ( 1.000000000000000000, 0.0000000000000000000, 0.0000000000000000000 ) ) ;
#6046 = ORIENTED_EDGE ( 'NONE', *, *, #4872, .F. ) ;
#6047 = CARTESIAN_POINT ( 'NONE',  ( -0.6604000000000001000, 1.447800000000000000, -6.077487878992819100E-017 ) ) ;
#6048 = VERTEX_POINT ( 'NONE', #6986 ) ;
#6049 = CARTESIAN_POINT ( 'NONE',  ( -1.866900000000000000, 0.6095999999999999200, -1.219199999999999800 ) ) ;
#6050 = CYLINDRICAL_SURFACE ( 'NONE', #7410, 0.03048000000000004900 ) ;
#6051 = CYLINDRICAL_SURFACE ( 'NONE', #657, 0.3810000000000000100 ) ;
#6052 = ORIENTED_EDGE ( 'NONE', *, *, #7574, .F. ) ;
#6053 = PLANE ( 'NONE',  #7744 ) ;
#6054 = AXIS2_PLACEMENT_3D ( 'NONE', #712, #248, #228 ) ;
#6055 = ADVANCED_FACE ( 'NONE', ( #7438 ), #3295, .F. ) ;
#6056 = ORIENTED_EDGE ( 'NONE', *, *, #5712, .F. ) ;
#6057 = CARTESIAN_POINT ( 'NONE',  ( 1.600198339605777500, 1.417319999999999500, 0.002305194766833030700 ) ) ;
#6058 = CARTESIAN_POINT ( 'NONE',  ( 1.600157700825787700, 1.435174770618867800, -0.01163496832521034700 ) ) ;
#6059 = CARTESIAN_POINT ( 'NONE',  ( 0.4190999999999958100, 0.6784441147009324700, 1.546795624012448100 ) ) ;
#6060 = DIRECTION ( 'NONE',  ( -0.2708668550689637400, 0.0000000000000000000, -0.9626168224299058700 ) ) ;
#6061 = CARTESIAN_POINT ( 'NONE',  ( -1.572260000000000900, 0.05588000000000031800, -0.4953000000000003000 ) ) ;
#6062 = AXIS2_PLACEMENT_3D ( 'NONE', #2373, #43, #15 ) ;
#6063 = DIRECTION ( 'NONE',  ( -0.8660254037844387100, 0.0000000000000000000, 0.4999999999999998900 ) ) ;
#6064 = EDGE_CURVE ( 'NONE', #6134, #6406, #895, .T. ) ;
#6065 =( BOUNDED_CURVE ( )  B_SPLINE_CURVE ( 3, ( #1349, #2590, #740, #150 ),
 .UNSPECIFIED., .F., .F. )
 B_SPLINE_CURVE_WITH_KNOTS ( ( 4, 4 ),
 ( 3.141592653589793100, 4.712388980384691500 ),
 .UNSPECIFIED. )
 CURVE ( )  GEOMETRIC_REPRESENTATION_ITEM ( )  RATIONAL_B_SPLINE_CURVE ( ( 1.000000000000000000, 0.8047378541243646000, 0.8047378541243646000, 1.000000000000000000 ) )
 REPRESENTATION_ITEM ( '' )  );
#6066 = EDGE_CURVE ( 'NONE', #6148, #7097, #5800, .T. ) ;
#6067 = EDGE_CURVE ( 'NONE', #3772, #4965, #2520, .T. ) ;
#6068 = CARTESIAN_POINT ( 'NONE',  ( 1.516380000000000500, 0.6603999999999998800, -0.4953000000000003000 ) ) ;
#6069 = CARTESIAN_POINT ( 'NONE',  ( 0.9510355852478549200, 0.6908799999999996100, 1.394735631750302100 ) ) ;
#6070 = DIRECTION ( 'NONE',  ( 0.0000000000000000000, 0.0000000000000000000, -1.000000000000000000 ) ) ;
#6071 = EDGE_LOOP ( 'NONE', ( #5928, #5718 ) ) ;
#6072 = CARTESIAN_POINT ( 'NONE',  ( -0.2285999999999991100, 1.423813309519345900, -0.6868575179758902300 ) ) ;
#6073 = DIRECTION ( 'NONE',  ( 0.0000000000000000000, 0.0000000000000000000, 1.000000000000000000 ) ) ;
#6074 = DIRECTION ( 'NONE',  ( 0.0000000000000000000, -1.000000000000000000, -0.0000000000000000000 ) ) ;
#6075 = CARTESIAN_POINT ( 'NONE',  ( -0.9977945211216034900, 1.447800000000000000, -1.322436726267169200 ) ) ;
#6076 = CARTESIAN_POINT ( 'NONE',  ( 0.4340735501802627200, 0.6603999999999997600, 1.570792588589313500 ) ) ;
#6077 = CARTESIAN_POINT ( 'NONE',  ( 0.0000000000000000000, 0.6604000000000002100, 0.0000000000000000000 ) ) ;
#6078 = ORIENTED_EDGE ( 'NONE', *, *, #4671, .F. ) ;
#6079 = AXIS2_PLACEMENT_3D ( 'NONE', #2002, #6317, #2629 ) ;
#6080 = DIRECTION ( 'NONE',  ( -0.0000000000000000000, -1.000000000000000000, -0.0000000000000000000 ) ) ;
#6081 = ORIENTED_EDGE ( 'NONE', *, *, #1672, .F. ) ;
#6082 = CARTESIAN_POINT ( 'NONE',  ( 0.4190999999999962500, 0.08890000000000002100, -1.541780000000000400 ) ) ;
#6083 = FACE_OUTER_BOUND ( 'NONE', #3653, .T. ) ;
#6084 = FACE_OUTER_BOUND ( 'NONE', #894, .T. ) ;
#6085 = EDGE_CURVE ( 'NONE', #7307, #3032, #7244, .T. ) ;
#6086 =( BOUNDED_CURVE ( )  B_SPLINE_CURVE ( 3, ( #7523, #187, #4454, #771 ),
 .UNSPECIFIED., .F., .F. )
 B_SPLINE_CURVE_WITH_KNOTS ( ( 4, 4 ),
 ( 0.0000000000000000000, 1.000000000000000000 ),
 .UNSPECIFIED. )
 CURVE ( )  GEOMETRIC_REPRESENTATION_ITEM ( )  RATIONAL_B_SPLINE_CURVE ( ( 1.000000000000000000, 0.5515151515151512900, 0.5515151515151512900, 1.000000000000000000 ) )
 REPRESENTATION_ITEM ( '' )  );
#6087 = CARTESIAN_POINT ( 'NONE',  ( -2.217420000000000200, 0.6299199999999998100, 1.569720000000000000 ) ) ;
#6088 = DIRECTION ( 'NONE',  ( -0.0000000000000000000, 1.000000000000000000, -0.0000000000000000000 ) ) ;
#6089 = EDGE_LOOP ( 'NONE', ( #6046, #115, #6750, #7642, #232, #1699, #7557, #6283, #5143, #7212, #7181, #7090 ) ) ;
#6090 = VECTOR ( 'NONE', #490, 1000.000000000000000 ) ;
#6091 = DIRECTION ( 'NONE',  ( 0.0000000000000000000, 1.000000000000000000, 0.0000000000000000000 ) ) ;
#6092 = EDGE_CURVE ( 'NONE', #7097, #3647, #3976, .T. ) ;
#6093 = CARTESIAN_POINT ( 'NONE',  ( 0.4416971632238547200, 0.6603999999999996500, 1.569719999999999300 ) ) ;
#6094 = DIRECTION ( 'NONE',  ( 0.0000000000000000000, -0.0000000000000000000, -1.000000000000000000 ) ) ;
#6095 = ADVANCED_FACE ( 'NONE', ( #2133 ), #2730, .T. ) ;
#6096 = ORIENTED_EDGE ( 'NONE', *, *, #4034, .T. ) ;
#6097 = CIRCLE ( 'NONE', #6954, 0.03048000000000004900 ) ;
#6098 = CARTESIAN_POINT ( 'NONE',  ( -1.358899999999999300, 0.6477747706188680100, -0.9652000000000000600 ) ) ;
#6099 = MECHANICAL_DESIGN_GEOMETRIC_PRESENTATION_REPRESENTATION (  '', ( #4859 ), #6514 ) ;
#6100 = CARTESIAN_POINT ( 'NONE',  ( 1.124935757372002700, 1.447799999999999800, 0.03318730992973296200 ) ) ;
#6101 = B_SPLINE_CURVE_WITH_KNOTS ( 'NONE', 3,
 ( #5512, #5542, #5327, #5295 ),
 .UNSPECIFIED., .F., .F.,
 ( 4, 4 ),
 ( 0.0000000000000000000, 1.000000000000000000 ),
 .UNSPECIFIED. ) ;
#6102 = VERTEX_POINT ( 'NONE', #1489 ) ;
#6103 = ORIENTED_EDGE ( 'NONE', *, *, #3206, .F. ) ;
#6104 = DIRECTION ( 'NONE',  ( 1.000000000000000000, 0.0000000000000000000, 0.0000000000000000000 ) ) ;
#6105 = LINE ( 'NONE', #650, #4462 ) ;
#6106 = B_SPLINE_CURVE_WITH_KNOTS ( 'NONE', 3,
 ( #7725, #360, #386, #4664, #977, #5283, #1595 ),
 .UNSPECIFIED., .F., .F.,
 ( 4, 3, 4 ),
 ( 1.723979984275111100E-016, 2.371527118945662900E-005, 3.125137405034743400E-005 ),
 .UNSPECIFIED. ) ;
#6107 = VECTOR ( 'NONE', #6828, 1000.000000000000000 ) ;
#6108 = CARTESIAN_POINT ( 'NONE',  ( -1.463489722546762200, 1.435308483875490400, 0.8890000000000005700 ) ) ;
#6109 = ORIENTED_EDGE ( 'NONE', *, *, #5802, .T. ) ;
#6110 = DIRECTION ( 'NONE',  ( 0.0000000000000000000, -0.0000000000000000000, -1.000000000000000000 ) ) ;
#6111 = AXIS2_PLACEMENT_3D ( 'NONE', #629, #599, #458 ) ;
#6112 = ORIENTED_EDGE ( 'NONE', *, *, #2983, .T. ) ;
#6113 = LINE ( 'NONE', #1986, #4471 ) ;
#6114 = ORIENTED_EDGE ( 'NONE', *, *, #1476, .F. ) ;
#6115 = EDGE_CURVE ( 'NONE', #7561, #138, #705, .T. ) ;
#6116 = CARTESIAN_POINT ( 'NONE',  ( 0.2285999999970381400, 1.429459726976025900, 0.6859807489009704900 ) ) ;
#6117 = DIRECTION ( 'NONE',  ( 0.0000000000000000000, 0.0000000000000000000, -1.000000000000000000 ) ) ;
#6118 = DIRECTION ( 'NONE',  ( 1.000000000000000000, 0.0000000000000000000, 0.0000000000000000000 ) ) ;
#6119 = DIRECTION ( 'NONE',  ( -2.753879025871233800E-016, 0.0000000000000000000, 1.000000000000000000 ) ) ;
#6120 = EDGE_LOOP ( 'NONE', ( #1152, #5950, #2081, #2519 ) ) ;
#6121 = ORIENTED_EDGE ( 'NONE', *, *, #2105, .F. ) ;
#6122 = CIRCLE ( 'NONE', #3896, 0.03047999999999991300 ) ;
#6123 = DIRECTION ( 'NONE',  ( 0.0000000000000000000, 0.0000000000000000000, 1.000000000000000000 ) ) ;
#6124 = EDGE_LOOP ( 'NONE', ( #6327, #7225, #2982, #6644 ) ) ;
#6125 = ORIENTED_EDGE ( 'NONE', *, *, #5752, .F. ) ;
#6126 = DIRECTION ( 'NONE',  ( -0.0000000000000000000, -1.000000000000000000, -0.0000000000000000000 ) ) ;
#6127 = EDGE_CURVE ( 'NONE', #926, #4459, #3790, .T. ) ;
#6128 = ADVANCED_FACE ( 'NONE', ( #6863 ), #6672, .T. ) ;
#6129 = DIRECTION ( 'NONE',  ( -1.000000000000000000, -0.0000000000000000000, -0.0000000000000000000 ) ) ;
#6130 = CARTESIAN_POINT ( 'NONE',  ( -0.4191000000037261600, 0.6840590963890644800, 1.544922099443209800 ) ) ;
#6131 = ORIENTED_EDGE ( 'NONE', *, *, #3053, .F. ) ;
#6132 = CARTESIAN_POINT ( 'NONE',  ( -2.247900000000000000, 0.03048000000000000400, -1.569720000000000000 ) ) ;
#6133 = CARTESIAN_POINT ( 'NONE',  ( 0.4495799999999958700, 0.1193799999999999900, 1.600200000000000100 ) ) ;
#6134 = VERTEX_POINT ( 'NONE', #3992 ) ;
#6135 = CARTESIAN_POINT ( 'NONE',  ( 0.0000000000000000000, 0.7238999999999998800, 0.0000000000000000000 ) ) ;
#6136 = CARTESIAN_POINT ( 'NONE',  ( -2.247900000000000000, 0.6299200000000000400, 1.569719999999999300 ) ) ;
#6137 = FACE_OUTER_BOUND ( 'NONE', #4994, .T. ) ;
#6138 = PLANE ( 'NONE',  #1690 ) ;
#6139 = AXIS2_PLACEMENT_3D ( 'NONE', #7130, #4677, #5289 ) ;
#6140 = CARTESIAN_POINT ( 'NONE',  ( -1.489875705765618700, 1.417319999999999700, 0.8737781220854411400 ) ) ;
#6141 = EDGE_CURVE ( 'NONE', #1616, #7823, #517, .T. ) ;
#6142 = ADVANCED_FACE ( 'NONE', ( #339 ), #2269, .T. ) ;
#6143 = B_SPLINE_CURVE_WITH_KNOTS ( 'NONE', 3,
 ( #6568, #6042, #2341, #6665, #2984, #7279, #3602, #7866, #4218, #535, #4827, #1140, #5442, #1749, #6072, #2370 ),
 .UNSPECIFIED., .F., .F.,
 ( 4, 3, 3, 3, 3, 4 ),
 ( 0.0000000000000000000, 9.409179462579092600E-006, 1.883554765821956700E-005, 2.797377745099939600E-005, 3.661762213787054300E-005, 4.080771997139724900E-005 ),
 .UNSPECIFIED. ) ;
#6144 = ORIENTED_EDGE ( 'NONE', *, *, #7250, .T. ) ;
#6145 = FACE_OUTER_BOUND ( 'NONE', #6772, .T. ) ;
#6146 = CARTESIAN_POINT ( 'NONE',  ( 2.238972614690567300, 0.03048000000004384700, 0.7709273853094333900 ) ) ;
#6147 = DIRECTION ( 'NONE',  ( -0.8660254037844386000, -0.0000000000000000000, -0.5000000000000001100 ) ) ;
#6148 = VERTEX_POINT ( 'NONE', #4049 ) ;
#6149 = ORIENTED_EDGE ( 'NONE', *, *, #4420, .F. ) ;
#6150 = CARTESIAN_POINT ( 'NONE',  ( 0.4495799999999962600, 0.1193800000000000400, -1.600200000000000100 ) ) ;
#6151 = VECTOR ( 'NONE', #5925, 1000.000000000000000 ) ;
#6152 = VECTOR ( 'NONE', #4144, 1000.000000000000000 ) ;
#6153 = AXIS2_PLACEMENT_3D ( 'NONE', #5253, #6493, #3401 ) ;
#6154 = ORIENTED_EDGE ( 'NONE', *, *, #4816, .T. ) ;
#6155 = CARTESIAN_POINT ( 'NONE',  ( -1.346727066632285300, 1.417319999999999700, 0.9194800000000004100 ) ) ;
#6156 = AXIS2_PLACEMENT_3D ( 'NONE', #2119, #2749, #3286 ) ;
#6157 = CARTESIAN_POINT ( 'NONE',  ( -2.217420000000000200, 0.6603999999999998800, -1.600200000000000100 ) ) ;
#6158 = CARTESIAN_POINT ( 'NONE',  ( -0.4190999999999957500, 0.6607081252762644400, 1.569720000285298700 ) ) ;
#6159 = EDGE_CURVE ( 'NONE', #7169, #6861, #3397, .T. ) ;
#6160 = DIRECTION ( 'NONE',  ( -1.000000000000000000, 0.0000000000000000000, 2.753879025871233800E-016 ) ) ;
#6161 = DIRECTION ( 'NONE',  ( 0.0000000000000000000, -0.0000000000000000000, -1.000000000000000000 ) ) ;
#6162 = VECTOR ( 'NONE', #2951, 1000.000000000000000 ) ;
#6163 = ORIENTED_EDGE ( 'NONE', *, *, #2364, .T. ) ;
#6164 = CARTESIAN_POINT ( 'NONE',  ( 1.544242576822357800, 1.021400346317255400, 0.4194697890540600200 ) ) ;
#6165 = CARTESIAN_POINT ( 'NONE',  ( -0.4190999999999955300, 7.512325129353056000, 1.544342976802758100 ) ) ;
#6166 = CARTESIAN_POINT ( 'NONE',  ( -1.463489722546762500, 1.447799999999999500, -0.8585199999999995100 ) ) ;
#6168 = ADVANCED_FACE ( 'NONE', ( #1742 ), #843, .T. ) ;
#6167 = CARTESIAN_POINT ( 'NONE',  ( -1.463489722546762500, 1.417319999999999900, -0.8585199999999996200 ) ) ;
#6169 = DIRECTION ( 'NONE',  ( -1.000000000000000000, -0.0000000000000000000, 0.0000000000000000000 ) ) ;
#6170 = DIRECTION ( 'NONE',  ( 1.000000000000000000, 0.0000000000000000000, 0.0000000000000000000 ) ) ;
#6171 =( NAMED_UNIT ( * ) PLANE_ANGLE_UNIT ( ) SI_UNIT ( $, .RADIAN. ) );
#6172 = EDGE_CURVE ( 'NONE', #1200, #3204, #7404, .T. ) ;
#6173 = ORIENTED_EDGE ( 'NONE', *, *, #4541, .T. ) ;
#6174 = CARTESIAN_POINT ( 'NONE',  ( -1.346727066632285300, 0.6908799999999999400, 0.8890000000000003500 ) ) ;
#6175 = AXIS2_PLACEMENT_3D ( 'NONE', #1769, #6631, #1079 ) ;
#6176 = EDGE_CURVE ( 'NONE', #3995, #3705, #3591, .T. ) ;
#6177 = ORIENTED_EDGE ( 'NONE', *, *, #6480, .F. ) ;
#6178 = CARTESIAN_POINT ( 'NONE',  ( -2.247900000000000000, 0.6299199999999998100, 1.600200000000000100 ) ) ;
#6179 = CARTESIAN_POINT ( 'NONE',  ( 0.4340735501803672500, 0.6603999999999997600, -1.570792588589298600 ) ) ;
#6180 = ADVANCED_FACE ( 'NONE', ( #3205 ), #4644, .T. ) ;
#6181 =( LENGTH_UNIT ( ) NAMED_UNIT ( * ) SI_UNIT ( .MILLI., .METRE. ) );
#6182 = B_SPLINE_CURVE_WITH_KNOTS ( 'NONE', 3,
 ( #3445, #1604, #2224, #6542 ),
 .UNSPECIFIED., .F., .F.,
 ( 4, 4 ),
 ( 0.0000000000000000000, 1.000000000000000000 ),
 .UNSPECIFIED. ) ;
#6183 = DIRECTION ( 'NONE',  ( 0.0000000000000000000, 0.0000000000000000000, 1.000000000000000000 ) ) ;
#6184 = ORIENTED_EDGE ( 'NONE', *, *, #3436, .T. ) ;
#6185 = ORIENTED_EDGE ( 'NONE', *, *, #4773, .F. ) ;
#6186 = ORIENTED_EDGE ( 'NONE', *, *, #2010, .T. ) ;
#6187 = CARTESIAN_POINT ( 'NONE',  ( -1.460500000000000100, 0.6603999999999998800, -0.4953000000000003000 ) ) ;
#6188 = ORIENTED_EDGE ( 'NONE', *, *, #1062, .T. ) ;
#6189 = VECTOR ( 'NONE', #6275, 1000.000000000000000 ) ;
#6190 = CIRCLE ( 'NONE', #3107, 0.03048000000000004900 ) ;
#6191 = CARTESIAN_POINT ( 'NONE',  ( -0.4064747706188637200, 0.7112747706188677900, 1.600200000000000100 ) ) ;
#6192 = CARTESIAN_POINT ( 'NONE',  ( -1.782306548403440200, 1.447799999999999500, -0.3150438456690242700 ) ) ;
#6193 = ORIENTED_EDGE ( 'NONE', *, *, #7775, .T. ) ;
#6194 = VERTEX_POINT ( 'NONE', #5930 ) ;
#6195 = LINE ( 'NONE', #183, #7631 ) ;
#6196 = DIRECTION ( 'NONE',  ( 0.0000000000000000000, 0.0000000000000000000, -1.000000000000000000 ) ) ;
#6197 = AXIS2_PLACEMENT_3D ( 'NONE', #2973, #1132, #4812 ) ;
#6198 = CARTESIAN_POINT ( 'NONE',  ( -0.4190999999999959200, 0.01262522938113193000, -1.523925229381132100 ) ) ;
#6199 = FACE_OUTER_BOUND ( 'NONE', #5819, .T. ) ;
#6200 = CYLINDRICAL_SURFACE ( 'NONE', #5057, 1.104900000000000200 ) ;
#6201 = DIRECTION ( 'NONE',  ( 0.0000000000000000000, 1.000000000000000000, 0.0000000000000000000 ) ) ;
#6202 = EDGE_CURVE ( 'NONE', #3743, #4769, #7883, .T. ) ;
#6203 = PLANE ( 'NONE',  #4066 ) ;
#6204 = CARTESIAN_POINT ( 'NONE',  ( 0.4263595511958226400, 0.6614152613454583600, -1.542372101593419800 ) ) ;
#6205 = ORIENTED_EDGE ( 'NONE', *, *, #5232, .F. ) ;
#6206 = CARTESIAN_POINT ( 'NONE',  ( -1.484175913614888900, 0.6908799999999998300, -0.8834955364734171600 ) ) ;
#6207 = ORIENTED_EDGE ( 'NONE', *, *, #2152, .F. ) ;
#6208 = LINE ( 'NONE', #373, #4378 ) ;
#6209 = ORIENTED_EDGE ( 'NONE', *, *, #6712, .F. ) ;
#6210 = CARTESIAN_POINT ( 'NONE',  ( -2.217420000000000200, 0.6603999999999998800, 1.600200000000000100 ) ) ;
#6211 = CARTESIAN_POINT ( 'NONE',  ( 0.0000000000000000000, 0.08890000000000000700, 1.541780000000000200 ) ) ;
#6212 = EDGE_LOOP ( 'NONE', ( #7770, #2700, #2434, #7871 ) ) ;
#6213 = ORIENTED_EDGE ( 'NONE', *, *, #1653, .F. ) ;
#6214 = ORIENTED_EDGE ( 'NONE', *, *, #6550, .F. ) ;
#6215 = CARTESIAN_POINT ( 'NONE',  ( 0.0000000000000000000, 0.6299199999999998100, -0.5257800000000003600 ) ) ;
#6216 = ORIENTED_EDGE ( 'NONE', *, *, #7048, .F. ) ;
#6217 = ADVANCED_FACE ( 'NONE', ( #3011 ), #5972, .F. ) ;
#6218 = DIRECTION ( 'NONE',  ( 0.7071067811865441300, -0.0000000000000000000, 0.7071067811865507900 ) ) ;
#6219 = AXIS2_PLACEMENT_3D ( 'NONE', #3715, #3660, #3632 ) ;
#6220 = CARTESIAN_POINT ( 'NONE',  ( -0.4190999999999959200, 0.03047999999999999300, -1.541780000000000400 ) ) ;
#6221 = ORIENTED_EDGE ( 'NONE', *, *, #5471, .F. ) ;
#6222 = EDGE_CURVE ( 'NONE', #1698, #6830, #4543, .T. ) ;
#6223 = EDGE_CURVE ( 'NONE', #2307, #6557, #7720, .T. ) ;
#6224 = VECTOR ( 'NONE', #2946, 1000.000000000000000 ) ;
#6225 = CARTESIAN_POINT ( 'NONE',  ( 0.4190999999999962000, 0.7238999999999998800, -1.511300000000000300 ) ) ;
#6226 = CARTESIAN_POINT ( 'NONE',  ( 0.0000000000000000000, 1.130299999999999900, -0.3139238601954304500 ) ) ;
#6227 = ORIENTED_EDGE ( 'NONE', *, *, #3007, .T. ) ;
#6228 = CARTESIAN_POINT ( 'NONE',  ( 0.1033155212379607600, 0.7094734039269607900, 1.600199999999999400 ) ) ;
#6229 = DIRECTION ( 'NONE',  ( 1.000000000000000000, 0.0000000000000000000, 0.0000000000000000000 ) ) ;
#6230 = CARTESIAN_POINT ( 'NONE',  ( 1.520915363889874900, 1.039303132027382000, 0.3595593254093442100 ) ) ;
#6231 = DIRECTION ( 'NONE',  ( -0.0000000000000000000, -1.000000000000000000, -0.0000000000000000000 ) ) ;
#6232 = CARTESIAN_POINT ( 'NONE',  ( -1.463489722546762700, 0.6603999999999995400, -0.9016252293811316500 ) ) ;
#6233 = LINE ( 'NONE', #4484, #1119 ) ;
#6234 = DIRECTION ( 'NONE',  ( -0.0000000000000000000, -1.000000000000000000, -0.0000000000000000000 ) ) ;
#6235 = CIRCLE ( 'NONE', #7575, 1.104900000000000200 ) ;
#6236 = CARTESIAN_POINT ( 'NONE',  ( -0.3108362295486161700, 0.7238999999999995400, 1.569720000000000000 ) ) ;
#6237 = CARTESIAN_POINT ( 'NONE',  ( 0.6461384147779184500, 1.435174770618867800, 1.104900000000000000 ) ) ;
#6238 = DIRECTION ( 'NONE',  ( 0.0000000000000000000, 0.0000000000000000000, -1.000000000000000000 ) ) ;
#6239 = VERTEX_POINT ( 'NONE', #4154 ) ;
#6240 = DIRECTION ( 'NONE',  ( 0.0000000000000000000, 1.000000000000000000, 0.0000000000000000000 ) ) ;
#6241 = LINE ( 'NONE', #7650, #7674 ) ;
#6242 = CARTESIAN_POINT ( 'NONE',  ( -1.782306548403440200, 1.447799999999999500, 0.3150438456690248200 ) ) ;
#6243 = AXIS2_PLACEMENT_3D ( 'NONE', #1538, #5849, #2156 ) ;
#6244 = LINE ( 'NONE', #6697, #4604 ) ;
#6245 = DIRECTION ( 'NONE',  ( 1.000000000000000000, -1.778546870875168800E-015, -3.557093741750337700E-015 ) ) ;
#6246 = EDGE_CURVE ( 'NONE', #5062, #3744, #1559, .T. ) ;
#6247 = AXIS2_PLACEMENT_3D ( 'NONE', #5038, #6883, #3199 ) ;
#6248 = ORIENTED_EDGE ( 'NONE', *, *, #4882, .F. ) ;
#6249 = CARTESIAN_POINT ( 'NONE',  ( -1.561722890262178300, 0.6908799999999997200, -0.7513038538825853600 ) ) ;
#6250 = VECTOR ( 'NONE', #4159, 1000.000000000000200 ) ;
#6251 = CYLINDRICAL_SURFACE ( 'NONE', #7805, 0.03048000000000004900 ) ;
#6252 = ORIENTED_EDGE ( 'NONE', *, *, #2991, .T. ) ;
#6253 = CARTESIAN_POINT ( 'NONE',  ( 1.405318419487914000, 0.6605681812515675800, 1.587420421975473500 ) ) ;
#6254 = CARTESIAN_POINT ( 'NONE',  ( 0.2092467760618338100, 0.7238999992708087200, -1.587319261142518600 ) ) ;
#6255 = ORIENTED_EDGE ( 'NONE', *, *, #6890, .F. ) ;
#6256 = CARTESIAN_POINT ( 'NONE',  ( -2.247900000000000000, 0.6603999999999998800, 0.4952999999999996300 ) ) ;
#6257 = DIRECTION ( 'NONE',  ( 0.0000000000000000000, 0.0000000000000000000, -1.000000000000000000 ) ) ;
#6258 = DIRECTION ( 'NONE',  ( 0.0000000000000000000, 1.676687139483399600E-011, 1.000000000000000000 ) ) ;
#6259 = CARTESIAN_POINT ( 'NONE',  ( 0.4259600306159601100, 0.6908799785229717800, -1.542484518786907600 ) ) ;
#6260 = ADVANCED_FACE ( 'NONE', ( #2819 ), #6004, .F. ) ;
#6261 = CARTESIAN_POINT ( 'NONE',  ( -0.4191000000107576500, 0.6651086379636189600, -1.558711286380577000 ) ) ;
#6262 = CARTESIAN_POINT ( 'NONE',  ( 2.238972614690567300, 0.6603999999999998800, 0.7709273853094336100 ) ) ;
#6263 = CARTESIAN_POINT ( 'NONE',  ( -1.654659406041013600, 0.6908799999999996100, -0.4953000000000001800 ) ) ;
#6264 = CARTESIAN_POINT ( 'NONE',  ( 0.0000000000000000000, 0.7238999999999995400, 1.600200000000000100 ) ) ;
#6265 = CARTESIAN_POINT ( 'NONE',  ( 1.543590829132131600, 0.6604000000000002100, 0.5257799993138125800 ) ) ;
#6266 = CARTESIAN_POINT ( 'NONE',  ( 0.9510355852478549200, 0.6730252293811316300, -1.394735631750302400 ) ) ;
#6267 = DIRECTION ( 'NONE',  ( 0.0000000000000000000, 1.000000000000000000, 0.0000000000000000000 ) ) ;
#6268 = ORIENTED_EDGE ( 'NONE', *, *, #7350, .F. ) ;
#6269 = CARTESIAN_POINT ( 'NONE',  ( -1.516070191620299000, 0.6603999999999996500, -0.8893650299401192300 ) ) ;
#6270 = LINE ( 'NONE', #5114, #4628 ) ;
#6271 = VERTEX_POINT ( 'NONE', #5361 ) ;
#6272 = CARTESIAN_POINT ( 'NONE',  ( -1.516070191620299400, 0.6603999999999995400, -0.8893650299401194600 ) ) ;
#6273 = VERTEX_POINT ( 'NONE', #505 ) ;
#6274 = EDGE_LOOP ( 'NONE', ( #4308, #4630, #7310, #4622 ) ) ;
#6275 = DIRECTION ( 'NONE',  ( 0.0000000000000000000, -0.0000000000000000000, 1.000000000000000000 ) ) ;
#6276 = CARTESIAN_POINT ( 'NONE',  ( 1.516380000000000500, 0.6603999999999998800, -0.4953000000000003000 ) ) ;
#6277 = CIRCLE ( 'NONE', #6707, 0.03047999999999993800 ) ;
#6278 = EDGE_CURVE ( 'NONE', #4692, #2123, #1168, .T. ) ;
#6279 = DIRECTION ( 'NONE',  ( 0.0000000000000000000, 0.0000000000000000000, -1.000000000000000000 ) ) ;
#6280 = STYLED_ITEM ( 'NONE', ( #2089 ), #698 ) ;
#6281 = CYLINDRICAL_SURFACE ( 'NONE', #2530, 0.03048000000000004900 ) ;
#6282 = CARTESIAN_POINT ( 'NONE',  ( 2.217420000000001100, 0.6299199999999997000, -0.5257800000000003600 ) ) ;
#6283 = ORIENTED_EDGE ( 'NONE', *, *, #5340, .F. ) ;
#6284 = CARTESIAN_POINT ( 'NONE',  ( -2.217420000000000200, 0.01262522938113192800, 1.600199999999999800 ) ) ;
#6285 = CARTESIAN_POINT ( 'NONE',  ( -1.654659406041013600, 0.6890608463657856800, -0.4953000000000001800 ) ) ;
#6286 = DIRECTION ( 'NONE',  ( 0.0000000000000000000, 0.0000000000000000000, -1.000000000000000000 ) ) ;
#6287 = AXIS2_PLACEMENT_3D ( 'NONE', #7755, #411, #4695 ) ;
#6288 = EDGE_CURVE ( 'NONE', #3360, #3231, #3114, .T. ) ;
#6289 = VERTEX_POINT ( 'NONE', #5410 ) ;
#6290 = DIRECTION ( 'NONE',  ( -0.0000000000000000000, 0.0000000000000000000, 1.000000000000000000 ) ) ;
#6291 = CYLINDRICAL_SURFACE ( 'NONE', #6139, 0.03047999999999983000 ) ;
#6292 = CARTESIAN_POINT ( 'NONE',  ( -1.489779957083531100, 1.417319999999999700, -0.8739425149700595900 ) ) ;
#6293 = CARTESIAN_POINT ( 'NONE',  ( 1.397074770618876900, 0.03048000000000004200, 1.600200000000000100 ) ) ;
#6294 = ADVANCED_FACE ( 'NONE', ( #4262 ), #983, .F. ) ;
#6295 = ORIENTED_EDGE ( 'NONE', *, *, #151, .F. ) ;
#6296 = CIRCLE ( 'NONE', #7600, 0.03047999999999999300 ) ;
#6297 = CYLINDRICAL_SURFACE ( 'NONE', #3558, 0.03048000000000004900 ) ;
#6298 = AXIS2_PLACEMENT_3D ( 'NONE', #1275, #3766, #110 ) ;
#6299 = DIRECTION ( 'NONE',  ( -2.188980764154056600E-016, -0.0000000000000000000, -1.000000000000000000 ) ) ;
#6300 = VERTEX_POINT ( 'NONE', #2357 ) ;
#6301 = CARTESIAN_POINT ( 'NONE',  ( -2.247900000000000000, 0.6299199999999998100, 1.600200000000000100 ) ) ;
#6302 = CARTESIAN_POINT ( 'NONE',  ( 1.418627385309442400, 0.6299199999999998100, -1.591272614690566200 ) ) ;
#6303 = ORIENTED_EDGE ( 'NONE', *, *, #3232, .T. ) ;
#6304 = EDGE_CURVE ( 'NONE', #7190, #7365, #2618, .T. ) ;
#6305 = FACE_OUTER_BOUND ( 'NONE', #3882, .T. ) ;
#6306 = VERTEX_POINT ( 'NONE', #6061 ) ;
#6307 = DIRECTION ( 'NONE',  ( -1.000000000000000000, 0.0000000000000000000, 0.0000000000000000000 ) ) ;
#6308 = ORIENTED_EDGE ( 'NONE', *, *, #3440, .T. ) ;
#6309 = CARTESIAN_POINT ( 'NONE',  ( -2.217420000000000200, 0.6603999999999997600, -1.587574770618868100 ) ) ;
#6310 = FACE_OUTER_BOUND ( 'NONE', #3893, .T. ) ;
#6311 = CARTESIAN_POINT ( 'NONE',  ( -1.866900000000000000, 0.5968999999999998800, -1.219199999999999800 ) ) ;
#6312 = ORIENTED_EDGE ( 'NONE', *, *, #5187, .F. ) ;
#6313 = DIRECTION ( 'NONE',  ( -0.0000000000000000000, -1.000000000000000000, -0.0000000000000000000 ) ) ;
#6314 = CARTESIAN_POINT ( 'NONE',  ( 2.217420000000001100, 0.03047999999999999700, -0.7493747706188675900 ) ) ;
#6315 = ORIENTED_EDGE ( 'NONE', *, *, #3244, .T. ) ;
#6316 = CARTESIAN_POINT ( 'NONE',  ( 0.0000000000000000000, 7.512325129353056000, -1.600200000000000100 ) ) ;
#6317 = DIRECTION ( 'NONE',  ( 0.0000000000000000000, -1.000000000000000000, 0.0000000000000000000 ) ) ;
#6318 = ORIENTED_EDGE ( 'NONE', *, *, #4592, .F. ) ;
#6319 =( BOUNDED_SURFACE ( )  B_SPLINE_SURFACE ( 3, 2, (
 ( #5336, #5001, #4822 ),
 ( #4793, #4767, #4744 ),
 ( #4372, #4239, #4210 ),
 ( #4186, #4138, #3764 ),
 ( #3597, #3571, #3516 ),
 ( #3161, #3002, #2978 ) ),
 .UNSPECIFIED., .F., .F., .T. )
 B_SPLINE_SURFACE_WITH_KNOTS ( ( 4, 2, 4 ),
 ( 3, 3 ),
 ( 0.0001414588475321257400, 0.0003004630128302555200, 0.0004594671781283852800 ),
 ( 0.0000000000000000000, 1.000000000000000000 ),
 .UNSPECIFIED. )
 GEOMETRIC_REPRESENTATION_ITEM ( )  RATIONAL_B_SPLINE_SURFACE ( (
 ( 1.000000000000000000, 0.7071067811865487900, 1.000000000000000000),
 ( 1.000000000000000000, 0.8207827533106699700, 1.000000000000000000),
 ( 1.000000000000000000, 0.8892309470192608600, 1.000000000000000000),
 ( 1.000000000000000000, 0.9793452121916591500, 1.000000000000000000),
 ( 1.000000000000000000, 0.9996859223642591300, 1.000000000000000000),
 ( 1.000000000000000000, 1.000000000000000000, 1.000000000000000000) ) )
 REPRESENTATION_ITEM ( '' )  SURFACE ( )  );
#6320 = EDGE_CURVE ( 'NONE', #101, #3291, #1368, .T. ) ;
#6321 = CARTESIAN_POINT ( 'NONE',  ( -1.321554598097102400, 1.417319999999999700, -0.9022934579439249000 ) ) ;
#6322 = COLOUR_RGB ( '',0.7921568627450980000, 0.8196078431372548800, 0.9333333333333333500 ) ;
#6323 = AXIS2_PLACEMENT_3D ( 'NONE', #3539, #6814, #7622 ) ;
#6324 = EDGE_CURVE ( 'NONE', #3014, #6977, #7526, .T. ) ;
#6325 = DIRECTION ( 'NONE',  ( 0.0000000000000000000, -1.000000000000000000, -0.0000000000000000000 ) ) ;
#6326 = CARTESIAN_POINT ( 'NONE',  ( 1.460500000000000100, 1.130299999999999900, -0.4953000000000003000 ) ) ;
#6327 = ORIENTED_EDGE ( 'NONE', *, *, #6893, .F. ) ;
#6328 = CARTESIAN_POINT ( 'NONE',  ( 2.217420000000001100, 0.6603999999999998800, -0.7493747706188677000 ) ) ;
#6329 = DIRECTION ( 'NONE',  ( -0.0000000000000000000, -0.0000000000000000000, 1.000000000000000000 ) ) ;
#6330 = LINE ( 'NONE', #922, #1220 ) ;
#6331 = CYLINDRICAL_SURFACE ( 'NONE', #2791, 0.03048000000000004900 ) ;
#6332 = ADVANCED_FACE ( 'NONE', ( #5897 ), #7151, .T. ) ;
#6333 = CARTESIAN_POINT ( 'NONE',  ( -2.247900000000000000, 0.03047999999999999700, 1.569719999999999800 ) ) ;
#6334 = ORIENTED_EDGE ( 'NONE', *, *, #1216, .F. ) ;
#6335 = ORIENTED_EDGE ( 'NONE', *, *, #6092, .T. ) ;
#6336 = STYLED_ITEM ( 'NONE', ( #3867 ), #2955 ) ;
#6337 = CIRCLE ( 'NONE', #1325, 1.104900000000000200 ) ;
#6338 = CARTESIAN_POINT ( 'NONE',  ( -2.247900000000000000, 0.6299199999999997000, -1.569720000000000000 ) ) ;
#6339 = DIRECTION ( 'NONE',  ( 0.0000000000000000000, 1.000000000000000000, 0.0000000000000000000 ) ) ;
#6340 = CARTESIAN_POINT ( 'NONE',  ( -0.2285999999999999700, 1.447800000000000000, -0.2199704525612475900 ) ) ;
#6341 = FACE_OUTER_BOUND ( 'NONE', #7072, .T. ) ;
#6342 = ORIENTED_EDGE ( 'NONE', *, *, #1578, .T. ) ;
#6343 = ORIENTED_EDGE ( 'NONE', *, *, #1442, .F. ) ;
#6344 = DIRECTION ( 'NONE',  ( -0.7071067811865442400, 0.0000000000000000000, -0.7071067811865509000 ) ) ;
#6345 = CARTESIAN_POINT ( 'NONE',  ( -1.024207589142488400, 1.447800000000000400, 0.4243000600790297600 ) ) ;
#6346 = CARTESIAN_POINT ( 'NONE',  ( 0.4495799999999958700, 0.01262522938113192800, 1.600199999999999800 ) ) ;
#6347 = CARTESIAN_POINT ( 'NONE',  ( 0.4190999999999962500, 0.03047999999999999300, -1.541780000000000400 ) ) ;
#6348 = EDGE_CURVE ( 'NONE', #2056, #3110, #2413, .T. ) ;
#6349 = AXIS2_PLACEMENT_3D ( 'NONE', #4408, #722, #5037 ) ;
#6350 = FACE_OUTER_BOUND ( 'NONE', #6380, .T. ) ;
#6351 = ORIENTED_EDGE ( 'NONE', *, *, #6565, .F. ) ;
#6352 = CARTESIAN_POINT ( 'NONE',  ( -2.168404344971008900E-016, 1.447799999999999500, -1.587574770618868100 ) ) ;
#6353 = EDGE_CURVE ( 'NONE', #6941, #3744, #4065, .T. ) ;
#6354 = CARTESIAN_POINT ( 'NONE',  ( 2.235120421975474800, 0.03048000000000015600, -0.7800229518704353500 ) ) ;
#6355 = CARTESIAN_POINT ( 'NONE',  ( -2.780878965631844200E-016, 1.447799999999999800, -1.135380000000000100 ) ) ;
#6356 = CARTESIAN_POINT ( 'NONE',  ( -2.247900000000000500, 0.6603999999999998800, 0.5257799999999995800 ) ) ;
#6357 = AXIS2_PLACEMENT_3D ( 'NONE', #868, #893, #1404 ) ;
#6358 = CARTESIAN_POINT ( 'NONE',  ( -0.4190999999999958600, 0.03047999999999999700, -1.569720000000000000 ) ) ;
#6359 = CARTESIAN_POINT ( 'NONE',  ( -0.4416971401106091200, 0.6604000000007165200, -1.569719917859278200 ) ) ;
#6360 = VERTEX_POINT ( 'NONE', #2410 ) ;
#6361 = VERTEX_POINT ( 'NONE', #3048 ) ;
#6362 = DIRECTION ( 'NONE',  ( -1.000000000000000000, 0.0000000000000000000, 1.224646799147353200E-016 ) ) ;
#6363 = CARTESIAN_POINT ( 'NONE',  ( 0.4190999999999962000, 0.08890000000000000700, -1.569720000000000000 ) ) ;
#6364 = DIRECTION ( 'NONE',  ( -1.000000000000000000, 0.0000000000000000000, 0.0000000000000000000 ) ) ;
#6365 = CARTESIAN_POINT ( 'NONE',  ( 0.3886199999999961900, 0.08890000000000000700, -1.511300000000000300 ) ) ;
#6366 = ORIENTED_EDGE ( 'NONE', *, *, #5135, .T. ) ;
#6367 = DIRECTION ( 'NONE',  ( -1.000000000000000000, 0.0000000000000000000, 0.0000000000000000000 ) ) ;
#6368 = EDGE_CURVE ( 'NONE', #270, #609, #788, .T. ) ;
#6369 = EDGE_LOOP ( 'NONE', ( #6706, #1485 ) ) ;
#6370 = CARTESIAN_POINT ( 'NONE',  ( -2.247900000000000000, 0.03048000000000004900, -1.569720000000000000 ) ) ;
#6371 = ADVANCED_FACE ( 'NONE', ( #3883 ), #5312, .T. ) ;
#6372 = B_SPLINE_CURVE_WITH_KNOTS ( 'NONE', 3,
 ( #3680, #3034, #1194, #1164 ),
 .UNSPECIFIED., .F., .F.,
 ( 4, 4 ),
 ( 0.0000000000000000000, 1.000000000000000000 ),
 .UNSPECIFIED. ) ;
#6373 = ORIENTED_EDGE ( 'NONE', *, *, #3886, .F. ) ;
#6374 = FACE_OUTER_BOUND ( 'NONE', #4127, .T. ) ;
#6375 = LINE ( 'NONE', #5901, #1652 ) ;
#6376 = PLANE ( 'NONE',  #6452 ) ;
#6377 = UNCERTAINTY_MEASURE_WITH_UNIT (LENGTH_MEASURE( 1.000000000000000100E-005 ), #1853, 'distance_accuracy_value', 'NONE');
#6378 = CARTESIAN_POINT ( 'NONE',  ( -1.654659406041013600, 0.6908799999999996100, 0.4952999999999999600 ) ) ;
#6379 = DIRECTION ( 'NONE',  ( -0.0000000000000000000, 1.000000000000000000, -0.0000000000000000000 ) ) ;
#6380 = EDGE_LOOP ( 'NONE', ( #7486, #596, #3804, #1255, #5599, #6988 ) ) ;
#6381 = CIRCLE ( 'NONE', #3505, 0.03047999999999983000 ) ;
#6382 = CARTESIAN_POINT ( 'NONE',  ( -0.4190999999999959200, 0.01262522938113196300, -1.569719999999999800 ) ) ;
#6383 = CARTESIAN_POINT ( 'NONE',  ( 0.4190999999999959200, 0.01262522938113193000, 1.523925229381132100 ) ) ;
#6384 = CYLINDRICAL_SURFACE ( 'NONE', #3590, 1.104900000000000200 ) ;
#6385 = CARTESIAN_POINT ( 'NONE',  ( 2.217420000000001100, 0.03047999999999999700, 0.7493747706188674800 ) ) ;
#6386 = CARTESIAN_POINT ( 'NONE',  ( -0.2285999999999999700, 1.447800000000000000, 0.6868575179758901200 ) ) ;
#6387 = LINE ( 'NONE', #2157, #4949 ) ;
#6388 = AXIS2_PLACEMENT_3D ( 'NONE', #613, #1223, #2396 ) ;
#6389 = EDGE_CURVE ( 'NONE', #871, #1023, #6950, .T. ) ;
#6390 = AXIS2_PLACEMENT_3D ( 'NONE', #568, #4805, #6641 ) ;
#6391 = DIRECTION ( 'NONE',  ( 0.0000000000000000000, 0.0000000000000000000, 1.000000000000000000 ) ) ;
#6392 = CARTESIAN_POINT ( 'NONE',  ( 1.514738666078486500, 0.6908799999999998300, 0.5159523364485980600 ) ) ;
#6393 = ORIENTED_EDGE ( 'NONE', *, *, #4263, .T. ) ;
#6394 = DIRECTION ( 'NONE',  ( -6.123233995736766000E-017, -0.0000000000000000000, -1.000000000000000000 ) ) ;
#6395 = ORIENTED_EDGE ( 'NONE', *, *, #3858, .F. ) ;
#6396 = VECTOR ( 'NONE', #2637, 1000.000000000000000 ) ;
#6397 = ORIENTED_EDGE ( 'NONE', *, *, #3614, .T. ) ;
#6398 = CARTESIAN_POINT ( 'NONE',  ( -1.485640616257134100, 0.6603999999999996500, 0.9194800000000003000 ) ) ;
#6399 = CARTESIAN_POINT ( 'NONE',  ( 0.0000000000000000000, 0.6908799999999999400, 0.8890000000000003500 ) ) ;
#6400 = ORIENTED_EDGE ( 'NONE', *, *, #3441, .F. ) ;
#6401 = DIRECTION ( 'NONE',  ( 0.0000000000000000000, 0.0000000000000000000, -1.000000000000000000 ) ) ;
#6402 = VERTEX_POINT ( 'NONE', #1821 ) ;
#6403 = COLOUR_RGB ( '',0.7921568627450980000, 0.8196078431372548800, 0.9333333333333333500 ) ;
#6404 =( GEOMETRIC_REPRESENTATION_CONTEXT ( 3 ) GLOBAL_UNCERTAINTY_ASSIGNED_CONTEXT ( ( #6377 ) ) GLOBAL_UNIT_ASSIGNED_CONTEXT ( ( #1853, #6171, #2470 ) ) REPRESENTATION_CONTEXT ( 'NONE', 'WORKASPACE' ) );
#6405 = CARTESIAN_POINT ( 'NONE',  ( 1.579747626945963400, 1.296905322932621100, 0.01270000000007948600 ) ) ;
#6406 = VERTEX_POINT ( 'NONE', #6146 ) ;
#6407 = CARTESIAN_POINT ( 'NONE',  ( 1.530117186396412000, 0.6603999999999977700, -0.4691769117686680500 ) ) ;
#6408 =( BOUNDED_SURFACE ( )  B_SPLINE_SURFACE ( 3, 3, (
 ( #4867, #3013, #6108, #2403 ),
 ( #6723, #3042, #7343, #3663 ),
 ( #22, #4280, #593, #4899 ),
 ( #1202, #5506, #1819, #6140 ) ),
 .UNSPECIFIED., .F., .F., .F. )
 B_SPLINE_SURFACE_WITH_KNOTS ( ( 4, 4 ),
 ( 4, 4 ),
 ( 0.0000000000000000000, 1.000000000000000000 ),
 ( 0.0000000000000000000, 1.000000000000000000 ),
 .UNSPECIFIED. )
 GEOMETRIC_REPRESENTATION_ITEM ( )  RATIONAL_B_SPLINE_SURFACE ( (
 ( 1.000000000000000000, 0.8025111867385869000, 0.8025111867385869000, 1.000000000000000000),
 ( 0.9107980136595094100, 0.7309255948210405800, 0.7309255948210405800, 0.9107980136595094100),
 ( 0.9107980136595094100, 0.7309255948210405800, 0.7309255948210405800, 0.9107980136595094100),
 ( 1.000000000000000000, 0.8025111867385869000, 0.8025111867385869000, 1.000000000000000000) ) )
 REPRESENTATION_ITEM ( '' )  SURFACE ( )  );
#6409 = CARTESIAN_POINT ( 'NONE',  ( -1.656339686088160300, 0.6811055110132948600, 0.4953000000001231400 ) ) ;
#6410 = AXIS2_PLACEMENT_3D ( 'NONE', #6454, #7051, #6539 ) ;
#6411 = CARTESIAN_POINT ( 'NONE',  ( 2.238972614690567300, 0.03048000000000002100, -0.7709273853094335000 ) ) ;
#6412 = CLOSED_SHELL ( 'NONE', ( #4879, #5438, #1246, #5647, #315, #3072, #2739, #1685 ) ) ;
#6413 =( BOUNDED_CURVE ( )  B_SPLINE_CURVE ( 3, ( #4178, #3478, #3565, #4203 ),
 .UNSPECIFIED., .F., .T. )
 B_SPLINE_CURVE_WITH_KNOTS ( ( 4, 4 ),
 ( 0.0000000000000000000, 1.000000000000000000 ),
 .UNSPECIFIED. )
 CURVE ( )  GEOMETRIC_REPRESENTATION_ITEM ( )  RATIONAL_B_SPLINE_CURVE ( ( 1.000000000000000000, 0.3333333333333333700, 0.3333333333333333700, 1.000000000000000000 ) )
 REPRESENTATION_ITEM ( '' )  );
#6414 = EDGE_CURVE ( 'NONE', #7752, #3647, #432, .T. ) ;
#6415 = ADVANCED_FACE ( 'NONE', ( #603 ), #3490, .T. ) ;
#6416 = LINE ( 'NONE', #1345, #3141 ) ;
#6417 = ORIENTED_EDGE ( 'NONE', *, *, #6458, .T. ) ;
#6418 = DIRECTION ( 'NONE',  ( 0.0000000000000000000, 0.0000000000000000000, -1.000000000000000000 ) ) ;
#6419 = CARTESIAN_POINT ( 'NONE',  ( -1.463489722546762000, 7.512325129353056000, 0.8890000000000002300 ) ) ;
#6420 = DIRECTION ( 'NONE',  ( -1.000000000000000000, 0.0000000000000000000, 0.0000000000000000000 ) ) ;
#6421 = CARTESIAN_POINT ( 'NONE',  ( 1.554507831020285600, 0.6603999999999997600, 0.5097547955816571500 ) ) ;
#6422 = ADVANCED_FACE ( 'NONE', ( #2025 ), #241, .F. ) ;
#6423 = CARTESIAN_POINT ( 'NONE',  ( 0.0000000000000000000, 0.6603999999999998800, 0.0000000000000000000 ) ) ;
#6424 = CONICAL_SURFACE ( 'NONE', #3527, 1.104899999916142400, 1.396263401537037200 ) ;
#6425 = FACE_OUTER_BOUND ( 'NONE', #2456, .T. ) ;
#6426 = CARTESIAN_POINT ( 'NONE',  ( -1.326162431689552400, 1.447800000000000000, 0.8585200000000002800 ) ) ;
#6427 = ORIENTED_EDGE ( 'NONE', *, *, #707, .T. ) ;
#6428 = ORIENTED_EDGE ( 'NONE', *, *, #7155, .T. ) ;
#6429 = EDGE_CURVE ( 'NONE', #4787, #4132, #2233, .T. ) ;
#6430 = CARTESIAN_POINT ( 'NONE',  ( 1.568986332206041100, 1.292768234816440700, -0.08409049288498932100 ) ) ;
#6431 = VECTOR ( 'NONE', #4167, 1000.000000000000000 ) ;
#6432 = FACE_OUTER_BOUND ( 'NONE', #4032, .T. ) ;
#6433 = CARTESIAN_POINT ( 'NONE',  ( 1.598420240667389300, 1.315426397859247800, 0.01269999999989405800 ) ) ;
#6434 = DIRECTION ( 'NONE',  ( 0.0000000000000000000, 1.000000000000000000, 0.0000000000000000000 ) ) ;
#6435 = ORIENTED_EDGE ( 'NONE', *, *, #5781, .T. ) ;
#6436 = DIRECTION ( 'NONE',  ( 0.0000000000000000000, -1.000000000000000000, 1.224646799147353200E-016 ) ) ;
#6437 = DIRECTION ( 'NONE',  ( 0.0000000000000000000, 0.0000000000000000000, -1.000000000000000000 ) ) ;
#6438 = CARTESIAN_POINT ( 'NONE',  ( 0.4495799999999963200, 5.421010862427522200E-017, -1.569720000000000000 ) ) ;
#6439 = FACE_OUTER_BOUND ( 'NONE', #6089, .T. ) ;
#6440 = AXIS2_PLACEMENT_3D ( 'NONE', #3218, #7519, #3851 ) ;
#6441 = CIRCLE ( 'NONE', #5747, 0.03048000000000004900 ) ;
#6442 = ORIENTED_EDGE ( 'NONE', *, *, #5997, .T. ) ;
#6443 = VERTEX_POINT ( 'NONE', #77 ) ;
#6444 = CARTESIAN_POINT ( 'NONE',  ( 1.104827009083322500, 1.295188274504349900, -0.01270000000000022700 ) ) ;
#6445 = DIRECTION ( 'NONE',  ( -0.0000000000000000000, -0.0000000000000000000, 1.000000000000000000 ) ) ;
#6446 = DIRECTION ( 'NONE',  ( 0.0000000000000000000, 0.0000000000000000000, -1.000000000000000000 ) ) ;
#6447 = CARTESIAN_POINT ( 'NONE',  ( 1.155700000000000400, 0.0000000000000000000, 0.0000000000000000000 ) ) ;
#6448 =( NAMED_UNIT ( * ) PLANE_ANGLE_UNIT ( ) SI_UNIT ( $, .RADIAN. ) );
#6449 = B_SPLINE_CURVE_WITH_KNOTS ( 'NONE', 3,
 ( #2655, #7545, #235, #4514 ),
 .UNSPECIFIED., .F., .F.,
 ( 4, 4 ),
 ( 0.0000000000000000000, 1.000000000000000000 ),
 .UNSPECIFIED. ) ;
#6450 = AXIS2_PLACEMENT_3D ( 'NONE', #40, #3058, #610 ) ;
#6451 = ADVANCED_FACE ( 'NONE', ( #1838 ), #1674, .T. ) ;
#6452 = AXIS2_PLACEMENT_3D ( 'NONE', #2691, #272, #4549 ) ;
#6453 = CARTESIAN_POINT ( 'NONE',  ( 1.537524077660386200, 1.158194411924411900, 0.2930559958454976300 ) ) ;
#6454 = CARTESIAN_POINT ( 'NONE',  ( -0.6223000000000000800, 1.422399999999999900, 0.02199704525612467300 ) ) ;
#6455 = ORIENTED_EDGE ( 'NONE', *, *, #3944, .T. ) ;
#6456 = CARTESIAN_POINT ( 'NONE',  ( 1.537644566393443500, 1.158910947266514900, -0.2923302208692616400 ) ) ;
#6457 = EDGE_LOOP ( 'NONE', ( #307, #4741, #6687, #2264, #5335 ) ) ;
#6458 = EDGE_CURVE ( 'NONE', #1948, #3476, #3292, .T. ) ;
#6459 = DIRECTION ( 'NONE',  ( -1.000000000000000000, -0.0000000000000000000, -0.0000000000000000000 ) ) ;
#6460 = ADVANCED_FACE ( 'NONE', ( #6374 ), #281, .T. ) ;
#6461 = VECTOR ( 'NONE', #6936, 1000.000000000000000 ) ;
#6462 = ORIENTED_EDGE ( 'NONE', *, *, #4816, .F. ) ;
#6463 = ORIENTED_EDGE ( 'NONE', *, *, #4325, .T. ) ;
#6464 = ORIENTED_EDGE ( 'NONE', *, *, #2790, .T. ) ;
#6465 = CYLINDRICAL_SURFACE ( 'NONE', #4646, 0.03048000000000004900 ) ;
#6466 = DIRECTION ( 'NONE',  ( 0.0000000000000000000, 1.000000000000000000, 0.0000000000000000000 ) ) ;
#6467 = LINE ( 'NONE', #7507, #4826 ) ;
#6468 = CARTESIAN_POINT ( 'NONE',  ( 2.247900000000000900, 0.03047999999999993100, 0.7493747706188675900 ) ) ;
#6469 = CARTESIAN_POINT ( 'NONE',  ( -0.4190999999999958100, 0.08890000000000002100, -1.541780000000000400 ) ) ;
#6470 = CARTESIAN_POINT ( 'NONE',  ( 0.0000000000000000000, 0.0000000000000000000, 1.569720000000000000 ) ) ;
#6471 = DIRECTION ( 'NONE',  ( -0.0000000000000000000, 1.000000000000000000, -0.0000000000000000000 ) ) ;
#6472 = CARTESIAN_POINT ( 'NONE',  ( 1.155700000000000400, 0.08890000000000000700, -0.4953000000000003000 ) ) ;
#6473 = ORIENTED_EDGE ( 'NONE', *, *, #6085, .F. ) ;
#6474 = CARTESIAN_POINT ( 'NONE',  ( -2.247900000000000000, 0.03048000000000003500, 1.569720000000000000 ) ) ;
#6475 = AXIS2_PLACEMENT_3D ( 'NONE', #6155, #6126, #6070 ) ;
#6476 = VECTOR ( 'NONE', #4072, 1000.000000000000000 ) ;
#6477 = EDGE_CURVE ( 'NONE', #7079, #2056, #4929, .T. ) ;
#6478 = DIRECTION ( 'NONE',  ( -0.0000000000000000000, -1.000000000000000000, -0.0000000000000000000 ) ) ;
#6479 = EDGE_CURVE ( 'NONE', #1379, #1457, #4735, .T. ) ;
#6480 = EDGE_CURVE ( 'NONE', #7336, #4965, #1462, .T. ) ;
#6481 = DIRECTION ( 'NONE',  ( 0.0000000000000000000, 0.0000000000000000000, 1.000000000000000000 ) ) ;
#6482 = DIRECTION ( 'NONE',  ( 0.0000000000000000000, -0.0000000000000000000, 1.000000000000000000 ) ) ;
#6483 = CARTESIAN_POINT ( 'NONE',  ( 1.520486808269848800, 1.034588964445863700, -0.3611698379449666500 ) ) ;
#6484 = ORIENTED_EDGE ( 'NONE', *, *, #6978, .T. ) ;
#6485 = LINE ( 'NONE', #6589, #1176 ) ;
#6486 = CARTESIAN_POINT ( 'NONE',  ( -2.374899999999999300, 0.6477747706188681200, -1.473200000000000100 ) ) ;
#6487 = DIRECTION ( 'NONE',  ( 0.0000000000000000000, 1.000000000000000000, 0.0000000000000000000 ) ) ;
#6488 = EDGE_LOOP ( 'NONE', ( #97, #1211, #5000, #658, #1823, #6594, #4055, #7201, #5591, #3789, #4088, #7399, #1288, #6221, #7282 ) ) ;
#6489 = DIRECTION ( 'NONE',  ( 1.000000000000000000, 0.0000000000000000000, 0.0000000000000000000 ) ) ;
#6490 = VECTOR ( 'NONE', #4948, 1000.000000000000000 ) ;
#6491 = ORIENTED_EDGE ( 'NONE', *, *, #380, .F. ) ;
#6492 = CYLINDRICAL_SURFACE ( 'NONE', #1071, 0.03048000000000004900 ) ;
#6493 = DIRECTION ( 'NONE',  ( -0.0000000000000000000, -1.000000000000000000, -0.0000000000000000000 ) ) ;
#6494 = CARTESIAN_POINT ( 'NONE',  ( -0.1053185895099232700, 0.7239000007291911400, -1.597584001123948200 ) ) ;
#6495 = ORIENTED_EDGE ( 'NONE', *, *, #6320, .F. ) ;
#6496 = CARTESIAN_POINT ( 'NONE',  ( 2.217132737020558700, 1.353704919210621500E-006, 0.7493747706188674800 ) ) ;
#6497 = ORIENTED_EDGE ( 'NONE', *, *, #4737, .T. ) ;
#6498 = VECTOR ( 'NONE', #5630, 1000.000000000000000 ) ;
#6499 = ORIENTED_EDGE ( 'NONE', *, *, #558, .F. ) ;
#6500 = EDGE_CURVE ( 'NONE', #3328, #3839, #3102, .T. ) ;
#6501 = CARTESIAN_POINT ( 'NONE',  ( 0.0000000000000000000, 1.417319999999999700, 0.0000000000000000000 ) ) ;
#6502 = DIRECTION ( 'NONE',  ( -0.0000000000000000000, -1.000000000000000000, -0.0000000000000000000 ) ) ;
#6503 = ADVANCED_FACE ( 'NONE', ( #7617 ), #4355, .T. ) ;
#6504 = CARTESIAN_POINT ( 'NONE',  ( -1.358900000000000200, 0.6477747706188679000, 0.9652000000000005000 ) ) ;
#6505 = ORIENTED_EDGE ( 'NONE', *, *, #33, .F. ) ;
#6506 = DIRECTION ( 'NONE',  ( 1.000000000000000000, 0.0000000000000000000, -0.0000000000000000000 ) ) ;
#6507 = EDGE_CURVE ( 'NONE', #4391, #4302, #5988, .T. ) ;
#6508 = LINE ( 'NONE', #3965, #1590 ) ;
#6509 = DIRECTION ( 'NONE',  ( 1.224646799147348300E-016, 0.0000000000000000000, 1.000000000000000000 ) ) ;
#6510 = CARTESIAN_POINT ( 'NONE',  ( -0.2285999999999998300, 1.257300000000000100, -0.7620000000000000100 ) ) ;
#6511 = ORIENTED_EDGE ( 'NONE', *, *, #4674, .F. ) ;
#6512 = CARTESIAN_POINT ( 'NONE',  ( 1.516866654939669400, 0.9878109052693173600, -0.3737834279313619900 ) ) ;
#6513 = VERTEX_POINT ( 'NONE', #3861 ) ;
#6514 =( GEOMETRIC_REPRESENTATION_CONTEXT ( 3 ) GLOBAL_UNCERTAINTY_ASSIGNED_CONTEXT ( ( #7820 ) ) GLOBAL_UNIT_ASSIGNED_CONTEXT ( ( #7859, #4198, #520 ) ) REPRESENTATION_CONTEXT ( 'NONE', 'WORKASPACE' ) );
#6515 = CARTESIAN_POINT ( 'NONE',  ( 1.516379999999998100, 0.9569456811515714100, -0.3791307446255905400 ) ) ;
#6516 = CARTESIAN_POINT ( 'NONE',  ( -0.4317252293811279500, 9.504106807841516700E-017, 1.541780000000000400 ) ) ;
#6517 = CARTESIAN_POINT ( 'NONE',  ( 2.217420000000001100, 0.6299199999999998100, -0.4953000000000004100 ) ) ;
#6518 = EDGE_LOOP ( 'NONE', ( #2453, #5735, #2477, #29 ) ) ;
#6519 = CARTESIAN_POINT ( 'NONE',  ( 1.390439482815922100E-016, 1.447800000000000000, 1.135380000000000100 ) ) ;
#6520 = DIRECTION ( 'NONE',  ( 0.0000000000000000000, 0.0000000000000000000, -1.000000000000000000 ) ) ;
#6521 = FACE_OUTER_BOUND ( 'NONE', #5240, .T. ) ;
#6522 = CARTESIAN_POINT ( 'NONE',  ( -1.463489722546762500, 0.6603999999999997600, -0.9194799999999996300 ) ) ;
#6523 = CARTESIAN_POINT ( 'NONE',  ( 0.4190999999999958100, 0.6818036056048948400, 1.545730233571723100 ) ) ;
#6524 = CARTESIAN_POINT ( 'NONE',  ( 1.554692307483178200, 0.9144000000000002100, -0.3810000000000000600 ) ) ;
#6525 = ORIENTED_EDGE ( 'NONE', *, *, #5996, .F. ) ;
#6526 = VECTOR ( 'NONE', #3569, 1000.000000000000000 ) ;
#6527 = CARTESIAN_POINT ( 'NONE',  ( -0.2674252456276871000, 0.7153044279050103600, -1.600199999999999800 ) ) ;
#6528 = CARTESIAN_POINT ( 'NONE',  ( -2.247900000000000500, 0.6299199999999998100, 0.5257799999999995800 ) ) ;
#6529 = VECTOR ( 'NONE', #6290, 1000.000000000000000 ) ;
#6530 = EDGE_CURVE ( 'NONE', #3743, #2742, #6811, .T. ) ;
#6531 = ORIENTED_EDGE ( 'NONE', *, *, #5632, .F. ) ;
#6532 = CARTESIAN_POINT ( 'NONE',  ( 2.247900000000000900, 0.6603999999999998800, 0.7619999999999996800 ) ) ;
#6533 = ORIENTED_EDGE ( 'NONE', *, *, #7001, .T. ) ;
#6534 = ORIENTED_EDGE ( 'NONE', *, *, #642, .F. ) ;
#6535 = CARTESIAN_POINT ( 'NONE',  ( 1.397074770618876900, 0.03048000000000000000, 1.569720000000000000 ) ) ;
#6536 = LINE ( 'NONE', #5261, #1614 ) ;
#6537 = LINE ( 'NONE', #5188, #1615 ) ;
#6538 = ORIENTED_EDGE ( 'NONE', *, *, #2192, .F. ) ;
#6539 = DIRECTION ( 'NONE',  ( 0.5000000000000007800, 0.0000000000000000000, -0.8660254037844382600 ) ) ;
#6540 = ORIENTED_EDGE ( 'NONE', *, *, #1009, .T. ) ;
#6541 = EDGE_CURVE ( 'NONE', #6005, #3231, #2714, .T. ) ;
#6542 = CARTESIAN_POINT ( 'NONE',  ( 0.3886199999999958000, -1.524659305057740600E-017, 1.480820000000000000 ) ) ;
#6543 = AXIS2_PLACEMENT_3D ( 'NONE', #3044, #6725, #6110 ) ;
#6544 = CARTESIAN_POINT ( 'NONE',  ( 6.532266026651982100E-017, 0.7238999999999995400, 1.600199999999999800 ) ) ;
#6545 = CARTESIAN_POINT ( 'NONE',  ( 1.514738666078486500, 0.6603999999999999900, -0.5159523364485985000 ) ) ;
#6546 = LINE ( 'NONE', #4745, #3464 ) ;
#6547 = CARTESIAN_POINT ( 'NONE',  ( 0.6452005863466742100, 1.447799999999999800, 1.135380000000000100 ) ) ;
#6548 = ADVANCED_FACE ( 'NONE', ( #5793 ), #5383, .T. ) ;
#6549 = CARTESIAN_POINT ( 'NONE',  ( 2.217420000000001100, 0.6477747706191051600, -0.4953000000000003500 ) ) ;
#6550 = EDGE_CURVE ( 'NONE', #5563, #6513, #2509, .T. ) ;
#6551 = CARTESIAN_POINT ( 'NONE',  ( 1.614217111924902000, 1.435174770618867600, 1.921956452854444400 ) ) ;
#6552 = CARTESIAN_POINT ( 'NONE',  ( 0.4190999999999958100, 0.6846789493381657500, 1.544818380015693800 ) ) ;
#6553 = CARTESIAN_POINT ( 'NONE',  ( 1.587802445517927800, 1.245974518427637800, -0.2100919234384960900 ) ) ;
#6554 = DIRECTION ( 'NONE',  ( -1.000000000000000000, -0.0000000000000000000, -0.0000000000000000000 ) ) ;
#6555 = CARTESIAN_POINT ( 'NONE',  ( 0.4317252293811277800, 0.1015252293811319100, 1.600200000000000100 ) ) ;
#6556 = PLANE ( 'NONE',  #190 ) ;
#6557 = VERTEX_POINT ( 'NONE', #197 ) ;
#6558 = DIRECTION ( 'NONE',  ( 0.0000000000000000000, -1.000000000000000000, 2.342910729165048200E-015 ) ) ;
#6559 = ORIENTED_EDGE ( 'NONE', *, *, #5441, .T. ) ;
#6560 = CARTESIAN_POINT ( 'NONE',  ( -2.247900000000000000, 0.03048000000000004900, -0.5257800000000004700 ) ) ;
#6561 = AXIS2_PLACEMENT_3D ( 'NONE', #951, #973, #998 ) ;
#6562 = CARTESIAN_POINT ( 'NONE',  ( -0.4190999999999957500, 0.08890000000000000700, -1.569720000000000000 ) ) ;
#6563 = PRESENTATION_STYLE_ASSIGNMENT (( #3577 ) ) ;
#6564 = CARTESIAN_POINT ( 'NONE',  ( -0.05183254022505764300, 0.7166784964973032000, 1.600200000000000100 ) ) ;
#6565 = EDGE_CURVE ( 'NONE', #6048, #3625, #4545, .T. ) ;
#6566 = ORIENTED_EDGE ( 'NONE', *, *, #2717, .F. ) ;
#6567 = ORIENTED_EDGE ( 'NONE', *, *, #5565, .T. ) ;
#6568 = CARTESIAN_POINT ( 'NONE',  ( -0.2286000000000001100, 1.447800000000000000, -0.6600335521774631800 ) ) ;
#6569 = CARTESIAN_POINT ( 'NONE',  ( -1.463489722546762000, 7.512325129353056000, 0.8585200000000001700 ) ) ;
#6570 =( BOUNDED_SURFACE ( )  B_SPLINE_SURFACE ( 3, 2, (
 ( #5006, #1305, #6236 ),
 ( #2538, #6851, #3166 ),
 ( #7472, #3793, #137 ),
 ( #4406, #719, #5034 ),
 ( #1335, #5639, #1940 ),
 ( #6264, #2568, #6878 ) ),
 .UNSPECIFIED., .F., .F., .F. )
 B_SPLINE_SURFACE_WITH_KNOTS ( ( 4, 2, 4 ),
 ( 3, 3 ),
 ( 0.0001414588804531163000, 0.0003004630765003176900, 0.0004594672725475190800 ),
 ( 0.0000000000000000000, 1.000000000000000000 ),
 .UNSPECIFIED. )
 GEOMETRIC_REPRESENTATION_ITEM ( )  RATIONAL_B_SPLINE_SURFACE ( (
 ( 1.000000000000000000, 0.7071067811865463500, 1.000000000000000000),
 ( 1.000000000000000000, 0.8207827467640972400, 1.000000000000000000),
 ( 1.000000000000000000, 0.8892309423780450100, 1.000000000000000000),
 ( 1.000000000000000000, 0.9793452103293870400, 1.000000000000000000),
 ( 1.000000000000000000, 0.9996859220909490900, 1.000000000000000000),
 ( 1.000000000000000000, 1.000000000000000000, 1.000000000000000000) ) )
 REPRESENTATION_ITEM ( '' )  SURFACE ( )  );
#6571 = CARTESIAN_POINT ( 'NONE',  ( 2.217420000000001100, 0.6604000000002990800, -0.5079252293814060500 ) ) ;
#6572 = CARTESIAN_POINT ( 'NONE',  ( -2.217420000000000200, 0.6603999999999998800, 1.569720000000000000 ) ) ;
#6574 = VERTEX_POINT ( 'NONE', #7609 ) ;
#6573 = DIRECTION ( 'NONE',  ( 1.000000000000000000, 0.0000000000000000000, -0.0000000000000000000 ) ) ;
#6575 = VECTOR ( 'NONE', #7405, 1000.000000000000000 ) ;
#6576 = CYLINDRICAL_SURFACE ( 'NONE', #6153, 1.600200000000000100 ) ;
#6577 = CARTESIAN_POINT ( 'NONE',  ( 0.4191000000446908900, 0.6877295774578809900, 1.544342980837963400 ) ) ;
#6578 = CARTESIAN_POINT ( 'NONE',  ( -0.4190999999999958100, 0.7238999999999998800, -1.569720000000000000 ) ) ;
#6579 = CARTESIAN_POINT ( 'NONE',  ( -1.336377825953577500, 0.6728915161245089300, 0.8890000000000000100 ) ) ;
#6580 = ORIENTED_EDGE ( 'NONE', *, *, #6414, .F. ) ;
#6581 = VECTOR ( 'NONE', #89, 1000.000000000000000 ) ;
#6582 = ADVANCED_FACE ( 'NONE', ( #3968 ), #6376, .F. ) ;
#6583 = CARTESIAN_POINT ( 'NONE',  ( 2.247900000000000900, 0.6299199999999997000, 0.5257799999999995800 ) ) ;
#6584 = EDGE_CURVE ( 'NONE', #2188, #6830, #3953, .T. ) ;
#6585 = FACE_OUTER_BOUND ( 'NONE', #4108, .T. ) ;
#6586 = AXIS2_PLACEMENT_3D ( 'NONE', #2414, #2976, #3082 ) ;
#6587 = EDGE_CURVE ( 'NONE', #4498, #1896, #2313, .T. ) ;
#6588 = CIRCLE ( 'NONE', #3399, 0.03048000000000004900 ) ;
#6589 = CARTESIAN_POINT ( 'NONE',  ( 0.0000000000000000000, 0.0000000000000000000, -1.569720000000000000 ) ) ;
#6590 = CARTESIAN_POINT ( 'NONE',  ( -0.2285999999999998900, 1.346199999999999800, -0.2199704525612475300 ) ) ;
#6591 = DIRECTION ( 'NONE',  ( 0.0000000000000000000, 0.0000000000000000000, -1.000000000000000000 ) ) ;
#6592 = ORIENTED_EDGE ( 'NONE', *, *, #5375, .F. ) ;
#6593 = CARTESIAN_POINT ( 'NONE',  ( -0.1033155247642517600, 0.7094734034594572000, 1.600199999999999600 ) ) ;
#6594 = ORIENTED_EDGE ( 'NONE', *, *, #5518, .F. ) ;
#6595 = ORIENTED_EDGE ( 'NONE', *, *, #7581, .F. ) ;
#6596 = CARTESIAN_POINT ( 'NONE',  ( -1.327240442169626200, 0.6652606646268831600, -0.9197214636968895600 ) ) ;
#6597 = CARTESIAN_POINT ( 'NONE',  ( -0.4190999999999958600, 0.08890000000000004800, -1.523925229381132500 ) ) ;
#6598 = CARTESIAN_POINT ( 'NONE',  ( 0.4191000001234635500, 0.6907460454768800100, -1.544342977257723300 ) ) ;
#6599 = ORIENTED_EDGE ( 'NONE', *, *, #1672, .T. ) ;
#6600 = ORIENTED_EDGE ( 'NONE', *, *, #3546, .T. ) ;
#6601 = FACE_OUTER_BOUND ( 'NONE', #7661, .T. ) ;
#6602 = CARTESIAN_POINT ( 'NONE',  ( -0.2312452562325242900, 1.435174770618867300, 2.499227705226149800 ) ) ;
#6603 = ORIENTED_EDGE ( 'NONE', *, *, #3485, .T. ) ;
#6604 = CARTESIAN_POINT ( 'NONE',  ( 0.4191000001234631600, 0.6907460454768802300, 1.544342977257723300 ) ) ;
#6605 = DIRECTION ( 'NONE',  ( -1.000000000000000000, 0.0000000000000000000, 0.0000000000000000000 ) ) ;
#6606 = CARTESIAN_POINT ( 'NONE',  ( 1.557585935376406800, 1.127144294038420000, 0.3746718535522489100 ) ) ;
#6607 = EDGE_LOOP ( 'NONE', ( #62, #6103, #4520 ) ) ;
#6608 = AXIS2_PLACEMENT_3D ( 'NONE', #2189, #6502, #2816 ) ;
#6609 = FACE_OUTER_BOUND ( 'NONE', #4440, .T. ) ;
#6610 = CARTESIAN_POINT ( 'NONE',  ( -0.3108362295486162300, 0.7238999999999997700, -1.569720000000000000 ) ) ;
#6611 = AXIS2_PLACEMENT_3D ( 'NONE', #600, #4905, #1209 ) ;
#6612 = ORIENTED_EDGE ( 'NONE', *, *, #2556, .F. ) ;
#6613 = CARTESIAN_POINT ( 'NONE',  ( 2.247900000000000900, 0.6299199999999997000, 0.5257799999999995800 ) ) ;
#6614 = DIRECTION ( 'NONE',  ( 1.000000000000000000, 0.0000000000000000000, 0.0000000000000000000 ) ) ;
#6615 = EDGE_CURVE ( 'NONE', #5363, #138, #4165, .T. ) ;
#6616 = CARTESIAN_POINT ( 'NONE',  ( -1.311127820231419600, 1.447799999999999800, -0.8951745591340032300 ) ) ;
#6617 = CARTESIAN_POINT ( 'NONE',  ( -1.561722890262177400, 0.6730252293811316300, 0.7513038538825860300 ) ) ;
#6618 = LINE ( 'NONE', #6510, #4984 ) ;
#6619 = ORIENTED_EDGE ( 'NONE', *, *, #4216, .T. ) ;
#6620 = FILL_AREA_STYLE_COLOUR ( '', #236 ) ;
#6621 = ADVANCED_FACE ( 'NONE', ( #885 ), #2508, .T. ) ;
#6622 = CARTESIAN_POINT ( 'NONE',  ( -0.4190999999999958100, 0.6603999999999998800, 1.569720000000000000 ) ) ;
#6623 = ORIENTED_EDGE ( 'NONE', *, *, #4365, .F. ) ;
#6624 = ORIENTED_EDGE ( 'NONE', *, *, #3176, .T. ) ;
#6625 = CIRCLE ( 'NONE', #5979, 0.03048000000000003500 ) ;
#6626 = CARTESIAN_POINT ( 'NONE',  ( -1.321554598097101700, 1.435174770618867600, 0.9022934579439257900 ) ) ;
#6627 = CARTESIAN_POINT ( 'NONE',  ( 1.600149340025623700, 1.325691055589680100, -0.01269998851737189900 ) ) ;
#6628 = VERTEX_POINT ( 'NONE', #5892 ) ;
#6629 = DIRECTION ( 'NONE',  ( -0.0000000000000000000, -0.0000000000000000000, -1.000000000000000000 ) ) ;
#6630 = AXIS2_PLACEMENT_3D ( 'NONE', #3498, #3470, #3446 ) ;
#6631 = DIRECTION ( 'NONE',  ( -1.000000000000000000, 0.0000000000000000000, 0.0000000000000000000 ) ) ;
#6632 = EDGE_CURVE ( 'NONE', #7017, #3772, #1083, .T. ) ;
#6633 = EDGE_CURVE ( 'NONE', #6861, #4225, #7052, .T. ) ;
#6634 = CYLINDRICAL_SURFACE ( 'NONE', #4116, 0.2540000000000001100 ) ;
#6635 = CARTESIAN_POINT ( 'NONE',  ( 0.4050586345784232800, 0.6463586345784272400, 1.600200000000000100 ) ) ;
#6636 = LINE ( 'NONE', #3016, #1710 ) ;
#6637 = ORIENTED_EDGE ( 'NONE', *, *, #5173, .T. ) ;
#6638 = PLANE ( 'NONE',  #4670 ) ;
#6639 = CARTESIAN_POINT ( 'NONE',  ( 2.217420000000001100, 0.6603999999999997600, 0.5257799999999995800 ) ) ;
#6640 = ORIENTED_EDGE ( 'NONE', *, *, #2466, .F. ) ;
#6641 = DIRECTION ( 'NONE',  ( 0.0000000000000000000, 0.0000000000000000000, -1.000000000000000000 ) ) ;
#6642 = CARTESIAN_POINT ( 'NONE',  ( 2.217420000000001100, 0.6299199999999998100, 0.7493747706188678100 ) ) ;
#6643 = ORIENTED_EDGE ( 'NONE', *, *, #6712, .T. ) ;
#6644 = ORIENTED_EDGE ( 'NONE', *, *, #6550, .T. ) ;
#6645 = AXIS2_PLACEMENT_3D ( 'NONE', #2128, #7063, #1514 ) ;
#6646 = DIRECTION ( 'NONE',  ( -1.000000000000000000, -0.0000000000000000000, -0.0000000000000000000 ) ) ;
#6647 = EDGE_CURVE ( 'NONE', #1023, #5156, #7645, .T. ) ;
#6648 = CARTESIAN_POINT ( 'NONE',  ( 1.587532805175924800, 1.447800000000000000, -0.01154317095991351900 ) ) ;
#6649 = AXIS2_PLACEMENT_3D ( 'NONE', #2597, #6909, #3221 ) ;
#6650 = CARTESIAN_POINT ( 'NONE',  ( -1.866900000000000000, 0.5968999999999998800, -0.9651999999999998400 ) ) ;
#6651 = PLANE ( 'NONE',  #2690 ) ;
#6652 = DIRECTION ( 'NONE',  ( 1.000000000000000000, 0.0000000000000000000, 0.0000000000000000000 ) ) ;
#6653 = CARTESIAN_POINT ( 'NONE',  ( 0.2286000000000000300, 1.422400000000000800, 0.6868575179758901200 ) ) ;
#6654 = LINE ( 'NONE', #4458, #6461 ) ;
#6655 = ORIENTED_EDGE ( 'NONE', *, *, #6115, .T. ) ;
#6656 = CARTESIAN_POINT ( 'NONE',  ( 2.247900000000000900, 0.03048000000000004900, 0.7619999999999996800 ) ) ;
#6657 = VERTEX_POINT ( 'NONE', #4682 ) ;
#6658 = DIRECTION ( 'NONE',  ( 0.0000000000000000000, -0.0000000000000000000, 1.000000000000000000 ) ) ;
#6659 = CARTESIAN_POINT ( 'NONE',  ( -1.346727066632285300, 1.447800000000000000, 0.8585200000000001700 ) ) ;
#6660 = DIRECTION ( 'NONE',  ( 0.0000000000000000000, 0.0000000000000000000, -1.000000000000000000 ) ) ;
#6661 = ADVANCED_FACE ( 'NONE', ( #2126 ), #3579, .T. ) ;
#6662 = DIRECTION ( 'NONE',  ( 0.0000000000000000000, 0.0000000000000000000, -1.000000000000000000 ) ) ;
#6663 = CIRCLE ( 'NONE', #2586, 0.03048000000000004900 ) ;
#6664 = VECTOR ( 'NONE', #7406, 1000.000000000000000 ) ;
#6665 = CARTESIAN_POINT ( 'NONE',  ( -0.2285999999996936900, 1.446236489645044800, -0.6693119191420193700 ) ) ;
#6666 = AXIS2_PLACEMENT_3D ( 'NONE', #5325, #1634, #5947 ) ;
#6667 = DIRECTION ( 'NONE',  ( -1.000000000000000000, 0.0000000000000000000, 0.0000000000000000000 ) ) ;
#6668 = ORIENTED_EDGE ( 'NONE', *, *, #4773, .T. ) ;
#6669 = CARTESIAN_POINT ( 'NONE',  ( -0.4190999999999957500, 0.03047999999999999000, -1.480820000000000200 ) ) ;
#6670 = VERTEX_POINT ( 'NONE', #428 ) ;
#6671 = CARTESIAN_POINT ( 'NONE',  ( -0.3108362295486161200, 0.6934199999999997000, 1.600200000000000100 ) ) ;
#6672 = CYLINDRICAL_SURFACE ( 'NONE', #6645, 0.03048000000000004900 ) ;
#6673 = DIRECTION ( 'NONE',  ( 0.0000000000000000000, -1.000000000000000000, 0.0000000000000000000 ) ) ;
#6674 = VERTEX_POINT ( 'NONE', #4710 ) ;
#6675 = CIRCLE ( 'NONE', #4479, 0.03048000000000004900 ) ;
#6676 = CARTESIAN_POINT ( 'NONE',  ( 0.9384464939255491300, 1.435174770618868000, -1.600200000000000100 ) ) ;
#6677 = CARTESIAN_POINT ( 'NONE',  ( 1.601481290584444700, 1.447799999999999800, 1.906792635158010200 ) ) ;
#6678 = CARTESIAN_POINT ( 'NONE',  ( 1.600148919472273300, 1.322275854482787900, -0.01270000000000001300 ) ) ;
#6679 = CARTESIAN_POINT ( 'NONE',  ( 0.2067595454272460600, 0.6979650973085828000, -1.600200000000000500 ) ) ;
#6680 = EDGE_LOOP ( 'NONE', ( #4723, #5495, #4099, #1166 ) ) ;
#6681 = FACE_BOUND ( 'NONE', #5401, .T. ) ;
#6682 = ORIENTED_EDGE ( 'NONE', *, *, #3092, .T. ) ;
#6683 = VECTOR ( 'NONE', #5472, 1000.000000000000000 ) ;
#6684 = CARTESIAN_POINT ( 'NONE',  ( 1.514738666078486500, 0.6730252293811316300, 0.5159523364485979500 ) ) ;
#6685 = DIRECTION ( 'NONE',  ( 0.0000000000000000000, -1.000000000000000000, 0.0000000000000000000 ) ) ;
#6686 = EDGE_CURVE ( 'NONE', #2158, #5538, #6854, .T. ) ;
#6687 = ORIENTED_EDGE ( 'NONE', *, *, #170, .F. ) ;
#6688 = AXIS2_PLACEMENT_3D ( 'NONE', #1104, #1716, #1738 ) ;
#6689 = CARTESIAN_POINT ( 'NONE',  ( -1.866900000000000000, 0.6603999999999997600, -1.503680000000000300 ) ) ;
#6690 = VERTEX_POINT ( 'NONE', #2859 ) ;
#6691 = VECTOR ( 'NONE', #6201, 1000.000000000000000 ) ;
#6692 = ORIENTED_EDGE ( 'NONE', *, *, #1238, .F. ) ;
#6693 = CARTESIAN_POINT ( 'NONE',  ( 0.0000000000000000000, 0.6299199999999998100, 1.569720000000000000 ) ) ;
#6694 = DIRECTION ( 'NONE',  ( 0.0000000000000000000, -1.000000000000000000, 0.0000000000000000000 ) ) ;
#6695 = DIRECTION ( 'NONE',  ( 0.7071067811865442400, 0.0000000000000000000, 0.7071067811865509000 ) ) ;
#6696 = VERTEX_POINT ( 'NONE', #5946 ) ;
#6697 = CARTESIAN_POINT ( 'NONE',  ( -2.247900000000000000, 0.6299199999999998100, 1.600200000000000100 ) ) ;
#6698 =( BOUNDED_CURVE ( )  B_SPLINE_CURVE ( 3, ( #2483, #1868, #3741, #90 ),
 .UNSPECIFIED., .F., .F. )
 B_SPLINE_CURVE_WITH_KNOTS ( ( 4, 4 ),
 ( 0.0000000000000000000, 1.000000000000000000 ),
 .UNSPECIFIED. )
 CURVE ( )  GEOMETRIC_REPRESENTATION_ITEM ( )  RATIONAL_B_SPLINE_CURVE ( ( 1.000000000000000000, 0.9598730924591311100, 0.9598730924591311100, 1.000000000000000000 ) )
 REPRESENTATION_ITEM ( '' )  );
#6699 = PLANE ( 'NONE',  #1407 ) ;
#6700 = EDGE_CURVE ( 'NONE', #2632, #1683, #6143, .T. ) ;
#6701 = ADVANCED_FACE ( 'NONE', ( #5212 ), #4708, .T. ) ;
#6702 = ORIENTED_EDGE ( 'NONE', *, *, #1423, .T. ) ;
#6703 = CARTESIAN_POINT ( 'NONE',  ( 2.217420000000001100, 0.6603999999999998800, 0.4952999999999996300 ) ) ;
#6704 = DIRECTION ( 'NONE',  ( 0.0000000000000000000, 0.0000000000000000000, -1.000000000000000000 ) ) ;
#6705 = ORIENTED_EDGE ( 'NONE', *, *, #75, .F. ) ;
#6706 = ORIENTED_EDGE ( 'NONE', *, *, #598, .F. ) ;
#6707 = AXIS2_PLACEMENT_3D ( 'NONE', #5029, #1332, #5637 ) ;
#6708 = DIRECTION ( 'NONE',  ( 0.0000000000000000000, 0.0000000000000000000, -1.000000000000000000 ) ) ;
#6709 = ORIENTED_EDGE ( 'NONE', *, *, #2515, .T. ) ;
#6710 = FACE_OUTER_BOUND ( 'NONE', #6457, .T. ) ;
#6711 = CARTESIAN_POINT ( 'NONE',  ( -1.866900000000000000, 0.6299199999999998100, -1.473200000000000100 ) ) ;
#6712 = EDGE_CURVE ( 'NONE', #6361, #6964, #3270, .T. ) ;
#6713 = CARTESIAN_POINT ( 'NONE',  ( -2.217420000000000200, -1.998342626907815300E-016, -1.587574770618867900 ) ) ;
#6714 = CARTESIAN_POINT ( 'NONE',  ( -0.4190999999999957000, 0.7238999999999996500, -1.544342976802758100 ) ) ;
#6715 = ORIENTED_EDGE ( 'NONE', *, *, #402, .T. ) ;
#6716 = EDGE_LOOP ( 'NONE', ( #2844, #3576, #5092, #5277 ) ) ;
#6717 = CARTESIAN_POINT ( 'NONE',  ( -2.217420000000000200, 0.6477747706188679000, 1.600199999999999400 ) ) ;
#6718 = VERTEX_POINT ( 'NONE', #6767 ) ;
#6719 = FACE_OUTER_BOUND ( 'NONE', #576, .T. ) ;
#6720 = CARTESIAN_POINT ( 'NONE',  ( -1.463489722546762200, 1.447799999999999500, 0.8585199999999999500 ) ) ;
#6721 = LINE ( 'NONE', #886, #3457 ) ;
#6722 = ORIENTED_EDGE ( 'NONE', *, *, #2247, .F. ) ;
#6723 = CARTESIAN_POINT ( 'NONE',  ( -1.474638141137640600, 1.447798646295080500, 0.8582327370205573600 ) ) ;
#6724 = ORIENTED_EDGE ( 'NONE', *, *, #1106, .T. ) ;
#6725 = DIRECTION ( 'NONE',  ( 0.0000000000000000000, -1.000000000000000000, 0.0000000000000000000 ) ) ;
#6726 = CARTESIAN_POINT ( 'NONE',  ( 1.397074770618877100, 0.6299199999999998100, -1.569720000000000000 ) ) ;
#6727 = FACE_OUTER_BOUND ( 'NONE', #1835, .T. ) ;
#6728 = CARTESIAN_POINT ( 'NONE',  ( 0.2285999999970381400, 1.425232014832350700, 0.6867321467001493700 ) ) ;
#6729 = CARTESIAN_POINT ( 'NONE',  ( -0.6096000000000000300, 1.422399999999999900, -9.147955830346443700E-017 ) ) ;
#6730 = AXIS2_PLACEMENT_3D ( 'NONE', #4878, #4797, #4768 ) ;
#6731 = EDGE_CURVE ( 'NONE', #1304, #7466, #5036, .T. ) ;
#6732 = DIRECTION ( 'NONE',  ( -8.881784197001250700E-015, 0.0000000000000000000, -1.000000000000000000 ) ) ;
#6733 = AXIS2_PLACEMENT_3D ( 'NONE', #7326, #7275, #7474 ) ;
#6734 = EDGE_CURVE ( 'NONE', #6574, #2755, #6663, .T. ) ;
#6735 = CARTESIAN_POINT ( 'NONE',  ( -1.460500000000000100, 0.6603999999999998800, -0.4953000000000003000 ) ) ;
#6736 = ADVANCED_FACE ( 'NONE', ( #5404 ), #6465, .T. ) ;
#6737 = DIRECTION ( 'NONE',  ( 1.000000000000000000, 0.0000000000000000000, 0.0000000000000000000 ) ) ;
#6738 = CARTESIAN_POINT ( 'NONE',  ( -0.4191000000037261600, 0.6777953829321504700, 1.547124208472647500 ) ) ;
#6739 = CARTESIAN_POINT ( 'NONE',  ( -2.247900000000000000, 0.03047999999999992400, -1.569720000000000200 ) ) ;
#6740 = CARTESIAN_POINT ( 'NONE',  ( 2.235274770618869100, 1.118083490375676400E-016, -0.4953000000000005700 ) ) ;
#6741 = CARTESIAN_POINT ( 'NONE',  ( 0.0000000000000000000, 1.130299999999999900, 0.0000000000000000000 ) ) ;
#6742 = CARTESIAN_POINT ( 'NONE',  ( -0.2586050209406702800, 0.6934202049374862400, 1.600200000000000100 ) ) ;
#6743 = CARTESIAN_POINT ( 'NONE',  ( -2.247900000000000000, 0.6299199999999999200, 1.569719999999999800 ) ) ;
#6744 = ORIENTED_EDGE ( 'NONE', *, *, #4801, .T. ) ;
#6745 = PRESENTATION_LAYER_ASSIGNMENT (  '', '', ( #6336 ) ) ;
#6746 = CARTESIAN_POINT ( 'NONE',  ( -1.463489722546762500, 1.417319999999999700, -0.8585199999999996200 ) ) ;
#6747 = ORIENTED_EDGE ( 'NONE', *, *, #763, .F. ) ;
#6748 = CARTESIAN_POINT ( 'NONE',  ( -1.478890185380431900, 1.447799999999999500, -0.8675543001035586100 ) ) ;
#6749 = VECTOR ( 'NONE', #500, 1000.000000000000000 ) ;
#6750 = ORIENTED_EDGE ( 'NONE', *, *, #1397, .F. ) ;
#6751 = DIRECTION ( 'NONE',  ( -1.000000000000000000, -0.0000000000000000000, 0.0000000000000000000 ) ) ;
#6752 = EDGE_CURVE ( 'NONE', #5156, #7376, #1734, .T. ) ;
#6753 = AXIS2_PLACEMENT_3D ( 'NONE', #4452, #769, #5085 ) ;
#6754 = CARTESIAN_POINT ( 'NONE',  ( 2.217420000000001100, 0.6603999999999997600, -0.5257800000005113900 ) ) ;
#6755 = ORIENTED_EDGE ( 'NONE', *, *, #2630, .T. ) ;
#6756 = FILL_AREA_STYLE ('',( #3668 ) ) ;
#6757 = VECTOR ( 'NONE', #7382, 1000.000000000000000 ) ;
#6758 = DIRECTION ( 'NONE',  ( 0.0000000000000000000, 1.000000000000000000, 0.0000000000000000000 ) ) ;
#6759 = LINE ( 'NONE', #4047, #4934 ) ;
#6760 = EDGE_CURVE ( 'NONE', #6557, #7907, #1827, .T. ) ;
#6761 = CARTESIAN_POINT ( 'NONE',  ( -1.460500000000000100, 0.1117600000000007100, -0.4953000000000003000 ) ) ;
#6762 = CARTESIAN_POINT ( 'NONE',  ( -1.866900000000000000, 0.6299199999999998100, -1.503680000000000100 ) ) ;
#6763 = ADVANCED_FACE ( 'NONE', ( #3196 ), #3136, .F. ) ;
#6764 = ORIENTED_EDGE ( 'NONE', *, *, #7848, .T. ) ;
#6765 = CARTESIAN_POINT ( 'NONE',  ( -0.4190999999999957500, 0.08890000000000000700, 1.541780000000000200 ) ) ;
#6766 = LINE ( 'NONE', #4976, #3302 ) ;
#6767 = CARTESIAN_POINT ( 'NONE',  ( 8.865218179027692800E-017, 1.257299999999999900, 0.7239000000000002100 ) ) ;
#6768 = CARTESIAN_POINT ( 'NONE',  ( 1.516380000000000500, 0.1117600000000006800, 0.4952999999999996300 ) ) ;
#6769 = CARTESIAN_POINT ( 'NONE',  ( 0.0000000000000000000, 1.447800000000000000, -1.135380000000000100 ) ) ;
#6770 = CARTESIAN_POINT ( 'NONE',  ( -1.489779957083530600, 1.417319999999999700, 0.8739425149700600400 ) ) ;
#6771 = AXIS2_PLACEMENT_3D ( 'NONE', #7277, #7248, #6845 ) ;
#6772 = EDGE_LOOP ( 'NONE', ( #5348, #6891, #3433, #755 ) ) ;
#6773 = PLANE ( 'NONE',  #4155 ) ;
#6774 = CARTESIAN_POINT ( 'NONE',  ( 1.564350479929659300, 1.104140620840942600, 0.3458019128438178900 ) ) ;
#6775 = CARTESIAN_POINT ( 'NONE',  ( -1.801061955656404700, 1.447799999999999500, -0.3183590866040674800 ) ) ;
#6776 = LINE ( 'NONE', #4590, #256 ) ;
#6777 = CARTESIAN_POINT ( 'NONE',  ( -2.270759999999999700, 1.447799999999999800, 1.135380000000000100 ) ) ;
#6778 = ADVANCED_FACE ( 'NONE', ( #4825 ), #5003, .F. ) ;
#6779 = DIRECTION ( 'NONE',  ( -0.0000000000000000000, -1.000000000000000000, -0.0000000000000000000 ) ) ;
#6780 = ORIENTED_EDGE ( 'NONE', *, *, #94, .T. ) ;
#6781 = ORIENTED_EDGE ( 'NONE', *, *, #6541, .F. ) ;
#6782 = LINE ( 'NONE', #4685, #627 ) ;
#6783 = ORIENTED_EDGE ( 'NONE', *, *, #3532, .T. ) ;
#6784 = EDGE_CURVE ( 'NONE', #5458, #3705, #331, .T. ) ;
#6785 = CARTESIAN_POINT ( 'NONE',  ( 2.235274770618869100, 0.6299199999999997000, -0.4953000000000004100 ) ) ;
#6786 = CARTESIAN_POINT ( 'NONE',  ( 0.4190999999999957500, 0.7238999999999998800, 1.600200000000000100 ) ) ;
#6787 = CARTESIAN_POINT ( 'NONE',  ( -1.866900000000000000, 0.6299199999999998100, 1.219200000000000300 ) ) ;
#6788 = ORIENTED_EDGE ( 'NONE', *, *, #2364, .F. ) ;
#6789 = DIRECTION ( 'NONE',  ( 1.000000000000000000, -0.0000000000000000000, 0.0000000000000000000 ) ) ;
#6790 = ORIENTED_EDGE ( 'NONE', *, *, #1523, .T. ) ;
#6791 = CYLINDRICAL_SURFACE ( 'NONE', #844, 0.2540000000000001100 ) ;
#6792 = DIRECTION ( 'NONE',  ( -1.000000000000000000, -0.0000000000000000000, -0.0000000000000000000 ) ) ;
#6793 = CARTESIAN_POINT ( 'NONE',  ( 0.4416971632238546600, 0.6603999999999997600, -1.569720000000000000 ) ) ;
#6794 = ORIENTED_EDGE ( 'NONE', *, *, #6700, .T. ) ;
#6795 = DIRECTION ( 'NONE',  ( -0.0000000000000000000, -1.000000000000000000, -0.0000000000000000000 ) ) ;
#6796 =( NAMED_UNIT ( * ) SI_UNIT ( $, .STERADIAN. ) SOLID_ANGLE_UNIT ( ) );
#6797 = CARTESIAN_POINT ( 'NONE',  ( -0.4495799999999958700, 0.1193799999999999900, -1.600200000000000100 ) ) ;
#6798 = VERTEX_POINT ( 'NONE', #2534 ) ;
#6799 = CARTESIAN_POINT ( 'NONE',  ( 0.0000000000000000000, 0.6934199999999998100, -1.569720000000000000 ) ) ;
#6800 = DIRECTION ( 'NONE',  ( -1.000000000000000000, -0.0000000000000000000, -0.0000000000000000000 ) ) ;
#6801 = VERTEX_POINT ( 'NONE', #3791 ) ;
#6802 = CARTESIAN_POINT ( 'NONE',  ( -1.801061955656404500, 1.447799999999999500, 0.3183590866040681400 ) ) ;
#6803 = AXIS2_PLACEMENT_3D ( 'NONE', #2040, #6362, #2677 ) ;
#6804 = CARTESIAN_POINT ( 'NONE',  ( 0.3886199999999958000, 0.05842000000000000000, 1.511300000000000100 ) ) ;
#6805 = EDGE_CURVE ( 'NONE', #1603, #1654, #6277, .T. ) ;
#6806 = CARTESIAN_POINT ( 'NONE',  ( 0.0000000000000000000, 1.257300000000000300, 0.0000000000000000000 ) ) ;
#6807 = LINE ( 'NONE', #1502, #477 ) ;
#6808 = EDGE_LOOP ( 'NONE', ( #7425, #6600, #240, #7255 ) ) ;
#6809 = FACE_OUTER_BOUND ( 'NONE', #5865, .T. ) ;
#6810 = CARTESIAN_POINT ( 'NONE',  ( 2.235274770618869100, 0.6477747706191052700, -0.4953000000000003500 ) ) ;
#6811 = B_SPLINE_CURVE_WITH_KNOTS ( 'NONE', 3,
 ( #777, #4463, #1400, #5698 ),
 .UNSPECIFIED., .F., .F.,
 ( 4, 4 ),
 ( 0.0000000000000000000, 1.000000000000000000 ),
 .UNSPECIFIED. ) ;
#6812 = CARTESIAN_POINT ( 'NONE',  ( -0.3886199999999958000, -1.082636358311556200E-019, -1.498674770618868300 ) ) ;
#6813 = CARTESIAN_POINT ( 'NONE',  ( 0.4495799999999962000, 0.0000000000000000000, -1.569720000000000000 ) ) ;
#6814 = DIRECTION ( 'NONE',  ( -1.000000000000000000, 0.0000000000000000000, 0.0000000000000000000 ) ) ;
#6815 = ORIENTED_EDGE ( 'NONE', *, *, #4522, .T. ) ;
#6816 = ORIENTED_EDGE ( 'NONE', *, *, #4911, .F. ) ;
#6817 = PLANE ( 'NONE',  #699 ) ;
#6818 = DIRECTION ( 'NONE',  ( 0.0000000000000000000, -8.880397041612045000E-017, 1.000000000000000000 ) ) ;
#6819 = CARTESIAN_POINT ( 'NONE',  ( 0.4334411414813527100, 0.6603999999999997600, -1.540379439252336700 ) ) ;
#6820 = ADVANCED_FACE ( 'NONE', ( #4635 ), #7713, .T. ) ;
#6821 = ORIENTED_EDGE ( 'NONE', *, *, #4703, .T. ) ;
#6822 = AXIS2_PLACEMENT_3D ( 'NONE', #6590, #7091, #1998 ) ;
#6823 = DIRECTION ( 'NONE',  ( 0.0000000000000000000, 0.0000000000000000000, 1.000000000000000000 ) ) ;
#6824 = CARTESIAN_POINT ( 'NONE',  ( -1.239088197096140100E-016, 0.7238999999999995400, -1.600199999999999800 ) ) ;
#6825 = CARTESIAN_POINT ( 'NONE',  ( -1.654831008907724900, 0.6872338589852080600, -0.4953000000007962100 ) ) ;
#6826 = VECTOR ( 'NONE', #1346, 1000.000000000000100 ) ;
#6827 = CARTESIAN_POINT ( 'NONE',  ( 1.460500000000000400, 1.130299999999999900, 0.3139238601954304500 ) ) ;
#6828 = DIRECTION ( 'NONE',  ( 0.0000000000000000000, 1.000000000000000000, 0.0000000000000000000 ) ) ;
#6829 = CARTESIAN_POINT ( 'NONE',  ( 0.4495799999999962000, 0.03047999999999999000, -1.541780000000000400 ) ) ;
#6830 = VERTEX_POINT ( 'NONE', #2565 ) ;
#6831 = ORIENTED_EDGE ( 'NONE', *, *, #3593, .T. ) ;
#6832 = CARTESIAN_POINT ( 'NONE',  ( -0.3886199999999958000, -1.524659305057740600E-017, -1.480820000000000200 ) ) ;
#6833 = CARTESIAN_POINT ( 'NONE',  ( -1.478890185380431700, 1.447799999999999500, 0.8675543001035589400 ) ) ;
#6834 = DIRECTION ( 'NONE',  ( -0.0000000000000000000, -0.0000000000000000000, 1.000000000000000000 ) ) ;
#6835 = CARTESIAN_POINT ( 'NONE',  ( 0.3886199999999958000, 0.08890000000000000700, 1.541780000000000200 ) ) ;
#6836 = DIRECTION ( 'NONE',  ( 1.000000000000000000, 0.0000000000000000000, -0.0000000000000000000 ) ) ;
#6837 = CARTESIAN_POINT ( 'NONE',  ( 2.235274770618869100, 0.6604000000002990800, -0.5079252293814060500 ) ) ;
#6838 = CARTESIAN_POINT ( 'NONE',  ( 0.2586050176302244800, 0.6934202049414224200, 1.600199999999999400 ) ) ;
#6839 = EDGE_CURVE ( 'NONE', #4476, #6406, #3005, .T. ) ;
#6840 = ORIENTED_EDGE ( 'NONE', *, *, #3022, .F. ) ;
#6841 = CARTESIAN_POINT ( 'NONE',  ( -2.217420000000000200, 0.6603999999999997600, 1.569720000000000000 ) ) ;
#6842 = AXIS2_PLACEMENT_3D ( 'NONE', #5113, #5134, #5160 ) ;
#6843 = EDGE_LOOP ( 'NONE', ( #6744, #4090, #3195, #6335 ) ) ;
#6844 = CARTESIAN_POINT ( 'NONE',  ( 1.522519106257882400, 1.055124248376794600, 0.3538089520477461500 ) ) ;
#6845 = DIRECTION ( 'NONE',  ( -1.000000000000000000, 0.0000000000000000000, 0.0000000000000000000 ) ) ;
#6846 = FACE_OUTER_BOUND ( 'NONE', #4261, .T. ) ;
#6847 = CARTESIAN_POINT ( 'NONE',  ( -1.504862104683015300, 0.6603999999999996500, -0.9084710729468348200 ) ) ;
#6848 = ORIENTED_EDGE ( 'NONE', *, *, #3549, .T. ) ;
#6849 = B_SPLINE_CURVE_WITH_KNOTS ( 'NONE', 3,
 ( #3468, #2112, #4037, #4056 ),
 .UNSPECIFIED., .F., .F.,
 ( 4, 4 ),
 ( 6.617187058571807000E-019, 3.151979166341475500E-006 ),
 .UNSPECIFIED. ) ;
#6850 = ORIENTED_EDGE ( 'NONE', *, *, #7886, .T. ) ;
#6851 = CARTESIAN_POINT ( 'NONE',  ( -0.2674252480432841600, 0.7153044283831951900, 1.600200000000000100 ) ) ;
#6852 = CARTESIAN_POINT ( 'NONE',  ( 1.104897473085507500, 1.417319999999999700, 0.002363042373783633500 ) ) ;
#6853 = DIRECTION ( 'NONE',  ( -0.0000000000000000000, 1.000000000000000000, -0.0000000000000000000 ) ) ;
#6854 = LINE ( 'NONE', #4094, #1932 ) ;
#6855 = CARTESIAN_POINT ( 'NONE',  ( 0.4334411414813527100, 0.6908799999999996100, -1.540379439252336400 ) ) ;
#6856 = FACE_OUTER_BOUND ( 'NONE', #3277, .T. ) ;
#6857 = CARTESIAN_POINT ( 'NONE',  ( 0.4190999999999957500, 0.7238999999999998800, 1.600200000000000100 ) ) ;
#6858 = CARTESIAN_POINT ( 'NONE',  ( -1.489779957083530400, 1.435174770618867300, -0.8739425149700592600 ) ) ;
#6859 = CARTESIAN_POINT ( 'NONE',  ( 0.4190999999999962000, 0.03047999999999999300, -1.569720000000000000 ) ) ;
#6860 = ADVANCED_FACE ( 'NONE', ( #6083 ), #1157, .T. ) ;
#6861 = VERTEX_POINT ( 'NONE', #746 ) ;
#6862 = ORIENTED_EDGE ( 'NONE', *, *, #7216, .F. ) ;
#6863 = FACE_OUTER_BOUND ( 'NONE', #4229, .T. ) ;
#6864 = CARTESIAN_POINT ( 'NONE',  ( -1.657919445422835900, 0.6730252293811313000, -0.4842756988419268400 ) ) ;
#6865 = CARTESIAN_POINT ( 'NONE',  ( 2.235274770618869100, 0.6603999999999997600, -0.5257800000005113900 ) ) ;
#6866 = AXIS2_PLACEMENT_3D ( 'NONE', #7085, #3392, #7693 ) ;
#6867 = CARTESIAN_POINT ( 'NONE',  ( 1.405318419487914000, 0.6299199999999999200, 1.600199999999999600 ) ) ;
#6868 = CARTESIAN_POINT ( 'NONE',  ( 0.1067305394965879400, 0.7165602748668041800, -1.600199999999999800 ) ) ;
#6869 = DIRECTION ( 'NONE',  ( 0.0000000000000000000, 1.000000000000000000, 0.0000000000000000000 ) ) ;
#6870 = DIRECTION ( 'NONE',  ( 0.0000000000000000000, -1.000000000000000000, 0.0000000000000000000 ) ) ;
#6871 = FACE_OUTER_BOUND ( 'NONE', #4611, .T. ) ;
#6872 = EDGE_CURVE ( 'NONE', #3390, #270, #4445, .T. ) ;
#6873 = EDGE_LOOP ( 'NONE', ( #1185, #1977, #6397 ) ) ;
#6874 = CARTESIAN_POINT ( 'NONE',  ( -0.4191000000406372400, 0.6695660877393001500, -1.552866024205155300 ) ) ;
#6875 = DIRECTION ( 'NONE',  ( 0.7071067811865442400, 0.0000000000000000000, 0.7071067811865509000 ) ) ;
#6876 = CARTESIAN_POINT ( 'NONE',  ( -1.655169034147938800, 0.6854463862212610800, -0.4953000000007962100 ) ) ;
#6877 = CYLINDRICAL_SURFACE ( 'NONE', #3482, 0.03047999999999999300 ) ;
#6878 = CARTESIAN_POINT ( 'NONE',  ( 0.0000000000000000000, 0.7238999999999998800, 1.600200000000000100 ) ) ;
#6879 = LINE ( 'NONE', #566, #1951 ) ;
#6880 = DIRECTION ( 'NONE',  ( 0.0000000000000000000, 0.0000000000000000000, -1.000000000000000000 ) ) ;
#6881 = CARTESIAN_POINT ( 'NONE',  ( 1.514738666078486500, 0.6730252293811316300, -0.5159523364485987300 ) ) ;
#6882 = ORIENTED_EDGE ( 'NONE', *, *, #7329, .F. ) ;
#6883 = DIRECTION ( 'NONE',  ( 0.0000000000000000000, 1.000000000000000000, 0.0000000000000000000 ) ) ;
#6884 = CARTESIAN_POINT ( 'NONE',  ( -1.814324031308890600, 1.435174770618867300, -0.3207033159505038300 ) ) ;
#6885 = ORIENTED_EDGE ( 'NONE', *, *, #2694, .F. ) ;
#6886 = VECTOR ( 'NONE', #7089, 1000.000000000000000 ) ;
#6887 = VERTEX_POINT ( 'NONE', #2594 ) ;
#6888 = CARTESIAN_POINT ( 'NONE',  ( 1.418728709932699300, 0.03048000000000002800, 1.591170811457688300 ) ) ;
#6889 = AXIS2_PLACEMENT_3D ( 'NONE', #5521, #5468, #5440 ) ;
#6890 = EDGE_CURVE ( 'NONE', #3378, #5962, #7876, .T. ) ;
#6891 = ORIENTED_EDGE ( 'NONE', *, *, #4819, .T. ) ;
#6892 = EDGE_CURVE ( 'NONE', #2711, #3417, #5887, .T. ) ;
#6893 = EDGE_CURVE ( 'NONE', #1592, #6513, #2610, .T. ) ;
#6894 = LINE ( 'NONE', #6356, #4010 ) ;
#6895 = CARTESIAN_POINT ( 'NONE',  ( 2.247900000000000900, 0.6299199999999997000, -0.5079252293811323800 ) ) ;
#6896 = VERTEX_POINT ( 'NONE', #5078 ) ;
#6897 = DIRECTION ( 'NONE',  ( -1.000000000000000000, -0.0000000000000000000, 0.0000000000000000000 ) ) ;
#6898 = DIRECTION ( 'NONE',  ( 1.000000000000000000, 0.0000000000000000000, 0.0000000000000000000 ) ) ;
#6899 = ADVANCED_FACE ( 'NONE', ( #7761 ), #435, .T. ) ;
#6900 = VERTEX_POINT ( 'NONE', #1380 ) ;
#6901 = LINE ( 'NONE', #4852, #5871 ) ;
#6902 = DIRECTION ( 'NONE',  ( 0.0000000000000000000, 1.000000000000000000, 0.0000000000000000000 ) ) ;
#6903 = CARTESIAN_POINT ( 'NONE',  ( -1.655811149427355100, 0.6820508895638369700, -0.4953000000007962100 ) ) ;
#6904 = FACE_OUTER_BOUND ( 'NONE', #7264, .T. ) ;
#6905 = ORIENTED_EDGE ( 'NONE', *, *, #2899, .F. ) ;
#6906 = DIRECTION ( 'NONE',  ( -0.7071067811865441300, -0.0000000000000000000, -0.7071067811865507900 ) ) ;
#6907 = EDGE_LOOP ( 'NONE', ( #7233, #5467, #2975, #1553 ) ) ;
#6908 = CARTESIAN_POINT ( 'NONE',  ( 2.238972614690567300, 0.6299199999999998100, -0.7709273853094336100 ) ) ;
#6909 = DIRECTION ( 'NONE',  ( -0.0000000000000000000, -1.000000000000000000, -0.0000000000000000000 ) ) ;
#6910 = LINE ( 'NONE', #6340, #2184 ) ;
#6911 = FACE_OUTER_BOUND ( 'NONE', #1741, .T. ) ;
#6912 = CARTESIAN_POINT ( 'NONE',  ( 1.397074770618876600, -0.0001681812515681385800, 1.587420421975473700 ) ) ;
#6913 = EDGE_CURVE ( 'NONE', #6148, #3573, #1170, .T. ) ;
#6914 = ORIENTED_EDGE ( 'NONE', *, *, #4987, .T. ) ;
#6915 = EDGE_LOOP ( 'NONE', ( #2191, #969, #1582, #5600, #2243, #7592, #3687 ) ) ;
#6916 = LINE ( 'NONE', #4645, #3649 ) ;
#6917 = ORIENTED_EDGE ( 'NONE', *, *, #4572, .F. ) ;
#6918 = EDGE_CURVE ( 'NONE', #2132, #592, #2620, .T. ) ;
#6919 = VECTOR ( 'NONE', #266, 1000.000000000000000 ) ;
#6920 = VERTEX_POINT ( 'NONE', #4504 ) ;
#6921 = CARTESIAN_POINT ( 'NONE',  ( 2.247900000000001300, 0.6403790824756110400, -0.5079252293811323800 ) ) ;
#6922 = ORIENTED_EDGE ( 'NONE', *, *, #1653, .T. ) ;
#6923 = CARTESIAN_POINT ( 'NONE',  ( -1.866900000000000000, 0.6299199999999998100, -1.219199999999999800 ) ) ;
#6924 = CARTESIAN_POINT ( 'NONE',  ( -0.4190999999999957500, 0.7238999999999998800, 1.511300000000000100 ) ) ;
#6925 =( BOUNDED_CURVE ( )  B_SPLINE_CURVE ( 3, ( #4698, #2218, #1013, #5311 ),
 .UNSPECIFIED., .F., .T. )
 B_SPLINE_CURVE_WITH_KNOTS ( ( 4, 4 ),
 ( 0.0000000000000000000, 1.570796326794896600 ),
 .UNSPECIFIED. )
 CURVE ( )  GEOMETRIC_REPRESENTATION_ITEM ( )  RATIONAL_B_SPLINE_CURVE ( ( 1.000000000000000000, 0.8047378541243649400, 0.8047378541243649400, 1.000000000000000000 ) )
 REPRESENTATION_ITEM ( '' )  );
#6926 = VECTOR ( 'NONE', #7330, 1000.000000000000000 ) ;
#6927 = CARTESIAN_POINT ( 'NONE',  ( -0.4190999999999958600, 0.03048000000000004900, -1.569720000000000200 ) ) ;
#6928 = CARTESIAN_POINT ( 'NONE',  ( -2.217420000000000200, 1.270221856575270900E-016, 1.587574770618868500 ) ) ;
#6929 = CARTESIAN_POINT ( 'NONE',  ( -2.235274770618868300, 0.6299199999999997000, -1.600200000000000100 ) ) ;
#6930 = DIRECTION ( 'NONE',  ( 0.0000000000000000000, 1.000000000000000000, 0.0000000000000000000 ) ) ;
#6931 = CARTESIAN_POINT ( 'NONE',  ( -0.4190999999999957500, 0.08890000000000000700, -1.511300000000000300 ) ) ;
#6932 = DIRECTION ( 'NONE',  ( -0.7071067811865510100, 1.422837496700141400E-014, -0.7071067811865440200 ) ) ;
#6933 = CARTESIAN_POINT ( 'NONE',  ( -1.039312762538662900, 1.422400000000000600, 0.4305577035952890000 ) ) ;
#6934 = CARTESIAN_POINT ( 'NONE',  ( 0.4495799999999958700, 0.03048000000000004200, 1.600200000000000100 ) ) ;
#6935 = EDGE_CURVE ( 'NONE', #138, #6048, #7340, .T. ) ;
#6936 = DIRECTION ( 'NONE',  ( -0.0000000000000000000, -0.0000000000000000000, -1.000000000000000000 ) ) ;
#6937 = ADVANCED_FACE ( 'NONE', ( #5899 ), #6969, .T. ) ;
#6938 =( BOUNDED_SURFACE ( )  B_SPLINE_SURFACE ( 3, 3, (
 ( #49, #623, #7419, #7398 ),
 ( #7370, #7342, #6884, #6858 ),
 ( #6833, #6802, #6775, #6748 ),
 ( #6720, #6242, #6192, #6166 ) ),
 .UNSPECIFIED., .F., .F., .T. )
 B_SPLINE_SURFACE_WITH_KNOTS ( ( 4, 4 ),
 ( 4, 4 ),
 ( 0.0000000000000000000, 1.000000000000000000 ),
 ( 0.0000000000000000000, 1.000000000000000000 ),
 .UNSPECIFIED. )
 GEOMETRIC_REPRESENTATION_ITEM ( )  RATIONAL_B_SPLINE_SURFACE ( (
 ( 1.000000000000000000, 0.9083603354498729400, 0.9083603354498729400, 1.000000000000000000),
 ( 0.8047378541243672700, 0.7309919471216211900, 0.7309919471216211900, 0.8047378541243672700),
 ( 0.8047378541243672700, 0.7309919471216211900, 0.7309919471216211900, 0.8047378541243672700),
 ( 1.000000000000000000, 0.9083603354498729400, 0.9083603354498729400, 1.000000000000000000) ) )
 REPRESENTATION_ITEM ( '' )  SURFACE ( )  );
#6939 = VERTEX_POINT ( 'NONE', #6359 ) ;
#6940 = DIRECTION ( 'NONE',  ( -0.0000000000000000000, -1.000000000000000000, -0.0000000000000000000 ) ) ;
#6941 = VERTEX_POINT ( 'NONE', #2728 ) ;
#6942 = CARTESIAN_POINT ( 'NONE',  ( 2.247900000000001300, 0.6477747706190432100, -0.5153209175246884500 ) ) ;
#6943 = CARTESIAN_POINT ( 'NONE',  ( 2.247900000000001300, 0.03047999999999999700, -0.7493747706188677000 ) ) ;
#6944 = DIRECTION ( 'NONE',  ( -0.0000000000000000000, -1.000000000000000000, -0.0000000000000000000 ) ) ;
#6945 = EDGE_CURVE ( 'NONE', #1683, #3124, #2415, .T. ) ;
#6946 = VERTEX_POINT ( 'NONE', #7037 ) ;
#6947 = VERTEX_POINT ( 'NONE', #7646 ) ;
#6948 = CARTESIAN_POINT ( 'NONE',  ( -0.4190999999999958600, 0.03047999999999992400, -1.569720000000000200 ) ) ;
#6949 = ORIENTED_EDGE ( 'NONE', *, *, #2192, .T. ) ;
#6950 = LINE ( 'NONE', #5513, #7338 ) ;
#6951 = CARTESIAN_POINT ( 'NONE',  ( -2.247900000000000000, 0.03048000000000004900, 1.569720000000000200 ) ) ;
#6952 = LINE ( 'NONE', #2811, #433 ) ;
#6953 = CARTESIAN_POINT ( 'NONE',  ( 1.561985111738965100, 0.6309561290252160300, 0.4952998952721838800 ) ) ;
#6955 = CARTESIAN_POINT ( 'NONE',  ( 1.039312762538662700, 1.422400000000000600, 0.4305577035952890500 ) ) ;
#6954 = AXIS2_PLACEMENT_3D ( 'NONE', #1064, #5377, #1679 ) ;
#6956 = EDGE_CURVE ( 'NONE', #6194, #7516, #7156, .T. ) ;
#6957 = AXIS2_PLACEMENT_3D ( 'NONE', #4725, #2275, #6591 ) ;
#6958 = DIRECTION ( 'NONE',  ( 0.0000000000000000000, 0.0000000000000000000, 1.000000000000000000 ) ) ;
#6959 = CARTESIAN_POINT ( 'NONE',  ( 0.4495799999999962000, 0.03047999999999999700, -1.569720000000000000 ) ) ;
#6960 = CARTESIAN_POINT ( 'NONE',  ( 2.217132737020558700, 0.6299199999999998100, -0.7798534169139484900 ) ) ;
#6961 = ORIENTED_EDGE ( 'NONE', *, *, #1578, .F. ) ;
#6962 = CARTESIAN_POINT ( 'NONE',  ( -0.2151035036818866300, 1.447800000000000400, -0.6801764810779915600 ) ) ;
#6963 = LINE ( 'NONE', #6768, #2034 ) ;
#6964 = VERTEX_POINT ( 'NONE', #5199 ) ;
#6965 = CARTESIAN_POINT ( 'NONE',  ( -0.9977945211216034900, 1.447799999999999500, -1.322436726267169000 ) ) ;
#6966 = CIRCLE ( 'NONE', #6219, 0.03047999999999999300 ) ;
#6967 = FACE_OUTER_BOUND ( 'NONE', #4425, .T. ) ;
#6968 = CARTESIAN_POINT ( 'NONE',  ( 2.217132737020559600, 1.353704919328342800E-006, -0.7672287482557534900 ) ) ;
#6969 =( BOUNDED_SURFACE ( )  B_SPLINE_SURFACE ( 3, 3, (
 ( #1439, #4531, #5149, #1463 ),
 ( #5767, #2073, #6383, #2699 ),
 ( #7010, #3323, #7618, #3947 ),
 ( #283, #4559, #870, #5176 ) ),
 .UNSPECIFIED., .F., .F., .F. )
 B_SPLINE_SURFACE_WITH_KNOTS ( ( 4, 4 ),
 ( 4, 4 ),
 ( 0.0000000000000000000, 1.000000000000000000 ),
 ( 0.0000000000000000000, 1.000000000000000000 ),
 .UNSPECIFIED. )
 GEOMETRIC_REPRESENTATION_ITEM ( )  RATIONAL_B_SPLINE_SURFACE ( (
 ( 1.000000000000000000, 0.8047378541243649400, 0.8047378541243649400, 1.000000000000000000),
 ( 0.8047378541243649400, 0.6476030138606876400, 0.6476030138606876400, 0.8047378541243649400),
 ( 0.8047378541243649400, 0.6476030138606876400, 0.6476030138606876400, 0.8047378541243649400),
 ( 1.000000000000000000, 0.8047378541243649400, 0.8047378541243649400, 1.000000000000000000) ) )
 REPRESENTATION_ITEM ( '' )  SURFACE ( )  );
#6970 = CARTESIAN_POINT ( 'NONE',  ( -2.235050458762263500, 1.447799999999999800, 1.117525229381132200 ) ) ;
#6971 = CARTESIAN_POINT ( 'NONE',  ( -1.657440469205967400, 0.6779904968037685500, 0.4953000000001231400 ) ) ;
#6972 = AXIS2_PLACEMENT_3D ( 'NONE', #7667, #5813, #308 ) ;
#6973 = CARTESIAN_POINT ( 'NONE',  ( -2.217420000000000200, 0.6299199999999998100, 1.600200000000000100 ) ) ;
#6974 = ORIENTED_EDGE ( 'NONE', *, *, #4501, .F. ) ;
#6975 = CARTESIAN_POINT ( 'NONE',  ( -1.866900000000000000, 0.6603999999999997600, -1.503680000000000300 ) ) ;
#6976 = CARTESIAN_POINT ( 'NONE',  ( -0.4495799999999958700, 0.1193799999999999900, 1.600200000000000100 ) ) ;
#6977 = VERTEX_POINT ( 'NONE', #6444 ) ;
#6978 = EDGE_CURVE ( 'NONE', #7360, #1592, #985, .T. ) ;
#6979 = LINE ( 'NONE', #5921, #2251 ) ;
#6980 = ORIENTED_EDGE ( 'NONE', *, *, #3775, .T. ) ;
#6981 = CARTESIAN_POINT ( 'NONE',  ( 0.3108362295486167800, 0.7238999999999997700, -1.569720000000000000 ) ) ;
#6982 = ADVANCED_FACE ( 'NONE', ( #2234 ), #3684, .T. ) ;
#6983 = CARTESIAN_POINT ( 'NONE',  ( 1.584595319897177800, 1.298879851896167300, -0.01270000000103311200 ) ) ;
#6984 = CARTESIAN_POINT ( 'NONE',  ( 1.397074770618876900, 0.6299199999999998100, 1.569720000000000000 ) ) ;
#6985 = EDGE_LOOP ( 'NONE', ( #2654, #4093, #5734 ) ) ;
#6986 = CARTESIAN_POINT ( 'NONE',  ( 2.247900000000001300, 0.03048000000000004900, -0.5257800000000004700 ) ) ;
#6987 = CARTESIAN_POINT ( 'NONE',  ( 0.2182758837303104300, 1.422400000000000600, 0.6902078299916278900 ) ) ;
#6988 = ORIENTED_EDGE ( 'NONE', *, *, #2836, .F. ) ;
#6989 = LINE ( 'NONE', #1354, #5346 ) ;
#6990 = ORIENTED_EDGE ( 'NONE', *, *, #6935, .F. ) ;
#6991 = ORIENTED_EDGE ( 'NONE', *, *, #2601, .T. ) ;
#6992 = DIRECTION ( 'NONE',  ( -0.7071067811865442400, -0.0000000000000000000, 0.7071067811865509000 ) ) ;
#6993 = VERTEX_POINT ( 'NONE', #5223 ) ;
#6994 = CARTESIAN_POINT ( 'NONE',  ( 0.0000000000000000000, 1.447800000000000000, 0.0000000000000000000 ) ) ;
#6995 = LINE ( 'NONE', #482, #2068 ) ;
#6996 = ORIENTED_EDGE ( 'NONE', *, *, #6278, .T. ) ;
#6997 = AXIS2_PLACEMENT_3D ( 'NONE', #1260, #5568, #1880 ) ;
#6998 = EDGE_CURVE ( 'NONE', #328, #901, #790, .T. ) ;
#6999 = DIRECTION ( 'NONE',  ( -0.7071067811865509000, 0.0000000000000000000, -0.7071067811865442400 ) ) ;
#7000 = AXIS2_PLACEMENT_3D ( 'NONE', #6923, #3785, #3814 ) ;
#7001 = EDGE_CURVE ( 'NONE', #5724, #908, #5314, .T. ) ;
#7002 = DIRECTION ( 'NONE',  ( -0.0000000000000000000, 1.000000000000000000, -0.0000000000000000000 ) ) ;
#7003 = CARTESIAN_POINT ( 'NONE',  ( -1.659091223683120800, 0.6750249896130361400, 0.4953000000000370400 ) ) ;
#7004 = EDGE_LOOP ( 'NONE', ( #2659, #3923, #1043, #6533 ) ) ;
#7005 = CARTESIAN_POINT ( 'NONE',  ( -1.297939999999999600, 0.6603999999999997600, -1.503680000000000100 ) ) ;
#7006 = CYLINDRICAL_SURFACE ( 'NONE', #2274, 0.2540000000000001100 ) ;
#7007 = CARTESIAN_POINT ( 'NONE',  ( -2.247900000000000000, 0.6603999999999998800, -1.569719999999999800 ) ) ;
#7008 =( BOUNDED_SURFACE ( )  B_SPLINE_SURFACE ( 3, 3, (
 ( #3439, #3303, #3491, #3521 ),
 ( #3547, #3856, #3878, #3908 ),
 ( #3950, #3977, #4006, #4054 ),
 ( #4083, #4115, #4142, #4456 ) ),
 .UNSPECIFIED., .F., .F., .T. )
 B_SPLINE_SURFACE_WITH_KNOTS ( ( 4, 4 ),
 ( 4, 4 ),
 ( 0.0000000000000000000, 1.000000000000000000 ),
 ( 0.0000000000000000000, 1.000000000000000000 ),
 .UNSPECIFIED. )
 GEOMETRIC_REPRESENTATION_ITEM ( )  RATIONAL_B_SPLINE_SURFACE ( (
 ( 1.000000000000000000, 0.9228459245378347600, 0.9228459245378347600, 1.000000000000000000),
 ( 0.8047378541243641600, 0.7426490489999920700, 0.7426490489999920700, 0.8047378541243641600),
 ( 0.8047378541243641600, 0.7426490489999920700, 0.7426490489999920700, 0.8047378541243641600),
 ( 1.000000000000000000, 0.9228459245378347600, 0.9228459245378347600, 1.000000000000000000) ) )
 REPRESENTATION_ITEM ( '' )  SURFACE ( )  );
#7009 = DIRECTION ( 'NONE',  ( 0.0000000000000000000, 0.0000000000000000000, 1.000000000000000000 ) ) ;
#7010 = CARTESIAN_POINT ( 'NONE',  ( 0.3886199999999958000, -1.082636358311556200E-019, 1.498674770618868100 ) ) ;
#7011 = ORIENTED_EDGE ( 'NONE', *, *, #706, .T. ) ;
#7012 = ORIENTED_EDGE ( 'NONE', *, *, #6015, .F. ) ;
#7013 = CIRCLE ( 'NONE', #371, 0.7239000000000001000 ) ;
#7014 = DIRECTION ( 'NONE',  ( 1.000000000000000000, 0.0000000000000000000, 0.0000000000000000000 ) ) ;
#7015 = CARTESIAN_POINT ( 'NONE',  ( 0.4190999999999963100, 0.08890000000000004800, -1.523925229381132500 ) ) ;
#7016 = FACE_OUTER_BOUND ( 'NONE', #3991, .T. ) ;
#7017 = VERTEX_POINT ( 'NONE', #5845 ) ;
#7018 = VERTEX_POINT ( 'NONE', #4636 ) ;
#7019 = CARTESIAN_POINT ( 'NONE',  ( 0.0000000000000000000, 1.295188274504349900, 0.0000000000000000000 ) ) ;
#7020 = DIRECTION ( 'NONE',  ( 0.0000000000000000000, 1.000000000000000000, 0.0000000000000000000 ) ) ;
#7021 =( BOUNDED_SURFACE ( )  B_SPLINE_SURFACE ( 3, 3, (
 ( #1165, #3630, #1048, #5352 ),
 ( #1658, #5969, #2279, #6596 ),
 ( #2906, #7208, #3531, #7815 ),
 ( #4145, #481, #4755, #1069 ) ),
 .UNSPECIFIED., .F., .F., .F. )
 B_SPLINE_SURFACE_WITH_KNOTS ( ( 4, 4 ),
 ( 4, 4 ),
 ( 0.0000000000000000000, 1.000000000000000000 ),
 ( 0.0000000000000000000, 1.000000000000000000 ),
 .UNSPECIFIED. )
 GEOMETRIC_REPRESENTATION_ITEM ( )  RATIONAL_B_SPLINE_SURFACE ( (
 ( 1.000000000000000000, 0.8025111867385935600, 0.8025111867385935600, 1.000000000000000000),
 ( 0.9219358577517107200, 0.7398638393011886000, 0.7398638393011886000, 0.9219358577517107200),
 ( 0.9219358577517107200, 0.7398638393011886000, 0.7398638393011886000, 0.9219358577517107200),
 ( 1.000000000000000000, 0.8025111867385935600, 0.8025111867385935600, 1.000000000000000000) ) )
 REPRESENTATION_ITEM ( '' )  SURFACE ( )  );
#7022 = CARTESIAN_POINT ( 'NONE',  ( 0.4495799999999958700, 1.270221856575270900E-016, 1.587574770618868500 ) ) ;
#7023 = CIRCLE ( 'NONE', #5912, 1.600200000000000100 ) ;
#7024 = AXIS2_PLACEMENT_3D ( 'NONE', #878, #4031, #363 ) ;
#7025 = ADVANCED_FACE ( 'NONE', ( #2030 ), #5129, .T. ) ;
#7026 = VERTEX_POINT ( 'NONE', #1563 ) ;
#7027 = AXIS2_PLACEMENT_3D ( 'NONE', #5483, #1797, #6117 ) ;
#7028 = EDGE_LOOP ( 'NONE', ( #860, #6603, #5067, #4402, #5272 ) ) ;
#7029 = DIRECTION ( 'NONE',  ( -0.0000000000000000000, -1.000000000000000000, -0.0000000000000000000 ) ) ;
#7030 = EDGE_CURVE ( 'NONE', #3328, #2024, #6952, .T. ) ;
#7031 = CARTESIAN_POINT ( 'NONE',  ( 1.582890304683353800, 1.298157341546906300, 0.01269999999999993900 ) ) ;
#7032 = CARTESIAN_POINT ( 'NONE',  ( 1.531404489643474600, 0.6603999959238825400, -0.4641453609236939100 ) ) ;
#7033 = CARTESIAN_POINT ( 'NONE',  ( -1.661144182981362500, 0.6724364774693978300, 0.4953000000000370400 ) ) ;
#7034 = ADVANCED_FACE ( 'NONE', ( #1840 ), #6576, .T. ) ;
#7035 = CARTESIAN_POINT ( 'NONE',  ( -1.866900000000000000, 0.6603999999999997600, -0.9347199999999997700 ) ) ;
#7036 = DIRECTION ( 'NONE',  ( 0.0000000000000000000, 1.000000000000000000, 0.0000000000000000000 ) ) ;
#7037 = CARTESIAN_POINT ( 'NONE',  ( 1.104827009083322500, 1.295188274504349900, 0.01270000000000003600 ) ) ;
#7038 = ORIENTED_EDGE ( 'NONE', *, *, #6500, .T. ) ;
#7039 = ORIENTED_EDGE ( 'NONE', *, *, #7359, .F. ) ;
#7040 = CARTESIAN_POINT ( 'NONE',  ( 0.0000000000000000000, 7.512325129353056000, 0.8890000000000003500 ) ) ;
#7041 = DIRECTION ( 'NONE',  ( 0.0000000000000000000, 1.000000000000000000, 0.0000000000000000000 ) ) ;
#7042 = CARTESIAN_POINT ( 'NONE',  ( 1.522180687342606500, 0.6380978098368462700, 0.4952731665029286900 ) ) ;
#7043 = VECTOR ( 'NONE', #4950, 1000.000000000000000 ) ;
#7044 = DIRECTION ( 'NONE',  ( 0.7071067811865442400, 0.0000000000000000000, -0.7071067811865509000 ) ) ;
#7045 = AXIS2_PLACEMENT_3D ( 'NONE', #1682, #1657, #1631 ) ;
#7046 = VERTEX_POINT ( 'NONE', #4660 ) ;
#7047 = CARTESIAN_POINT ( 'NONE',  ( 0.4495799999999958700, 0.0000000000000000000, 1.569720000000000200 ) ) ;
#7048 = EDGE_CURVE ( 'NONE', #5962, #6443, #6759, .T. ) ;
#7049 = EDGE_CURVE ( 'NONE', #3427, #1603, #242, .T. ) ;
#7050 = VERTEX_POINT ( 'NONE', #2210 ) ;
#7051 = DIRECTION ( 'NONE',  ( 0.8660254037844387100, 0.0000000000000000000, 0.5000000000000001100 ) ) ;
#7052 = LINE ( 'NONE', #3449, #7238 ) ;
#7053 = CARTESIAN_POINT ( 'NONE',  ( 1.569660074587722300, 1.295187772303129500, -0.01269998298494384700 ) ) ;
#7054 = CARTESIAN_POINT ( 'NONE',  ( 1.599334292923302300, 1.318687249503743200, 0.01269999999999639000 ) ) ;
#7055 = CARTESIAN_POINT ( 'NONE',  ( -2.247900000000000500, 0.6299199999999998100, -1.569719999999999800 ) ) ;
#7056 = CARTESIAN_POINT ( 'NONE',  ( -1.663234977472245700, 0.6698002601151917800, 0.4953000000000370400 ) ) ;
#7057 = CARTESIAN_POINT ( 'NONE',  ( 0.3886199999999957500, 0.6603999999999998800, 1.600200000000000100 ) ) ;
#7058 = ORIENTED_EDGE ( 'NONE', *, *, #6172, .T. ) ;
#7059 = VECTOR ( 'NONE', #5201, 1000.000000000000000 ) ;
#7060 = DIRECTION ( 'NONE',  ( 0.0000000000000000000, 1.000000000000000000, 0.0000000000000000000 ) ) ;
#7061 = ADVANCED_FACE ( 'NONE', ( #3294 ), #5537, .T. ) ;
#7062 = DIRECTION ( 'NONE',  ( 1.000000000000000000, 0.0000000000000000000, -0.0000000000000000000 ) ) ;
#7063 = DIRECTION ( 'NONE',  ( 0.0000000000000000000, -1.000000000000000000, 0.0000000000000000000 ) ) ;
#7064 = CARTESIAN_POINT ( 'NONE',  ( 0.0000000000000000000, 0.05842000000000000700, -1.541780000000000400 ) ) ;
#7065 = CIRCLE ( 'NONE', #7901, 0.7239000000000002100 ) ;
#7066 = EDGE_CURVE ( 'NONE', #6690, #1262, #67, .T. ) ;
#7067 = AXIS2_PLACEMENT_3D ( 'NONE', #3247, #7547, #3876 ) ;
#7068 = CARTESIAN_POINT ( 'NONE',  ( -0.3886199999999958000, -3.388131789017201400E-018, 1.480820000000000000 ) ) ;
#7069 = ADVANCED_FACE ( 'NONE', ( #3492 ), #5956, .F. ) ;
#7070 = ORIENTED_EDGE ( 'NONE', *, *, #6500, .F. ) ;
#7071 = CARTESIAN_POINT ( 'NONE',  ( 2.247900000000000900, 0.05587999999999969400, -0.4953000000000003000 ) ) ;
#7072 = EDGE_LOOP ( 'NONE', ( #7668, #7113, #1124, #2021 ) ) ;
#7073 = VECTOR ( 'NONE', #3959, 1000.000000000000000 ) ;
#7074 = CARTESIAN_POINT ( 'NONE',  ( 0.4317252293811278400, 0.03048000000000004200, 1.600200000000000100 ) ) ;
#7075 = CARTESIAN_POINT ( 'NONE',  ( 1.541550020531507400, 1.179014125412226400, 0.2742291140517709200 ) ) ;
#7076 = CARTESIAN_POINT ( 'NONE',  ( 0.0000000000000000000, 0.6604000000000002100, -1.104900000000000000 ) ) ;
#7077 = B_SPLINE_CURVE_WITH_KNOTS ( 'NONE', 3,
 ( #6627, #6678, #7166, #7295, #7219, #7240, #7271, #7751, #7777, #7797, #7819, #7844, #7863, #7880, #6983, #5127, #7593, #1989, #786, #5148, #2672, #2698 ),
 .UNSPECIFIED., .F., .F.,
 ( 4, 3, 3, 3, 3, 3, 3, 4 ),
 ( 0.0000000000000000000, 1.024560333252447800E-005, 1.525859141440937000E-005, 2.027064740746227600E-005, 2.528165408569647400E-005, 3.552060913601837800E-005, 4.052962024512552100E-005, 4.749500907363291600E-005 ),
 .UNSPECIFIED. ) ;
#7078 = CARTESIAN_POINT ( 'NONE',  ( 1.533138125193078500, 1.132830309243056300, -0.3120324275804173300 ) ) ;
#7079 = VERTEX_POINT ( 'NONE', #6578 ) ;
#7080 = EDGE_LOOP ( 'NONE', ( #1296, #1788, #6455, #129 ) ) ;
#7081 = CYLINDRICAL_SURFACE ( 'NONE', #7841, 0.1117600000000006800 ) ;
#7082 = ORIENTED_EDGE ( 'NONE', *, *, #1844, .F. ) ;
#7083 = AXIS2_PLACEMENT_3D ( 'NONE', #3393, #7694, #4016 ) ;
#7084 = DIRECTION ( 'NONE',  ( 0.0000000000000000000, 1.000000000000000000, 0.0000000000000000000 ) ) ;
#7085 = CARTESIAN_POINT ( 'NONE',  ( 2.217420000000001100, 0.03048000000000004900, -0.7493747706188677000 ) ) ;
#7086 = CARTESIAN_POINT ( 'NONE',  ( -0.4190999999999958100, 0.6607081245621814200, -1.569720000142649000 ) ) ;
#7087 = AXIS2_PLACEMENT_3D ( 'NONE', #4730, #198, #965 ) ;
#7088 = CARTESIAN_POINT ( 'NONE',  ( 2.247900000000000900, 0.6477747706188677900, -0.5257800000002996700 ) ) ;
#7089 = DIRECTION ( 'NONE',  ( 0.0000000000000000000, 1.000000000000000000, 0.0000000000000000000 ) ) ;
#7090 = ORIENTED_EDGE ( 'NONE', *, *, #2680, .T. ) ;
#7091 = DIRECTION ( 'NONE',  ( -0.4999999999999998900, 0.0000000000000000000, -0.8660254037844387100 ) ) ;
#7092 = ORIENTED_EDGE ( 'NONE', *, *, #5119, .F. ) ;
#7093 = DIRECTION ( 'NONE',  ( 0.0000000000000000000, 0.0000000000000000000, -1.000000000000000000 ) ) ;
#7094 = CARTESIAN_POINT ( 'NONE',  ( 2.247900000000000900, 0.03048000000007314600, 0.7673632544943584900 ) ) ;
#7095 = CARTESIAN_POINT ( 'NONE',  ( 2.247900000000000900, 0.6479084838754904900, 0.7599121805066007000 ) ) ;
#7096 = CARTESIAN_POINT ( 'NONE',  ( 0.4416971632238546600, 0.6908800000000000500, -1.569720000000000000 ) ) ;
#7097 = VERTEX_POINT ( 'NONE', #1056 ) ;
#7098 = DIRECTION ( 'NONE',  ( 0.7071067811865441300, -0.0000000000000000000, -0.7071067811865507900 ) ) ;
#7099 = CIRCLE ( 'NONE', #1300, 0.03048000000000004900 ) ;
#7100 = FACE_OUTER_BOUND ( 'NONE', #7577, .T. ) ;
#7101 = ORIENTED_EDGE ( 'NONE', *, *, #5604, .T. ) ;
#7102 = PRODUCT_CONTEXT ( 'NONE', #4009, 'mechanical' ) ;
#7103 = CARTESIAN_POINT ( 'NONE',  ( -0.4286669376602910100, 0.6908353484922931100, 1.541722833159794500 ) ) ;
#7104 = CARTESIAN_POINT ( 'NONE',  ( 1.600149602380977600, 1.417319999999999700, -0.01270000000000027200 ) ) ;
#7105 = ORIENTED_EDGE ( 'NONE', *, *, #4482, .T. ) ;
#7106 = EDGE_CURVE ( 'NONE', #3291, #4148, #6375, .T. ) ;
#7107 = CARTESIAN_POINT ( 'NONE',  ( 1.520706546765501000, 1.037079729973580600, -0.3603460151143952400 ) ) ;
#7108 = PRESENTATION_LAYER_ASSIGNMENT (  '', '', ( #6280 ) ) ;
#7109 = DIRECTION ( 'NONE',  ( 0.0000000000000000000, -0.0000000000000000000, -1.000000000000000000 ) ) ;
#7110 = CYLINDRICAL_SURFACE ( 'NONE', #7766, 0.03048000000000004900 ) ;
#7111 = CIRCLE ( 'NONE', #7067, 0.03048000000000004900 ) ;
#7112 = CARTESIAN_POINT ( 'NONE',  ( -1.866900000000000000, 0.6299199999999998100, -0.9652000000000000600 ) ) ;
#7113 = ORIENTED_EDGE ( 'NONE', *, *, #1351, .F. ) ;
#7114 = ADVANCED_FACE ( 'NONE', ( #4736 ), #4120, .F. ) ;
#7115 = DIRECTION ( 'NONE',  ( 0.0000000000000000000, 0.0000000000000000000, -1.000000000000000000 ) ) ;
#7116 = VERTEX_POINT ( 'NONE', #1665 ) ;
#7117 = FACE_OUTER_BOUND ( 'NONE', #2283, .T. ) ;
#7118 = CIRCLE ( 'NONE', #5186, 0.7239000000000002100 ) ;
#7119 = ORIENTED_EDGE ( 'NONE', *, *, #6647, .F. ) ;
#7120 = EDGE_CURVE ( 'NONE', #7380, #6947, #7810, .T. ) ;
#7121 = ORIENTED_EDGE ( 'NONE', *, *, #5119, .T. ) ;
#7122 = DIRECTION ( 'NONE',  ( 0.0000000000000000000, -1.000000000000000000, -0.0000000000000000000 ) ) ;
#7123 = CARTESIAN_POINT ( 'NONE',  ( -0.1033155212372515900, 0.7094734039254658700, -1.600200000000000500 ) ) ;
#7124 = CYLINDRICAL_SURFACE ( 'NONE', #2600, 0.03048000000000004900 ) ;
#7125 = CARTESIAN_POINT ( 'NONE',  ( -1.516380000000000500, 0.6603999999999998800, -0.4953000000000003000 ) ) ;
#7126 = CARTESIAN_POINT ( 'NONE',  ( -1.866900000000000000, 0.6603999999999997600, 0.9347200000000003300 ) ) ;
#7127 = CARTESIAN_POINT ( 'NONE',  ( -1.866900000000000400, 0.6477747706188680100, 1.473200000000000500 ) ) ;
#7128 = CARTESIAN_POINT ( 'NONE',  ( 0.4317252293811277800, 0.01262522938113192800, 1.600199999999999800 ) ) ;
#7129 = AXIS2_PLACEMENT_3D ( 'NONE', #4375, #7439, #5615 ) ;
#7130 = CARTESIAN_POINT ( 'NONE',  ( 2.217420000000001100, 0.6299199999999998100, 0.0000000000000000000 ) ) ;
#7131 = DIRECTION ( 'NONE',  ( -0.0000000000000000000, 0.0000000000000000000, 1.000000000000000000 ) ) ;
#7132 = DIRECTION ( 'NONE',  ( 0.0000000000000000000, 0.0000000000000000000, 1.000000000000000000 ) ) ;
#7133 = DIRECTION ( 'NONE',  ( 0.0000000000000000000, -1.000000000000000000, 0.0000000000000000000 ) ) ;
#7134 = EDGE_CURVE ( 'NONE', #4577, #3371, #2681, .T. ) ;
#7135 = CARTESIAN_POINT ( 'NONE',  ( 1.516380000000000300, 0.9144000000000001000, -0.3810395180039388200 ) ) ;
#7136 = CARTESIAN_POINT ( 'NONE',  ( 1.563028151724421100, 0.6296265274009281700, -0.4953014128635598300 ) ) ;
#7137 = CARTESIAN_POINT ( 'NONE',  ( -0.4138704587622600300, 9.504106807841518000E-017, 1.498674770618867900 ) ) ;
#7138 = CARTESIAN_POINT ( 'NONE',  ( 2.247900000000000900, 0.6299199999999997000, -0.5257800000000003600 ) ) ;
#7139 = EDGE_LOOP ( 'NONE', ( #454, #3725, #3239, #7322 ) ) ;
#7140 = ORIENTED_EDGE ( 'NONE', *, *, #6784, .F. ) ;
#7141 = DIRECTION ( 'NONE',  ( -0.0000000000000000000, 1.000000000000000000, -0.0000000000000000000 ) ) ;
#7142 = DIRECTION ( 'NONE',  ( 0.0000000000000000000, 0.0000000000000000000, 1.000000000000000000 ) ) ;
#7143 = FACE_OUTER_BOUND ( 'NONE', #4024, .T. ) ;
#7144 = CARTESIAN_POINT ( 'NONE',  ( 2.247900000000000900, 0.6299199999999998100, 0.7493747706188675900 ) ) ;
#7145 = ORIENTED_EDGE ( 'NONE', *, *, #4933, .F. ) ;
#7146 = CARTESIAN_POINT ( 'NONE',  ( 1.516380000000000500, 0.6603999999999999900, -0.3810395180039390400 ) ) ;
#7147 = ADVANCED_FACE ( 'NONE', ( #4546 ), #6651, .F. ) ;
#7148 = ORIENTED_EDGE ( 'NONE', *, *, #4348, .F. ) ;
#7149 = CARTESIAN_POINT ( 'NONE',  ( -0.4495799999999958700, -8.470329472543003400E-019, 1.541780000000000400 ) ) ;
#7150 = AXIS2_PLACEMENT_3D ( 'NONE', #3541, #3517, #3465 ) ;
#7151 = CYLINDRICAL_SURFACE ( 'NONE', #7429, 0.1117600000000006800 ) ;
#7152 = EDGE_CURVE ( 'NONE', #6273, #6939, #2913, .T. ) ;
#7153 = CARTESIAN_POINT ( 'NONE',  ( 0.4317252293811277800, 1.270221856575271200E-016, 1.587574770618868500 ) ) ;
#7154 = AXIS2_PLACEMENT_3D ( 'NONE', #5588, #5577, #5110 ) ;
#7155 = EDGE_CURVE ( 'NONE', #3512, #5077, #1247, .T. ) ;
#7156 = LINE ( 'NONE', #311, #3885 ) ;
#7157 = CARTESIAN_POINT ( 'NONE',  ( -0.4190473626552994600, 0.6603473627989001600, -1.571793280383957600 ) ) ;
#7158 = ORIENTED_EDGE ( 'NONE', *, *, #5518, .T. ) ;
#7159 = CARTESIAN_POINT ( 'NONE',  ( 0.4341116455400912400, 0.6603999999999998800, -1.570759491546730000 ) ) ;
#7160 = CARTESIAN_POINT ( 'NONE',  ( 2.247900000000000900, 0.6299199999999998100, -0.5257800000000002500 ) ) ;
#7161 = ORIENTED_EDGE ( 'NONE', *, *, #2715, .F. ) ;
#7162 = FACE_OUTER_BOUND ( 'NONE', #2993, .T. ) ;
#7163 = MECHANICAL_DESIGN_GEOMETRIC_PRESENTATION_REPRESENTATION (  '', ( #6336 ), #7566 ) ;
#7164 = LINE ( 'NONE', #6363, #3901 ) ;
#7165 = CARTESIAN_POINT ( 'NONE',  ( -0.2294207815398395200, 1.447799999999999500, 2.479509343112563400 ) ) ;
#7166 = CARTESIAN_POINT ( 'NONE',  ( 1.599559321661783400, 1.318813553354273300, -0.01269999999996119400 ) ) ;
#7167 = CARTESIAN_POINT ( 'NONE',  ( 1.599574732759333900, 1.323539651014852900, -0.1178157835034180400 ) ) ;
#7168 = VERTEX_POINT ( 'NONE', #4236 ) ;
#7169 = VERTEX_POINT ( 'NONE', #550 ) ;
#7170 = VECTOR ( 'NONE', #7792, 1000.000000000000000 ) ;
#7171 = VERTEX_POINT ( 'NONE', #4844 ) ;
#7172 = EDGE_CURVE ( 'NONE', #1037, #2049, #6190, .T. ) ;
#7173 = DIRECTION ( 'NONE',  ( 0.0000000000000000000, 0.0000000000000000000, -1.000000000000000000 ) ) ;
#7174 = CARTESIAN_POINT ( 'NONE',  ( -1.866900000000000000, 0.6095999999999999200, 1.219200000000000300 ) ) ;
#7175 = ORIENTED_EDGE ( 'NONE', *, *, #2592, .T. ) ;
#7176 = ORIENTED_EDGE ( 'NONE', *, *, #5390, .T. ) ;
#7177 = EDGE_CURVE ( 'NONE', #2688, #1466, #7796, .T. ) ;
#7178 = VECTOR ( 'NONE', #739, 1000.000000000000000 ) ;
#7179 = CARTESIAN_POINT ( 'NONE',  ( 1.516380000000000300, 1.130299999999999900, 0.4952999999999998500 ) ) ;
#7180 = CARTESIAN_POINT ( 'NONE',  ( -0.4495799999999958700, 0.0000000000000000000, 0.0000000000000000000 ) ) ;
#7181 = ORIENTED_EDGE ( 'NONE', *, *, #6700, .F. ) ;
#7182 = ORIENTED_EDGE ( 'NONE', *, *, #6304, .F. ) ;
#7183 = CARTESIAN_POINT ( 'NONE',  ( 0.0000000000000000000, 0.6603999999999998800, 0.0000000000000000000 ) ) ;
#7184 = ORIENTED_EDGE ( 'NONE', *, *, #448, .F. ) ;
#7185 = CARTESIAN_POINT ( 'NONE',  ( 0.0000000000000000000, 1.447800000000000000, -1.569719999999999800 ) ) ;
#7186 = CYLINDRICAL_SURFACE ( 'NONE', #3365, 0.03048000000000004900 ) ;
#7187 = CARTESIAN_POINT ( 'NONE',  ( 1.134558606683674100, 1.447800000000000000, 0.04317999999999993400 ) ) ;
#7188 = ADVANCED_FACE ( 'NONE', ( #7619 ), #1075, .T. ) ;
#7189 = CARTESIAN_POINT ( 'NONE',  ( 2.247900000000000900, 0.6299199999999998100, -0.5257800000000002500 ) ) ;
#7190 = VERTEX_POINT ( 'NONE', #3051 ) ;
#7191 = CARTESIAN_POINT ( 'NONE',  ( -1.311127820231419400, 1.447799999999999800, 0.8951745591340039000 ) ) ;
#7192 = CARTESIAN_POINT ( 'NONE',  ( -2.247900000000000000, 0.6603999999999998800, 1.600200000000000100 ) ) ;
#7193 = ORIENTED_EDGE ( 'NONE', *, *, #2515, .F. ) ;
#7194 = CARTESIAN_POINT ( 'NONE',  ( -1.346727066632285300, 0.6604013537049190400, 0.9197672629794425600 ) ) ;
#7195 = LINE ( 'NONE', #5876, #4311 ) ;
#7196 = FACE_OUTER_BOUND ( 'NONE', #217, .T. ) ;
#7197 = EDGE_CURVE ( 'NONE', #6273, #1426, #1268, .T. ) ;
#7198 = DIRECTION ( 'NONE',  ( -1.000000000000000000, 0.0000000000000000000, -0.0000000000000000000 ) ) ;
#7199 = DIRECTION ( 'NONE',  ( -0.0000000000000000000, -1.000000000000000000, 0.0000000000000000000 ) ) ;
#7200 = VERTEX_POINT ( 'NONE', #4290 ) ;
#7201 = ORIENTED_EDGE ( 'NONE', *, *, #7624, .F. ) ;
#7202 = VECTOR ( 'NONE', #4739, 1000.000000000000000 ) ;
#7203 = LINE ( 'NONE', #6047, #664 ) ;
#7204 = CARTESIAN_POINT ( 'NONE',  ( -1.307977764841154800, 1.447799999999999300, -0.8681232339313719200 ) ) ;
#7205 = ORIENTED_EDGE ( 'NONE', *, *, #6913, .F. ) ;
#7206 = CARTESIAN_POINT ( 'NONE',  ( -1.561722890262177800, 0.6908799999999997200, 0.7513038538825859100 ) ) ;
#7207 = CARTESIAN_POINT ( 'NONE',  ( -0.2067595454272466200, 0.6979650973085685900, 1.600200000000000500 ) ) ;
#7208 = CARTESIAN_POINT ( 'NONE',  ( -1.336377825953577500, 0.6728915161245083700, -0.8889999999999996800 ) ) ;
#7209 = FACE_OUTER_BOUND ( 'NONE', #6915, .T. ) ;
#7210 = B_SPLINE_CURVE_WITH_KNOTS ( 'NONE', 3,
 ( #336, #510, #286, #6 ),
 .UNSPECIFIED., .F., .F.,
 ( 4, 4 ),
 ( 0.0000000000000000000, 1.000000000000000000 ),
 .UNSPECIFIED. ) ;
#7211 = FACE_OUTER_BOUND ( 'NONE', #1671, .T. ) ;
#7212 = ORIENTED_EDGE ( 'NONE', *, *, #6945, .F. ) ;
#7213 = CARTESIAN_POINT ( 'NONE',  ( 2.247900000000000900, 1.084202172485504400E-016, 0.4952999999999996300 ) ) ;
#7214 = EDGE_LOOP ( 'NONE', ( #6177, #5977, #5534, #5694, #3121 ) ) ;
#7215 = AXIS2_PLACEMENT_3D ( 'NONE', #644, #6160, #3711 ) ;
#7216 = EDGE_CURVE ( 'NONE', #3721, #7533, #2718, .T. ) ;
#7217 = CARTESIAN_POINT ( 'NONE',  ( 1.569678506524343900, 1.447799999999999800, -0.01141334988092062400 ) ) ;
#7218 = B_SPLINE_CURVE_WITH_KNOTS ( 'NONE', 3,
 ( #1403, #5167, #5784, #2093, #6407, #2721, #7032 ),
 .UNSPECIFIED., .F., .F.,
 ( 4, 3, 4 ),
 ( 1.721821261899506600E-016, 2.363451385704637200E-005, 3.125362020296995500E-005 ),
 .UNSPECIFIED. ) ;
#7219 = CARTESIAN_POINT ( 'NONE',  ( 1.597869738189033400, 1.313996892140767400, -0.01269999999996119400 ) ) ;
#7220 = CARTESIAN_POINT ( 'NONE',  ( -0.4416971632238546600, 0.6603999999999997600, -1.569720000000000000 ) ) ;
#7221 = CARTESIAN_POINT ( 'NONE',  ( 1.599295513430265500, 1.322493868624798500, 0.1203118184944261400 ) ) ;
#7222 = ORIENTED_EDGE ( 'NONE', *, *, #2422, .T. ) ;
#7223 = ADVANCED_FACE ( 'NONE', ( #4356 ), #3081, .F. ) ;
#7224 = CARTESIAN_POINT ( 'NONE',  ( 2.247900000000000900, 0.6299199999999997000, 0.5079252293811316000 ) ) ;
#7225 = ORIENTED_EDGE ( 'NONE', *, *, #3418, .T. ) ;
#7226 = ORIENTED_EDGE ( 'NONE', *, *, #2836, .T. ) ;
#7227 = CARTESIAN_POINT ( 'NONE',  ( 0.4317252293811278400, 0.0000000000000000000, 1.569720000000000200 ) ) ;
#7228 = ORIENTED_EDGE ( 'NONE', *, *, #3312, .T. ) ;
#7229 = AXIS2_PLACEMENT_3D ( 'NONE', #4992, #1291, #5601 ) ;
#7230 = CARTESIAN_POINT ( 'NONE',  ( -1.332185673811653300, 1.447799999999999800, -0.8763747706188678200 ) ) ;
#7231 = CARTESIAN_POINT ( 'NONE',  ( -1.657919445422835400, 0.6730252293811316300, 0.4842756988419276200 ) ) ;
#7232 = FACE_OUTER_BOUND ( 'NONE', #3222, .T. ) ;
#7233 = ORIENTED_EDGE ( 'NONE', *, *, #4398, .F. ) ;
#7234 = CARTESIAN_POINT ( 'NONE',  ( -1.463489722546762500, 7.512325129353056000, -0.8889999999999996800 ) ) ;
#7235 = ORIENTED_EDGE ( 'NONE', *, *, #2314, .T. ) ;
#7236 = CARTESIAN_POINT ( 'NONE',  ( -2.217420000000000200, 1.694065894508600700E-018, -0.4953000000000004100 ) ) ;
#7237 = DIRECTION ( 'NONE',  ( 1.000000000000000000, 0.0000000000000000000, 0.0000000000000000000 ) ) ;
#7238 = VECTOR ( 'NONE', #4059, 1000.000000000000000 ) ;
#7239 = CARTESIAN_POINT ( 'NONE',  ( 1.583470119316808600, 1.447799999999999800, 1.885347758514359400 ) ) ;
#7240 = CARTESIAN_POINT ( 'NONE',  ( 1.597175409934189900, 1.312444195874017200, -0.01269999999999998900 ) ) ;
#7241 =( BOUNDED_CURVE ( )  B_SPLINE_CURVE ( 3, ( #5773, #2084, #6398, #2710 ),
 .UNSPECIFIED., .F., .T. )
 B_SPLINE_CURVE_WITH_KNOTS ( ( 4, 4 ),
 ( 0.0000000000000000000, 1.000000000000000000 ),
 .UNSPECIFIED. )
 CURVE ( )  GEOMETRIC_REPRESENTATION_ITEM ( )  RATIONAL_B_SPLINE_CURVE ( ( 1.000000000000000000, 0.9118348504641771200, 0.9118348504641771200, 1.000000000000000000 ) )
 REPRESENTATION_ITEM ( '' )  );
#7242 = DIRECTION ( 'NONE',  ( 1.000000000000000000, -0.0000000000000000000, 0.0000000000000000000 ) ) ;
#7243 = ORIENTED_EDGE ( 'NONE', *, *, #3753, .F. ) ;
#7244 = CIRCLE ( 'NONE', #4591, 0.03048000000000004900 ) ;
#7245 = PLANE ( 'NONE',  #7154 ) ;
#7246 = DIRECTION ( 'NONE',  ( -0.5059880239520958600, 0.0000000000000000000, -0.8625405031748093500 ) ) ;
#7247 = MANIFOLD_SOLID_BREP ( 'Indicator', #7653 ) ;
#7248 = DIRECTION ( 'NONE',  ( 0.0000000000000000000, 0.0000000000000000000, 1.000000000000000000 ) ) ;
#7249 = DIRECTION ( 'NONE',  ( 0.0000000000000000000, 0.0000000000000000000, -1.000000000000000000 ) ) ;
#7250 = EDGE_CURVE ( 'NONE', #694, #5205, #4951, .T. ) ;
#7251 = CYLINDRICAL_SURFACE ( 'NONE', #164, 0.03047999999999999300 ) ;
#7252 = AXIS2_PLACEMENT_3D ( 'NONE', #549, #999, #1028 ) ;
#7253 = CYLINDRICAL_SURFACE ( 'NONE', #1589, 0.03048000000000004900 ) ;
#7254 = CARTESIAN_POINT ( 'NONE',  ( -1.296382129561919300, 1.447800000000000000, 0.8851069158878506200 ) ) ;
#7255 = ORIENTED_EDGE ( 'NONE', *, *, #763, .T. ) ;
#7256 = ORIENTED_EDGE ( 'NONE', *, *, #4008, .F. ) ;
#7257 = VECTOR ( 'NONE', #3120, 1000.000000000000000 ) ;
#7258 = CARTESIAN_POINT ( 'NONE',  ( -1.516070191620298500, 0.6603999999999995400, 0.8893650299401201200 ) ) ;
#7259 = VECTOR ( 'NONE', #2451, 1000.000000000000000 ) ;
#7260 = AXIS2_PLACEMENT_3D ( 'NONE', #213, #4478, #792 ) ;
#7261 = SURFACE_SIDE_STYLE ('',( #5305 ) ) ;
#7262 = ADVANCED_FACE ( 'NONE', ( #6856 ), #4337, .F. ) ;
#7263 = ORIENTED_EDGE ( 'NONE', *, *, #3825, .F. ) ;
#7264 = EDGE_LOOP ( 'NONE', ( #2517, #3719, #602, #1284, #6342 ) ) ;
#7265 = FILL_AREA_STYLE ('',( #1714 ) ) ;
#7266 = CIRCLE ( 'NONE', #4979, 1.600200000000000100 ) ;
#7267 = ORIENTED_EDGE ( 'NONE', *, *, #3276, .T. ) ;
#7268 = ORIENTED_EDGE ( 'NONE', *, *, #7727, .F. ) ;
#7269 = CARTESIAN_POINT ( 'NONE',  ( -0.2268405846852382100, 1.447799999999999500, 2.451623367983746200 ) ) ;
#7270 = ORIENTED_EDGE ( 'NONE', *, *, #3418, .F. ) ;
#7271 = CARTESIAN_POINT ( 'NONE',  ( 1.596360166275973200, 1.310964744391410800, -0.01269999999999998900 ) ) ;
#7272 = DIRECTION ( 'NONE',  ( 2.753879025871233800E-016, -0.0000000000000000000, 1.000000000000000000 ) ) ;
#7273 = CARTESIAN_POINT ( 'NONE',  ( -0.4050586345784231700, 0.6463586345784269000, -1.600200000000000300 ) ) ;
#7274 = CARTESIAN_POINT ( 'NONE',  ( -1.346727066632285500, 0.6603999999999997600, -0.9194799999999995200 ) ) ;
#7275 = DIRECTION ( 'NONE',  ( -1.000000000000000000, 0.0000000000000000000, 0.0000000000000000000 ) ) ;
#7276 = ORIENTED_EDGE ( 'NONE', *, *, #4352, .F. ) ;
#7277 = CARTESIAN_POINT ( 'NONE',  ( -1.572260000000000900, 0.1117600000000006900, -0.4953000000000003000 ) ) ;
#7278 = ORIENTED_EDGE ( 'NONE', *, *, #6839, .T. ) ;
#7279 = CARTESIAN_POINT ( 'NONE',  ( -0.2285999999977199600, 1.443637972869319600, -0.6751074754901287300 ) ) ;
#7280 = EDGE_CURVE ( 'NONE', #1262, #2307, #512, .T. ) ;
#7281 = CARTESIAN_POINT ( 'NONE',  ( 0.4334411414813526000, 0.6908799999999997200, -1.540379439252336400 ) ) ;
#7282 = ORIENTED_EDGE ( 'NONE', *, *, #7303, .F. ) ;
#7283 = PLANE ( 'NONE',  #2920 ) ;
#7284 = LINE ( 'NONE', #7213, #3831 ) ;
#7285 = DIRECTION ( 'NONE',  ( -0.5059880239520956300, -0.0000000000000000000, 0.8625405031748096800 ) ) ;
#7286 =( BOUNDED_CURVE ( )  B_SPLINE_CURVE ( 3, ( #1035, #5469, #1160, #1778 ),
 .UNSPECIFIED., .F., .F. )
 B_SPLINE_CURVE_WITH_KNOTS ( ( 4, 4 ),
 ( 3.141592653589793100, 4.712388980384694100 ),
 .UNSPECIFIED. )
 CURVE ( )  GEOMETRIC_REPRESENTATION_ITEM ( )  RATIONAL_B_SPLINE_CURVE ( ( 1.000000000000000000, 0.8047378541243640500, 0.8047378541243640500, 1.000000000000000000 ) )
 REPRESENTATION_ITEM ( '' )  );
#7287 = DIRECTION ( 'NONE',  ( 0.0000000000000000000, -0.0000000000000000000, -1.000000000000000000 ) ) ;
#7288 = AXIS2_PLACEMENT_3D ( 'NONE', #5044, #5017, #4990 ) ;
#7289 = ORIENTED_EDGE ( 'NONE', *, *, #768, .T. ) ;
#7290 = FACE_OUTER_BOUND ( 'NONE', #7803, .T. ) ;
#7291 = LINE ( 'NONE', #5137, #5454 ) ;
#7292 = CARTESIAN_POINT ( 'NONE',  ( 1.600198339605777500, 1.435174770618867600, 0.002305194766833030700 ) ) ;
#7293 = VECTOR ( 'NONE', #5560, 1000.000000000000000 ) ;
#7294 = CARTESIAN_POINT ( 'NONE',  ( -1.296382129561919100, 1.447799999999999500, 0.8851069158878507300 ) ) ;
#7295 = CARTESIAN_POINT ( 'NONE',  ( 1.598428872375539300, 1.315590870770840400, -0.01269999999996119400 ) ) ;
#7296 = ORIENTED_EDGE ( 'NONE', *, *, #5655, .T. ) ;
#7297 = CARTESIAN_POINT ( 'NONE',  ( 0.05183254022505616500, 0.7166784964973034200, -1.600200000000000100 ) ) ;
#7298 = AXIS2_PLACEMENT_3D ( 'NONE', #3027, #2501, #2478 ) ;
#7299 = DIRECTION ( 'NONE',  ( -1.000000000000000000, 0.0000000000000000000, 0.0000000000000000000 ) ) ;
#7300 = EDGE_LOOP ( 'NONE', ( #1596, #784, #4902, #2377, #54 ) ) ;
#7301 = EDGE_CURVE ( 'NONE', #609, #3160, #1934, .T. ) ;
#7302 = EDGE_CURVE ( 'NONE', #4200, #7377, #3580, .T. ) ;
#7303 = EDGE_CURVE ( 'NONE', #7500, #1117, #3526, .T. ) ;
#7304 = CYLINDRICAL_SURFACE ( 'NONE', #661, 0.2539999999999998900 ) ;
#7305 = CARTESIAN_POINT ( 'NONE',  ( -2.247900000000000000, 0.6299199999999998100, 1.569720000000000000 ) ) ;
#7306 = CIRCLE ( 'NONE', #3543, 0.03047999999999993800 ) ;
#7307 = VERTEX_POINT ( 'NONE', #6813 ) ;
#7308 = CARTESIAN_POINT ( 'NONE',  ( 0.9510355852478549200, 0.6730252293811317400, 1.394735631750302100 ) ) ;
#7309 = ADVANCED_FACE ( 'NONE', ( #1735 ), #2076, .T. ) ;
#7310 = ORIENTED_EDGE ( 'NONE', *, *, #5231, .F. ) ;
#7311 = CARTESIAN_POINT ( 'NONE',  ( -1.297939999999999600, 0.6603999999999998800, -1.503680000000000100 ) ) ;
#7312 = CARTESIAN_POINT ( 'NONE',  ( 2.217420000000001100, 0.0000000000000000000, 0.4952999999999997400 ) ) ;
#7313 = DIRECTION ( 'NONE',  ( 1.000000000000000000, 0.0000000000000000000, 0.0000000000000000000 ) ) ;
#7314 = CARTESIAN_POINT ( 'NONE',  ( 1.121218714657019600, 1.446015824240339800, 0.02931732787918909400 ) ) ;
#7315 = VECTOR ( 'NONE', #7802, 1000.000000000000000 ) ;
#7316 = DIRECTION ( 'NONE',  ( 1.000000000000000000, -0.0000000000000000000, 0.0000000000000000000 ) ) ;
#7317 = CARTESIAN_POINT ( 'NONE',  ( -2.247900000000000000, 0.03048000000000004900, -1.600200000000000100 ) ) ;
#7318 = CARTESIAN_POINT ( 'NONE',  ( -2.235274770618868300, 0.6603999999999997600, -0.4953000000000005200 ) ) ;
#7319 = CARTESIAN_POINT ( 'NONE',  ( 1.572260000000000900, 0.0000000000000000000, 0.4952999999999996300 ) ) ;
#7320 = PLANE ( 'NONE',  #5318 ) ;
#7321 = CARTESIAN_POINT ( 'NONE',  ( 0.8509000000000003200, 0.08890000000000000700, -0.4953000000000003000 ) ) ;
#7322 = ORIENTED_EDGE ( 'NONE', *, *, #5933, .T. ) ;
#7323 = EDGE_CURVE ( 'NONE', #300, #5064, #3388, .T. ) ;
#7324 = CARTESIAN_POINT ( 'NONE',  ( 0.2285999999996929900, 1.447268194321806600, 0.6663500704832227000 ) ) ;
#7325 = DIRECTION ( 'NONE',  ( -0.0000000000000000000, -0.0000000000000000000, -1.000000000000000000 ) ) ;
#7326 = CARTESIAN_POINT ( 'NONE',  ( -0.4190999999999957500, 0.03047999999999999000, 1.480820000000000000 ) ) ;
#7327 = EDGE_LOOP ( 'NONE', ( #5777, #1006, #6464, #3251 ) ) ;
#7328 = ORIENTED_EDGE ( 'NONE', *, *, #906, .F. ) ;
#7329 = EDGE_CURVE ( 'NONE', #4459, #5062, #6467, .T. ) ;
#7330 = DIRECTION ( 'NONE',  ( -0.0000000000000000000, -1.000000000000000000, -0.0000000000000000000 ) ) ;
#7331 = VECTOR ( 'NONE', #7665, 1000.000000000000000 ) ;
#7332 = CARTESIAN_POINT ( 'NONE',  ( -1.358899999999999300, 0.6299199999999998100, -0.9652000000000000600 ) ) ;
#7333 = CARTESIAN_POINT ( 'NONE',  ( -2.217420000000000200, 0.03048000000000004900, -1.600200000000000100 ) ) ;
#7334 = DIRECTION ( 'NONE',  ( -1.000000000000000000, 0.0000000000000000000, 0.0000000000000000000 ) ) ;
#7335 = PLANE ( 'NONE',  #4815 ) ;
#7336 = VERTEX_POINT ( 'NONE', #6276 ) ;
#7337 = DIRECTION ( 'NONE',  ( 0.0000000000000000000, 0.0000000000000000000, -1.000000000000000000 ) ) ;
#7338 = VECTOR ( 'NONE', #7351, 1000.000000000000000 ) ;
#7339 = CARTESIAN_POINT ( 'NONE',  ( -2.235274770618868300, 0.6603999999999997600, 1.569720000000000000 ) ) ;
#7340 = LINE ( 'NONE', #2673, #5697 ) ;
#7341 = CARTESIAN_POINT ( 'NONE',  ( -1.866900000000000000, 0.6603999999999997600, -1.503680000000000300 ) ) ;
#7342 = CARTESIAN_POINT ( 'NONE',  ( -1.814324031308890600, 1.435174770618867300, 0.3207033159505043300 ) ) ;
#7343 = CARTESIAN_POINT ( 'NONE',  ( -1.474638141137640600, 1.435308483875490600, 0.8890000000000006800 ) ) ;
#7344 = ADVANCED_FACE ( 'NONE', ( #149 ), #6281, .T. ) ;
#7345 = CARTESIAN_POINT ( 'NONE',  ( 0.4263595511957277200, 0.6614152613454719100, 1.542372101593446600 ) ) ;
#7346 = ORIENTED_EDGE ( 'NONE', *, *, #1049, .T. ) ;
#7347 = AXIS2_PLACEMENT_3D ( 'NONE', #1587, #968, #945 ) ;
#7348 = VECTOR ( 'NONE', #6045, 1000.000000000000000 ) ;
#7349 = DIRECTION ( 'NONE',  ( 0.0000000000000000000, 0.0000000000000000000, 1.000000000000000000 ) ) ;
#7350 = EDGE_CURVE ( 'NONE', #7360, #7417, #7877, .T. ) ;
#7351 = DIRECTION ( 'NONE',  ( -1.000000000000000000, -0.0000000000000000000, -0.0000000000000000000 ) ) ;
#7352 = EDGE_LOOP ( 'NONE', ( #4533, #4728, #3911, #4064 ) ) ;
#7353 = CARTESIAN_POINT ( 'NONE',  ( -2.247900000000000900, 1.084202172485504400E-016, 0.4952999999999996300 ) ) ;
#7354 = CARTESIAN_POINT ( 'NONE',  ( 2.247900000000000900, 0.6479084838754908300, 0.7493747706188679200 ) ) ;
#7355 = CARTESIAN_POINT ( 'NONE',  ( -0.3108362295486156200, 0.6934199999999998100, -1.569720000000000000 ) ) ;
#7356 = LINE ( 'NONE', #7317, #802 ) ;
#7357 = VECTOR ( 'NONE', #1358, 1000.000000000000000 ) ;
#7358 = CARTESIAN_POINT ( 'NONE',  ( 1.544242545894418700, 0.6604000000000002100, 0.4194699029126213200 ) ) ;
#7359 = EDGE_CURVE ( 'NONE', #5363, #5663, #3198, .T. ) ;
#7360 = VERTEX_POINT ( 'NONE', #2609 ) ;
#7361 = AXIS2_PLACEMENT_3D ( 'NONE', #1622, #1002, #4693 ) ;
#7362 = CARTESIAN_POINT ( 'NONE',  ( -0.4191000000053049000, 0.6722063804050284500, 1.550828354579844700 ) ) ;
#7363 = ORIENTED_EDGE ( 'NONE', *, *, #2170, .F. ) ;
#7364 = VECTOR ( 'NONE', #917, 1000.000000000000000 ) ;
#7365 = VERTEX_POINT ( 'NONE', #3863 ) ;
#7366 = DIRECTION ( 'NONE',  ( 0.0000000000000000000, 0.0000000000000000000, -1.000000000000000000 ) ) ;
#7367 = DIRECTION ( 'NONE',  ( -0.0000000000000000000, -1.000000000000000000, -0.0000000000000000000 ) ) ;
#7368 = ORIENTED_EDGE ( 'NONE', *, *, #3331, .T. ) ;
#7369 = DIRECTION ( 'NONE',  ( 0.0000000000000000000, 0.0000000000000000000, -1.000000000000000000 ) ) ;
#7370 = CARTESIAN_POINT ( 'NONE',  ( -1.489779957083530200, 1.435174770618867300, 0.8739425149700595900 ) ) ;
#7371 = AXIS2_PLACEMENT_3D ( 'NONE', #7179, #4118, #449 ) ;
#7372 = VERTEX_POINT ( 'NONE', #4465 ) ;
#7373 = VECTOR ( 'NONE', #946, 1000.000000000000200 ) ;
#7374 = DIRECTION ( 'NONE',  ( 0.0000000000000000000, 0.0000000000000000000, -1.000000000000000000 ) ) ;
#7375 = EDGE_CURVE ( 'NONE', #5728, #4192, #7715, .T. ) ;
#7376 = VERTEX_POINT ( 'NONE', #779 ) ;
#7377 = VERTEX_POINT ( 'NONE', #5700 ) ;
#7378 = ADVANCED_FACE ( 'NONE', ( #4447 ), #5101, .F. ) ;
#7379 = DIRECTION ( 'NONE',  ( 0.0000000000000000000, -1.000000000000000000, -5.239028029431591300E-013 ) ) ;
#7380 = VERTEX_POINT ( 'NONE', #6326 ) ;
#7381 = DIRECTION ( 'NONE',  ( 0.0000000000000000000, 0.0000000000000000000, -1.000000000000000000 ) ) ;
#7382 = DIRECTION ( 'NONE',  ( -0.0000000000000000000, -1.000000000000000000, -0.0000000000000000000 ) ) ;
#7383 = ORIENTED_EDGE ( 'NONE', *, *, #1027, .F. ) ;
#7384 = DIRECTION ( 'NONE',  ( 1.000000000000000000, -0.0000000000000000000, 0.0000000000000000000 ) ) ;
#7385 = CARTESIAN_POINT ( 'NONE',  ( 0.0000000000000000000, 0.6603999999999998800, 0.0000000000000000000 ) ) ;
#7386 = DIRECTION ( 'NONE',  ( 0.0000000000000000000, -1.000000000000000000, -0.0000000000000000000 ) ) ;
#7387 = ADVANCED_FACE ( 'NONE', ( #6084 ), #666, .T. ) ;
#7388 = DIRECTION ( 'NONE',  ( 0.0000000000000000000, 1.000000000000000000, 0.0000000000000000000 ) ) ;
#7389 = EDGE_LOOP ( 'NONE', ( #4580, #4672, #4980 ) ) ;
#7390 = VECTOR ( 'NONE', #4587, 1000.000000000000000 ) ;
#7391 = EDGE_CURVE ( 'NONE', #5307, #5926, #1159, .T. ) ;
#7392 = LINE ( 'NONE', #444, #839 ) ;
#7393 = DIRECTION ( 'NONE',  ( 0.0000000000000000000, 0.0000000000000000000, 1.000000000000000000 ) ) ;
#7394 = CARTESIAN_POINT ( 'NONE',  ( 0.0000000000000000000, 1.257300000000000300, 0.0000000000000000000 ) ) ;
#7395 = VERTEX_POINT ( 'NONE', #5121 ) ;
#7396 = CARTESIAN_POINT ( 'NONE',  ( 1.556043259182015000, 1.250861687473214800, 0.2037080417652021900 ) ) ;
#7397 = EDGE_LOOP ( 'NONE', ( #7426, #799, #5671, #5508 ) ) ;
#7398 = CARTESIAN_POINT ( 'NONE',  ( -1.489779957083530800, 1.417319999999999700, -0.8739425149700593700 ) ) ;
#7399 = ORIENTED_EDGE ( 'NONE', *, *, #4160, .F. ) ;
#7400 = ORIENTED_EDGE ( 'NONE', *, *, #6429, .T. ) ;
#7401 = DIRECTION ( 'NONE',  ( 0.0000000000000000000, -1.000000000000000000, 0.0000000000000000000 ) ) ;
#7402 = FACE_OUTER_BOUND ( 'NONE', #5178, .T. ) ;
#7403 = ORIENTED_EDGE ( 'NONE', *, *, #234, .T. ) ;
#7404 = B_SPLINE_CURVE_WITH_KNOTS ( 'NONE', 3,
 ( #7676, #2211, #3461, #7753 ),
 .UNSPECIFIED., .F., .F.,
 ( 4, 4 ),
 ( 0.0000000000000000000, 1.000000000000000000 ),
 .UNSPECIFIED. ) ;
#7405 = DIRECTION ( 'NONE',  ( -1.000000000000000000, -0.0000000000000000000, -0.0000000000000000000 ) ) ;
#7406 = DIRECTION ( 'NONE',  ( 1.000000000000000000, 0.0000000000000000000, -0.0000000000000000000 ) ) ;
#7407 = AXIS2_PLACEMENT_3D ( 'NONE', #3074, #7379, #3689 ) ;
#7408 = EDGE_CURVE ( 'NONE', #4612, #1547, #7218, .T. ) ;
#7409 = CARTESIAN_POINT ( 'NONE',  ( -0.3886199999999958000, 0.03047999999999999300, 1.541780000000000200 ) ) ;
#7410 = AXIS2_PLACEMENT_3D ( 'NONE', #6328, #1292, #2947 ) ;
#7411 = EDGE_CURVE ( 'NONE', #3204, #5531, #5889, .T. ) ;
#7412 = DIRECTION ( 'NONE',  ( 0.0000000000000000000, -1.000000000000000000, 0.0000000000000000000 ) ) ;
#7413 = CARTESIAN_POINT ( 'NONE',  ( 2.247900000000000900, 5.421010862427522200E-017, 0.4952999999999996300 ) ) ;
#7414 = CARTESIAN_POINT ( 'NONE',  ( -1.866900000000000000, 0.5968999999999998800, -1.473200000000000100 ) ) ;
#7415 = CARTESIAN_POINT ( 'NONE',  ( 1.572260000000000900, 0.0000000000000000000, 0.4952999999999996300 ) ) ;
#7416 = CARTESIAN_POINT ( 'NONE',  ( -2.247900000000000500, 0.6299199999999998100, 0.5257799999999995800 ) ) ;
#7417 = VERTEX_POINT ( 'NONE', #3961 ) ;
#7418 = ORIENTED_EDGE ( 'NONE', *, *, #4882, .T. ) ;
#7419 = CARTESIAN_POINT ( 'NONE',  ( -1.814324031308891300, 1.417319999999999900, -0.3207033159505038900 ) ) ;
#7420 = CARTESIAN_POINT ( 'NONE',  ( 0.4190999999999958600, 0.08890000000000004800, 1.523925229381132100 ) ) ;
#7421 = ADVANCED_FACE ( 'NONE', ( #2813 ), #1479, .F. ) ;
#7422 = CARTESIAN_POINT ( 'NONE',  ( 1.483397385309444900, 0.6603999999999997600, -1.483397385309431100 ) ) ;
#7423 = VECTOR ( 'NONE', #47, 1000.000000000000000 ) ;
#7424 = CARTESIAN_POINT ( 'NONE',  ( 1.572260000000000900, 0.0000000000000000000, -0.4953000000000003000 ) ) ;
#7425 = ORIENTED_EDGE ( 'NONE', *, *, #2605, .F. ) ;
#7426 = ORIENTED_EDGE ( 'NONE', *, *, #1476, .T. ) ;
#7427 = AXIS2_PLACEMENT_3D ( 'NONE', #7174, #3487, #7784 ) ;
#7428 = DIRECTION ( 'NONE',  ( 0.0000000000000000000, 1.000000000000000000, 0.0000000000000000000 ) ) ;
#7429 = AXIS2_PLACEMENT_3D ( 'NONE', #1148, #7325, #5459 ) ;
#7430 = CARTESIAN_POINT ( 'NONE',  ( -0.4317252293811276700, -1.082636358311556300E-019, -1.516529541237736600 ) ) ;
#7431 = VECTOR ( 'NONE', #6147, 1000.000000000000100 ) ;
#7432 = CARTESIAN_POINT ( 'NONE',  ( 2.217420000000001100, 0.6299199999999998100, -0.5257800000000004700 ) ) ;
#7433 = EDGE_CURVE ( 'NONE', #526, #5307, #7522, .T. ) ;
#7434 = CARTESIAN_POINT ( 'NONE',  ( 0.4334411414813526500, 0.6908799999999998300, -1.540379439252336400 ) ) ;
#7435 = DIRECTION ( 'NONE',  ( 0.0000000000000000000, 1.000000000000000000, 0.0000000000000000000 ) ) ;
#7436 = ORIENTED_EDGE ( 'NONE', *, *, #7736, .F. ) ;
#7437 = CARTESIAN_POINT ( 'NONE',  ( -1.474565169401948200, 0.6908799999999998300, -0.8889999999999996800 ) ) ;
#7438 = FACE_OUTER_BOUND ( 'NONE', #1528, .T. ) ;
#7439 = DIRECTION ( 'NONE',  ( 0.0000000000000000000, 1.000000000000000000, 0.0000000000000000000 ) ) ;
#7440 = CARTESIAN_POINT ( 'NONE',  ( -1.657081973784439100, 0.6787235196596093100, -0.4953000000012322500 ) ) ;
#7441 = B_SPLINE_CURVE_WITH_KNOTS ( 'NONE', 3,
 ( #6598, #4733, #2910, #502, #1712, #1242, #1401, #2, #5755, #679, #4711, #1930, #7768, #5783, #3313, #243 ),
 .UNSPECIFIED., .F., .F.,
 ( 4, 3, 3, 3, 3, 4 ),
 ( 0.0000000000000000000, 9.962611594555197500E-006, 1.991353853370374300E-005, 3.009489475371597000E-005, 4.064311513802720200E-005, 4.237248123240821200E-005 ),
 .UNSPECIFIED. ) ;
#7442 = DIRECTION ( 'NONE',  ( 0.0000000000000000000, -0.0000000000000000000, 1.000000000000000000 ) ) ;
#7443 = AXIS2_PLACEMENT_3D ( 'NONE', #7432, #7412, #7115 ) ;
#7444 = PLANE ( 'NONE',  #5934 ) ;
#7445 = CIRCLE ( 'NONE', #6889, 1.600200000000000100 ) ;
#7446 = CARTESIAN_POINT ( 'NONE',  ( 1.544242545894418700, 0.9144000000000001000, -0.4194699029126214300 ) ) ;
#7447 = LINE ( 'NONE', #37, #5618 ) ;
#7448 = DIRECTION ( 'NONE',  ( 1.000000000000000000, -2.128933910274521100E-016, 0.0000000000000000000 ) ) ;
#7449 = VERTEX_POINT ( 'NONE', #3364 ) ;
#7450 = EDGE_LOOP ( 'NONE', ( #3677, #1285, #1825, #3345 ) ) ;
#7451 = CARTESIAN_POINT ( 'NONE',  ( 0.8509000000000003200, 0.08890000000000000700, -0.4953000000000003000 ) ) ;
#7452 = LINE ( 'NONE', #7422, #902 ) ;
#7453 = EDGE_CURVE ( 'NONE', #5062, #7842, #2613, .T. ) ;
#7454 = EDGE_CURVE ( 'NONE', #6657, #4148, #975, .T. ) ;
#7455 = CARTESIAN_POINT ( 'NONE',  ( 0.0000000000000000000, 0.6908799999999996100, 0.0000000000000000000 ) ) ;
#7456 = CARTESIAN_POINT ( 'NONE',  ( 1.418728709932699500, 0.6514891718355785300, 1.582176968980230100 ) ) ;
#7457 = CARTESIAN_POINT ( 'NONE',  ( 0.3108362295486167800, 0.7238999999999995400, -1.600199999999999800 ) ) ;
#7458 = CARTESIAN_POINT ( 'NONE',  ( -1.866900000000000000, 0.6095999999999999200, -1.219199999999999800 ) ) ;
#7459 = ORIENTED_EDGE ( 'NONE', *, *, #1645, .F. ) ;
#7460 = CARTESIAN_POINT ( 'NONE',  ( -1.686450975391814000, 0.6603999999999996500, -0.4952999999999998500 ) ) ;
#7461 = CARTESIAN_POINT ( 'NONE',  ( 1.104827009083322500, 7.512325129353056000, 0.01270000000000008800 ) ) ;
#7462 = VERTEX_POINT ( 'NONE', #1531 ) ;
#7463 = LINE ( 'NONE', #2561, #5823 ) ;
#7464 = EDGE_LOOP ( 'NONE', ( #7906, #3967, #615, #5010, #2033, #5628, #7562, #4286 ) ) ;
#7465 = CARTESIAN_POINT ( 'NONE',  ( 1.525257054303965000, 1.078280582838686100, 0.3436527039806371300 ) ) ;
#7466 = VERTEX_POINT ( 'NONE', #7055 ) ;
#7467 = ADVANCED_FACE ( 'NONE', ( #2407, #4058 ), #5838, .F. ) ;
#7468 = CARTESIAN_POINT ( 'NONE',  ( -1.463489722546762500, 0.6603999999999995400, -0.9194799999999996300 ) ) ;
#7469 = DIRECTION ( 'NONE',  ( 0.0000000000000000000, 0.0000000000000000000, -1.000000000000000000 ) ) ;
#7470 = CARTESIAN_POINT ( 'NONE',  ( -1.658852177138839600, 0.6757556770649443300, -0.4953000000012322500 ) ) ;
#7471 = ORIENTED_EDGE ( 'NONE', *, *, #3700, .F. ) ;
#7472 = CARTESIAN_POINT ( 'NONE',  ( -0.2067595454272466200, 0.6979650973085685900, 1.600200000000000500 ) ) ;
#7473 = CARTESIAN_POINT ( 'NONE',  ( 0.6461384147779184500, 1.417319999999999700, 1.104900000000000200 ) ) ;
#7474 = DIRECTION ( 'NONE',  ( 0.0000000000000000000, 0.0000000000000000000, 1.000000000000000000 ) ) ;
#7475 = CIRCLE ( 'NONE', #2375, 0.03047999999999991000 ) ;
#7476 = VERTEX_POINT ( 'NONE', #7086 ) ;
#7477 = CARTESIAN_POINT ( 'NONE',  ( -0.3886199999999958000, 0.03047999999999999300, -1.541780000000000400 ) ) ;
#7478 = EDGE_CURVE ( 'NONE', #6271, #2632, #5782, .T. ) ;
#7479 = DIRECTION ( 'NONE',  ( 0.0000000000000000000, -0.0000000000000000000, -1.000000000000000000 ) ) ;
#7480 = ORIENTED_EDGE ( 'NONE', *, *, #6043, .T. ) ;
#7481 = LINE ( 'NONE', #216, #5842 ) ;
#7482 = CARTESIAN_POINT ( 'NONE',  ( -1.561722890262177800, 0.6730252293811314100, -0.7513038538825850300 ) ) ;
#7483 = VECTOR ( 'NONE', #3298, 1000.000000000000000 ) ;
#7484 = CARTESIAN_POINT ( 'NONE',  ( 1.397074770618876600, 0.6605681812515678000, 1.587420421975473500 ) ) ;
#7485 = CARTESIAN_POINT ( 'NONE',  ( 0.05183254022505616500, 0.7166784964973034200, -1.600200000000000100 ) ) ;
#7486 = ORIENTED_EDGE ( 'NONE', *, *, #7177, .F. ) ;
#7487 = CYLINDRICAL_SURFACE ( 'NONE', #6323, 0.03048000000000004900 ) ;
#7488 = CARTESIAN_POINT ( 'NONE',  ( -1.645922290764478400, 0.6603999999999995400, -0.6332964460349639300 ) ) ;
#7489 = CIRCLE ( 'NONE', #5293, 0.03048000000000004900 ) ;
#7490 = LINE ( 'NONE', #1841, #5851 ) ;
#7491 = ORIENTED_EDGE ( 'NONE', *, *, #3467, .F. ) ;
#7492 = CARTESIAN_POINT ( 'NONE',  ( -0.4191000000406372400, 0.6752311130950674500, -1.548490069404781200 ) ) ;
#7493 = DIRECTION ( 'NONE',  ( 0.7071067811865510100, 0.0000000000000000000, -0.7071067811865440200 ) ) ;
#7494 = ORIENTED_EDGE ( 'NONE', *, *, #5488, .F. ) ;
#7495 = CARTESIAN_POINT ( 'NONE',  ( -1.660697701650029100, 0.6726615544376253200, -0.4953000000012322500 ) ) ;
#7496 =( BOUNDED_CURVE ( )  B_SPLINE_CURVE ( 3, ( #3817, #5049, #7488, #7460 ),
 .UNSPECIFIED., .F., .T. )
 B_SPLINE_CURVE_WITH_KNOTS ( ( 4, 4 ),
 ( 0.0000000000000000000, 1.000000000000000000 ),
 .UNSPECIFIED. )
 CURVE ( )  GEOMETRIC_REPRESENTATION_ITEM ( )  RATIONAL_B_SPLINE_CURVE ( ( 1.000000000000000000, 0.9950096304169522300, 0.9950096304169522300, 1.000000000000000000 ) )
 REPRESENTATION_ITEM ( '' )  );
#7497 = CIRCLE ( 'NONE', #7000, 0.2540000000000001100 ) ;
#7498 = FACE_OUTER_BOUND ( 'NONE', #3065, .T. ) ;
#7499 = VERTEX_POINT ( 'NONE', #1556 ) ;
#7500 = VERTEX_POINT ( 'NONE', #4043 ) ;
#7501 = CARTESIAN_POINT ( 'NONE',  ( 0.9585390488232663500, 0.6603999999999998800, -1.405739792028321000 ) ) ;
#7502 = CARTESIAN_POINT ( 'NONE',  ( -1.654659406041013800, 7.512325129353056000, -0.4953000000000001800 ) ) ;
#7503 = CARTESIAN_POINT ( 'NONE',  ( 1.418728709932699300, 0.009030141234863580200, 1.569517833857913400 ) ) ;
#7504 = ADVANCED_FACE ( 'NONE', ( #7143 ), #4359, .T. ) ;
#7505 = DIRECTION ( 'NONE',  ( -0.0000000000000000000, -0.0000000000000000000, -1.000000000000000000 ) ) ;
#7506 = CARTESIAN_POINT ( 'NONE',  ( -2.247900000000000000, 0.03048000000000004900, -1.569720000000000000 ) ) ;
#7507 = CARTESIAN_POINT ( 'NONE',  ( 1.572260000000000900, 0.05587999999999969400, -0.4953000000000003000 ) ) ;
#7508 = EDGE_CURVE ( 'NONE', #3371, #5332, #2928, .T. ) ;
#7509 = MECHANICAL_DESIGN_GEOMETRIC_PRESENTATION_REPRESENTATION (  '', ( #6280 ), #7887 ) ;
#7510 = CARTESIAN_POINT ( 'NONE',  ( 2.217132737020558700, 0.6603986462950807200, -0.7493747706188674800 ) ) ;
#7511 = DIRECTION ( 'NONE',  ( 0.0000000000000000000, 0.0000000000000000000, -1.000000000000000000 ) ) ;
#7512 =( BOUNDED_CURVE ( )  B_SPLINE_CURVE ( 3, ( #4383, #5592, #5012, #1310 ),
 .UNSPECIFIED., .F., .T. )
 B_SPLINE_CURVE_WITH_KNOTS ( ( 4, 4 ),
 ( 3.243904813563615700, 4.712388980384691500 ),
 .UNSPECIFIED. )
 CURVE ( )  GEOMETRIC_REPRESENTATION_ITEM ( )  RATIONAL_B_SPLINE_CURVE ( ( 1.000000000000000000, 0.8282258596105962500, 0.8282258596105962500, 1.000000000000000000 ) )
 REPRESENTATION_ITEM ( '' )  );
#7513 = COLOUR_RGB ( '',0.7921568627450980000, 0.8196078431372548800, 0.9333333333333333500 ) ;
#7514 = CARTESIAN_POINT ( 'NONE',  ( 0.4190999999999957500, 0.08890000000000000700, 1.600200000000000100 ) ) ;
#7515 = CARTESIAN_POINT ( 'NONE',  ( -1.663140459585193100, 0.6698636034036239400, -0.4953000000006391700 ) ) ;
#7516 = VERTEX_POINT ( 'NONE', #350 ) ;
#7517 = ORIENTED_EDGE ( 'NONE', *, *, #249, .F. ) ;
#7518 = DIRECTION ( 'NONE',  ( 0.0000000000000000000, 1.000000000000000000, 0.0000000000000000000 ) ) ;
#7519 = DIRECTION ( 'NONE',  ( 0.5638629283489095000, 0.0000000000000000000, -0.8258683902619063900 ) ) ;
#7520 = EDGE_CURVE ( 'NONE', #143, #734, #2225, .T. ) ;
#7521 = VECTOR ( 'NONE', #3192, 1000.000000000000000 ) ;
#7522 = LINE ( 'NONE', #2747, #4637 ) ;
#7523 = CARTESIAN_POINT ( 'NONE',  ( 0.2285999999999999700, 1.447800000000000000, -0.6600335521774631800 ) ) ;
#7524 = CARTESIAN_POINT ( 'NONE',  ( 0.4190999999999959200, 0.03048000000000002400, 1.587574770618868100 ) ) ;
#7525 = ORIENTED_EDGE ( 'NONE', *, *, #2881, .F. ) ;
#7526 = LINE ( 'NONE', #3618, #5695 ) ;
#7527 = CARTESIAN_POINT ( 'NONE',  ( -1.017169172017168500, 1.417319999999999700, -1.348115109301483100 ) ) ;
#7528 = VECTOR ( 'NONE', #6902, 1000.000000000000000 ) ;
#7529 =( BOUNDED_CURVE ( )  B_SPLINE_CURVE ( 3, ( #954, #4639, #5879, #2186 ),
 .UNSPECIFIED., .F., .T. )
 B_SPLINE_CURVE_WITH_KNOTS ( ( 4, 4 ),
 ( 0.0000000000000000000, 1.000000000000000000 ),
 .UNSPECIFIED. )
 CURVE ( )  GEOMETRIC_REPRESENTATION_ITEM ( )  RATIONAL_B_SPLINE_CURVE ( ( 1.000000000000000000, 0.3333333333333332000, 0.3333333333333332000, 1.000000000000000000 ) )
 REPRESENTATION_ITEM ( '' )  );
#7530 = AXIS2_PLACEMENT_3D ( 'NONE', #5685, #1990, #6307 ) ;
#7531 = CARTESIAN_POINT ( 'NONE',  ( 2.217420000000001100, 0.0000000000000000000, 0.0000000000000000000 ) ) ;
#7532 = CARTESIAN_POINT ( 'NONE',  ( 0.4190999999999962500, 0.6603999999999998800, -1.569720000000000000 ) ) ;
#7533 = VERTEX_POINT ( 'NONE', #2860 ) ;
#7534 = CIRCLE ( 'NONE', #621, 0.03048000000000004900 ) ;
#7535 = CARTESIAN_POINT ( 'NONE',  ( 1.569660074587722300, 1.295187772303129500, 0.01269998298494384400 ) ) ;
#7536 = EDGE_CURVE ( 'NONE', #1806, #3420, #1492, .T. ) ;
#7537 = ADVANCED_FACE ( 'NONE', ( #5493 ), #3674, .T. ) ;
#7538 = ORIENTED_EDGE ( 'NONE', *, *, #7453, .T. ) ;
#7539 = CARTESIAN_POINT ( 'NONE',  ( 0.4495799999999958700, 0.0000000000000000000, 0.0000000000000000000 ) ) ;
#7540 = CARTESIAN_POINT ( 'NONE',  ( -2.235274770618868300, 0.03048000000000004200, 1.600200000000000100 ) ) ;
#7541 = LINE ( 'NONE', #7896, #2833 ) ;
#7542 = CARTESIAN_POINT ( 'NONE',  ( -2.235274770618868300, 0.6603999999999997600, -1.587574770618868300 ) ) ;
#7543 = CARTESIAN_POINT ( 'NONE',  ( -0.2285999999999999700, 1.447800000000000000, -0.2492998462360804800 ) ) ;
#7544 = CIRCLE ( 'NONE', #6440, 0.03047999999999996200 ) ;
#7545 = CARTESIAN_POINT ( 'NONE',  ( -0.4265261278563276000, 0.6603467773492725000, 1.571798981196045600 ) ) ;
#7546 = ORIENTED_EDGE ( 'NONE', *, *, #3654, .F. ) ;
#7547 = DIRECTION ( 'NONE',  ( -1.000000000000000000, -0.0000000000000000000, -0.0000000000000000000 ) ) ;
#7548 = EDGE_LOOP ( 'NONE', ( #2291, #2746, #2849, #3142 ) ) ;
#7549 = VECTOR ( 'NONE', #1455, 1000.000000000000000 ) ;
#7550 = ORIENTED_EDGE ( 'NONE', *, *, #4246, .T. ) ;
#7551 = DIRECTION ( 'NONE',  ( 0.0000000000000000000, 0.0000000000000000000, -1.000000000000000000 ) ) ;
#7552 = AXIS2_PLACEMENT_3D ( 'NONE', #4077, #4000, #3972 ) ;
#7553 = EDGE_CURVE ( 'NONE', #2259, #5458, #106, .T. ) ;
#7554 = CARTESIAN_POINT ( 'NONE',  ( -0.5398216672467338600, 1.417319999999999700, -1.600199999999999600 ) ) ;
#7555 = ORIENTED_EDGE ( 'NONE', *, *, #5540, .F. ) ;
#7556 = EDGE_CURVE ( 'NONE', #5576, #3721, #1271, .T. ) ;
#7557 = ORIENTED_EDGE ( 'NONE', *, *, #554, .F. ) ;
#7558 = LINE ( 'NONE', #408, #7178 ) ;
#7559 = CARTESIAN_POINT ( 'NONE',  ( 2.247900000000000900, 0.6299199999999998100, -0.5257800000000002500 ) ) ;
#7560 = CARTESIAN_POINT ( 'NONE',  ( 2.247900000000001300, 0.03048000000000004500, -0.7493747706188677000 ) ) ;
#7561 = VERTEX_POINT ( 'NONE', #4731 ) ;
#7562 = ORIENTED_EDGE ( 'NONE', *, *, #4958, .T. ) ;
#7563 = VERTEX_POINT ( 'NONE', #7236 ) ;
#7564 = ORIENTED_EDGE ( 'NONE', *, *, #2881, .T. ) ;
#7565 = CARTESIAN_POINT ( 'NONE',  ( 0.4190999999999962000, 0.08890000000000000700, -1.600200000000000500 ) ) ;
#7566 =( GEOMETRIC_REPRESENTATION_CONTEXT ( 3 ) GLOBAL_UNCERTAINTY_ASSIGNED_CONTEXT ( ( #1516 ) ) GLOBAL_UNIT_ASSIGNED_CONTEXT ( ( #5233, #1546, #5858 ) ) REPRESENTATION_CONTEXT ( 'NONE', 'WORKASPACE' ) );
#7567 = CARTESIAN_POINT ( 'NONE',  ( 0.2182758837303104500, 1.437278975515723600, -0.6902078299916275500 ) ) ;
#7568 = ORIENTED_EDGE ( 'NONE', *, *, #3886, .T. ) ;
#7569 = DIRECTION ( 'NONE',  ( 1.000000000000000000, 0.0000000000000000000, 0.0000000000000000000 ) ) ;
#7570 = CARTESIAN_POINT ( 'NONE',  ( 2.235120421975475700, 0.6478732889150996500, -0.7800229518704355800 ) ) ;
#7571 = CARTESIAN_POINT ( 'NONE',  ( -1.002845648063622100, 1.447800000000000000, 0.4154504157498401500 ) ) ;
#7572 = LINE ( 'NONE', #1460, #7390 ) ;
#7573 = LINE ( 'NONE', #338, #5945 ) ;
#7574 = EDGE_CURVE ( 'NONE', #6696, #7759, #4258, .T. ) ;
#7575 = AXIS2_PLACEMENT_3D ( 'NONE', #2000, #6313, #2624 ) ;
#7576 = ADVANCED_FACE ( 'NONE', ( #5122 ), #7840, .T. ) ;
#7577 = EDGE_LOOP ( 'NONE', ( #1025, #5955, #3454, #1636 ) ) ;
#7578 = ORIENTED_EDGE ( 'NONE', *, *, #7359, .T. ) ;
#7579 = CARTESIAN_POINT ( 'NONE',  ( -4.336808689942017700E-016, 1.447799999999999800, -1.569720000000000000 ) ) ;
#7580 = FACE_OUTER_BOUND ( 'NONE', #2831, .T. ) ;
#7581 = EDGE_CURVE ( 'NONE', #4396, #5371, #2019, .T. ) ;
#7582 = LINE ( 'NONE', #2901, #1041 ) ;
#7583 = CARTESIAN_POINT ( 'NONE',  ( 2.217132737020558700, 0.03048000000000004900, -0.7798534169139482700 ) ) ;
#7584 = DIRECTION ( 'NONE',  ( 0.0000000000000000000, 0.0000000000000000000, 1.000000000000000000 ) ) ;
#7585 = CARTESIAN_POINT ( 'NONE',  ( -2.737147390256030000E-016, 1.447799999999999500, -1.117525229381132000 ) ) ;
#7586 = EDGE_LOOP ( 'NONE', ( #2358, #1331, #4993, #1068 ) ) ;
#7587 = CARTESIAN_POINT ( 'NONE',  ( -1.665796172759949500, 0.6674846689965173700, 0.4953000000000155600 ) ) ;
#7588 = CARTESIAN_POINT ( 'NONE',  ( -1.297939999999999600, 0.6603999999999997600, -0.9347199999999998800 ) ) ;
#7589 = MANIFOLD_SOLID_BREP ( 'ID Mark', #5032 ) ;
#7590 = CARTESIAN_POINT ( 'NONE',  ( -1.346727066632285700, 0.6908799999999994900, -0.9194799999999995200 ) ) ;
#7591 = FACE_OUTER_BOUND ( 'NONE', #6518, .T. ) ;
#7592 = ORIENTED_EDGE ( 'NONE', *, *, #3825, .T. ) ;
#7593 = CARTESIAN_POINT ( 'NONE',  ( 1.579891576332300500, 1.296906658708864200, -0.01270000000103311200 ) ) ;
#7594 = DIRECTION ( 'NONE',  ( 0.0000000000000000000, 0.0000000000000000000, -1.000000000000000000 ) ) ;
#7595 = DIRECTION ( 'NONE',  ( -0.0000000000000000000, 0.0000000000000000000, 1.000000000000000000 ) ) ;
#7596 = DIRECTION ( 'NONE',  ( 0.0000000000000000000, 0.0000000000000000000, 1.000000000000000000 ) ) ;
#7597 = CARTESIAN_POINT ( 'NONE',  ( 1.039312762538662400, 1.437278975515723600, -0.4305577035952888300 ) ) ;
#7598 = CARTESIAN_POINT ( 'NONE',  ( -1.460500000000000100, 0.6603999999999998800, 0.4952999999999996300 ) ) ;
#7599 = DIRECTION ( 'NONE',  ( 0.0000000000000000000, -1.000000000000000000, 0.0000000000000000000 ) ) ;
#7600 = AXIS2_PLACEMENT_3D ( 'NONE', #2459, #2430, #1943 ) ;
#7601 = B_SPLINE_CURVE_WITH_KNOTS ( 'NONE', 3,
 ( #7053, #6430, #7663, #3978, #323, #4602, #907, #5213, #1529, #5835, #2139, #6456, #2772, #7078, #3387, #7690, #4014, #345, #4621, #937, #5237, #1550, #5867, #2169, #6483, #2800, #7107, #3414, #7714, #4039, #370, #4647, #964, #5266, #1579, #5888, #2202, #6512, #2824 ),
 .UNSPECIFIED., .F., .F.,
 ( 4, 2, 2, 2, 2, 2, 2, 1, 1, 2, 2, 2, 2, 2, 2, 2, 2, 1, 2, 2, 4 ),
 ( 0.0000000000000000000, 0.2500000000000041600, 0.3750000000000062200, 0.4375000000000079400, 0.5000000000000096600, 0.6250000000000134300, 0.6875000000000152100, 0.7187500000000166500, 0.7343750000000173200, 0.7421875000000174300, 0.7500000000000176500, 0.8125000000000157700, 0.8437500000000155400, 0.8593750000000143200, 0.8750000000000131000, 0.9062500000000116600, 0.9218750000000108800, 0.9296875000000107700, 0.9335937500000105500, 0.9375000000000103300, 1.000000000000000000 ),
 .UNSPECIFIED. ) ;
#7602 = CARTESIAN_POINT ( 'NONE',  ( 0.4190999999999958600, 0.02002091752452776100, 1.587574770618868100 ) ) ;
#7603 = EDGE_CURVE ( 'NONE', #5453, #3512, #2902, .T. ) ;
#7604 = DIRECTION ( 'NONE',  ( 0.0000000000000000000, 1.000000000000000000, 0.0000000000000000000 ) ) ;
#7605 = ORIENTED_EDGE ( 'NONE', *, *, #4703, .F. ) ;
#7606 = CARTESIAN_POINT ( 'NONE',  ( 0.0000000000000000000, 0.6603999999999998800, 1.569720000000000000 ) ) ;
#7607 = ORIENTED_EDGE ( 'NONE', *, *, #7197, .T. ) ;
#7608 = DIRECTION ( 'NONE',  ( 0.0000000000000000000, -1.000000000000000000, 0.0000000000000000000 ) ) ;
#7609 = CARTESIAN_POINT ( 'NONE',  ( -1.866900000000000000, 0.6603999999999997600, -0.9347199999999997700 ) ) ;
#7610 = DIRECTION ( 'NONE',  ( -0.0000000000000000000, -1.000000000000000000, -0.0000000000000000000 ) ) ;
#7611 = CARTESIAN_POINT ( 'NONE',  ( 0.0000000000000000000, 0.0000000000000000000, -1.569720000000000000 ) ) ;
#7612 = VECTOR ( 'NONE', #2319, 1000.000000000000000 ) ;
#7613 = EDGE_LOOP ( 'NONE', ( #3028, #6905, #4957, #4975, #4492, #3554, #5557, #1254, #6781, #7328, #2472, #5172, #704, #4282, #5744 ) ) ;
#7614 = VERTEX_POINT ( 'NONE', #2349 ) ;
#7615 = ADVANCED_FACE ( 'NONE', ( #3481 ), #6053, .F. ) ;
#7616 = ORIENTED_EDGE ( 'NONE', *, *, #7536, .F. ) ;
#7617 = FACE_OUTER_BOUND ( 'NONE', #2932, .T. ) ;
#7618 = CARTESIAN_POINT ( 'NONE',  ( 0.4317252293811276700, -1.082636358311556300E-019, 1.516529541237736200 ) ) ;
#7619 = FACE_OUTER_BOUND ( 'NONE', #1917, .T. ) ;
#7620 = CARTESIAN_POINT ( 'NONE',  ( 1.516380000000000500, 1.130299999999999900, -0.3810395180039390400 ) ) ;
#7621 = PLANE ( 'NONE',  #2989 ) ;
#7622 = DIRECTION ( 'NONE',  ( 0.0000000000000000000, 0.0000000000000000000, 1.000000000000000000 ) ) ;
#7623 = AXIS2_PLACEMENT_3D ( 'NONE', #6799, #1276, #5586 ) ;
#7624 = EDGE_CURVE ( 'NONE', #5128, #2219, #5981, .T. ) ;
#7625 = AXIS2_PLACEMENT_3D ( 'NONE', #6049, #6080, #7870 ) ;
#7626 = PLANE ( 'NONE',  #3019 ) ;
#7627 = CARTESIAN_POINT ( 'NONE',  ( 0.3886199999999958000, 0.05842000000000000000, 1.511300000000000100 ) ) ;
#7628 = ADVANCED_FACE ( 'NONE', ( #1066 ), #546, .T. ) ;
#7629 = ORIENTED_EDGE ( 'NONE', *, *, #7375, .F. ) ;
#7630 = DIRECTION ( 'NONE',  ( 0.0000000000000000000, -1.000000000000000000, -0.0000000000000000000 ) ) ;
#7631 = VECTOR ( 'NONE', #767, 1000.000000000000000 ) ;
#7632 = CARTESIAN_POINT ( 'NONE',  ( 0.4190999999999958600, 0.01262522938113210500, 1.580179082475472200 ) ) ;
#7633 = CARTESIAN_POINT ( 'NONE',  ( 0.0000000000000000000, 3.495298395603767100, 0.0000000000000000000 ) ) ;
#7634 = FACE_OUTER_BOUND ( 'NONE', #2163, .T. ) ;
#7635 = AXIS2_PLACEMENT_3D ( 'NONE', #4317, #4961, #1265 ) ;
#7636 = CARTESIAN_POINT ( 'NONE',  ( 1.585845499841101300, 1.299785784299431100, 0.01269999999999993900 ) ) ;
#7637 = CARTESIAN_POINT ( 'NONE',  ( 1.572260000000000900, 0.05588000000000014500, 0.4952999999999996300 ) ) ;
#7638 = CARTESIAN_POINT ( 'NONE',  ( -1.668617379607565800, 0.6656511326689014100, 0.4953000000000155600 ) ) ;
#7639 = AXIS2_PLACEMENT_3D ( 'NONE', #4206, #3588, #4813 ) ;
#7640 = CARTESIAN_POINT ( 'NONE',  ( 2.247900000000000900, 0.05587999999999969400, 0.4952999999999996300 ) ) ;
#7641 = EDGE_LOOP ( 'NONE', ( #2850, #7882, #6780, #1215 ) ) ;
#7642 = ORIENTED_EDGE ( 'NONE', *, *, #3201, .F. ) ;
#7643 = CIRCLE ( 'NONE', #7754, 1.600200000000000100 ) ;
#7644 = ORIENTED_EDGE ( 'NONE', *, *, #1522, .T. ) ;
#7645 =( BOUNDED_CURVE ( )  B_SPLINE_CURVE ( 3, ( #1478, #403, #5294, #1609 ),
 .UNSPECIFIED., .F., .F. )
 B_SPLINE_CURVE_WITH_KNOTS ( ( 4, 4 ),
 ( 0.0000000000000000000, 1.000000000000000000 ),
 .UNSPECIFIED. )
 CURVE ( )  GEOMETRIC_REPRESENTATION_ITEM ( )  RATIONAL_B_SPLINE_CURVE ( ( 1.000000000000000000, 0.8136182765147546000, 0.8136182765147546000, 1.000000000000000000 ) )
 REPRESENTATION_ITEM ( '' )  );
#7646 = CARTESIAN_POINT ( 'NONE',  ( 1.460500000000000100, 0.0000000000000000000, -0.4953000000000003000 ) ) ;
#7647 = ORIENTED_EDGE ( 'NONE', *, *, #1456, .T. ) ;
#7648 = DIRECTION ( 'NONE',  ( 0.0000000000000000000, 0.0000000000000000000, 1.000000000000000000 ) ) ;
#7649 = DIRECTION ( 'NONE',  ( -0.0000000000000000000, -0.0000000000000000000, -1.000000000000000000 ) ) ;
#7650 = CARTESIAN_POINT ( 'NONE',  ( 0.4190999999999962000, 7.512325129353056000, -1.544342976802757900 ) ) ;
#7651 = ORIENTED_EDGE ( 'NONE', *, *, #2823, .F. ) ;
#7652 = VERTEX_POINT ( 'NONE', #2382 ) ;
#7653 = CLOSED_SHELL ( 'NONE', ( #1649, #3846, #925, #4322, #3382, #3432, #4358, #6763, #7874, #263, #1330, #884, #1365, #1846, #7421 ) ) ;
#7654 = CARTESIAN_POINT ( 'NONE',  ( 2.247900000000000000, 0.6603999999999998800, -0.4953000000000003000 ) ) ;
#7655 = CARTESIAN_POINT ( 'NONE',  ( 1.533812672252937000, 0.6293330548018565300, 0.4561345486107241700 ) ) ;
#7656 = CARTESIAN_POINT ( 'NONE',  ( 0.3886199999999961900, 0.6299199999999998100, -1.600200000000000100 ) ) ;
#7657 = VERTEX_POINT ( 'NONE', #7872 ) ;
#7658 = CARTESIAN_POINT ( 'NONE',  ( 0.4190999999999959200, 0.01262522938113197800, 1.569720000000000200 ) ) ;
#7659 = ADVANCED_FACE ( 'NONE', ( #4346 ), #6699, .F. ) ;
#7660 = LINE ( 'NONE', #6301, #1968 ) ;
#7661 = EDGE_LOOP ( 'NONE', ( #5514, #574, #5320, #2541, #4486 ) ) ;
#7662 = EDGE_CURVE ( 'NONE', #3160, #2086, #5788, .T. ) ;
#7663 = CARTESIAN_POINT ( 'NONE',  ( 1.562812896583217500, 1.271324462737056300, -0.1391039661325689000 ) ) ;
#7664 = CARTESIAN_POINT ( 'NONE',  ( 1.600148927824310400, 1.323340713772861900, 0.01269999999943888200 ) ) ;
#7665 = DIRECTION ( 'NONE',  ( 0.0000000000000000000, 0.0000000000000000000, 1.000000000000000000 ) ) ;
#7666 = ADVANCED_FACE ( 'NONE', ( #2502 ), #6408, .T. ) ;
#7667 = CARTESIAN_POINT ( 'NONE',  ( 0.3886199999999958000, 0.7238999999999998800, 1.569720000000000000 ) ) ;
#7668 = ORIENTED_EDGE ( 'NONE', *, *, #4966, .F. ) ;
#7669 = CIRCLE ( 'NONE', #5168, 0.2540000000000001100 ) ;
#7670 = CIRCLE ( 'NONE', #2467, 0.03048000000000004900 ) ;
#7671 = AXIS2_PLACEMENT_3D ( 'NONE', #2595, #5082, #1384 ) ;
#7672 = DIRECTION ( 'NONE',  ( 0.0000000000000000000, -1.000000000000000000, 0.0000000000000000000 ) ) ;
#7673 = ORIENTED_EDGE ( 'NONE', *, *, #6541, .T. ) ;
#7674 = VECTOR ( 'NONE', #3994, 1000.000000000000000 ) ;
#7675 = VECTOR ( 'NONE', #5990, 1000.000000000000000 ) ;
#7676 = CARTESIAN_POINT ( 'NONE',  ( 1.514738666078486500, 0.6908799999999996100, 0.5159523364485980600 ) ) ;
#7677 = CARTESIAN_POINT ( 'NONE',  ( 0.0000000000000000000, 1.257300000000000300, 0.0000000000000000000 ) ) ;
#7678 = CIRCLE ( 'NONE', #487, 0.03048000000000004900 ) ;
#7679 = ORIENTED_EDGE ( 'NONE', *, *, #4620, .T. ) ;
#7680 = CARTESIAN_POINT ( 'NONE',  ( 0.3886199999999958000, 0.03047999999999999300, 1.511300000000000100 ) ) ;
#7681 = CARTESIAN_POINT ( 'NONE',  ( -0.4491956363863623400, 0.0000000000000000000, 1.507316773253226900 ) ) ;
#7682 = DIRECTION ( 'NONE',  ( 0.0000000000000000000, -1.000000000000000000, 0.0000000000000000000 ) ) ;
#7683 = ORIENTED_EDGE ( 'NONE', *, *, #5781, .F. ) ;
#7684 = CARTESIAN_POINT ( 'NONE',  ( 0.4190999999999958600, 0.03047999999999999700, 1.569720000000000000 ) ) ;
#7685 = FACE_OUTER_BOUND ( 'NONE', #5527, .T. ) ;
#7686 = CIRCLE ( 'NONE', #264, 1.104900000000000000 ) ;
#7687 = ORIENTED_EDGE ( 'NONE', *, *, #4911, .T. ) ;
#7688 = CARTESIAN_POINT ( 'NONE',  ( 1.543776960508291400, 1.189863485910601400, 0.2632312769982368400 ) ) ;
#7689 = EDGE_LOOP ( 'NONE', ( #3122, #2014, #3545, #7222 ) ) ;
#7690 = CARTESIAN_POINT ( 'NONE',  ( 1.529967004656221000, 1.112460962420912100, -0.3252023088330962500 ) ) ;
#7691 = EDGE_CURVE ( 'NONE', #3110, #7372, #2706, .T. ) ;
#7692 = CARTESIAN_POINT ( 'NONE',  ( 1.514828402163096400, 0.6604000000000002100, -0.4114799999999999600 ) ) ;
#7693 = DIRECTION ( 'NONE',  ( 1.000000000000000000, 0.0000000000000000000, 0.0000000000000000000 ) ) ;
#7694 = DIRECTION ( 'NONE',  ( 0.0000000000000000000, -1.000000000000000000, 0.0000000000000000000 ) ) ;
#7695 = CARTESIAN_POINT ( 'NONE',  ( -2.247900000000000900, 0.05587999999999968000, 0.4952999999999996300 ) ) ;
#7696 = CARTESIAN_POINT ( 'NONE',  ( -1.866900000000000000, 0.5968999999999998800, -1.219199999999999800 ) ) ;
#7697 = ORIENTED_EDGE ( 'NONE', *, *, #6324, .T. ) ;
#7698 = CARTESIAN_POINT ( 'NONE',  ( 2.247900000000001800, 0.01249151612450906200, 0.7599121805066342300 ) ) ;
#7699 = DIRECTION ( 'NONE',  ( -0.0000000000000000000, -1.000000000000000000, -0.0000000000000000000 ) ) ;
#7700 = CARTESIAN_POINT ( 'NONE',  ( 1.600149340025623700, 1.325691055589680100, -0.01269998851737189900 ) ) ;
#7701 = DIRECTION ( 'NONE',  ( -0.2708668550689637400, 0.0000000000000000000, 0.9626168224299058700 ) ) ;
#7702 = ADVANCED_FACE ( 'NONE', ( #7232 ), #690, .T. ) ;
#7703 = FACE_OUTER_BOUND ( 'NONE', #5976, .T. ) ;
#7704 = AXIS2_PLACEMENT_3D ( 'NONE', #4243, #3703, #3673 ) ;
#7705 = EDGE_CURVE ( 'NONE', #5156, #1806, #4983, .T. ) ;
#7706 = EDGE_LOOP ( 'NONE', ( #4571, #1497, #1312 ) ) ;
#7707 = CARTESIAN_POINT ( 'NONE',  ( 0.4190999999999958600, 0.03047999999999999700, 1.569719999999999800 ) ) ;
#7708 = EDGE_CURVE ( 'NONE', #4783, #1580, #5596, .T. ) ;
#7709 = EDGE_CURVE ( 'NONE', #3651, #6896, #3966, .T. ) ;
#7710 = APPLICATION_PROTOCOL_DEFINITION ( 'draft international standard', 'automotive_design', 1998, #3411 ) ;
#7711 = ORIENTED_EDGE ( 'NONE', *, *, #5933, .F. ) ;
#7712 = PLANE ( 'NONE',  #6822 ) ;
#7713 = CYLINDRICAL_SURFACE ( 'NONE', #397, 0.03048000000000004900 ) ;
#7714 = CARTESIAN_POINT ( 'NONE',  ( 1.521911870796105700, 1.049523659465412000, -0.3558673935145703100 ) ) ;
#7715 = CIRCLE ( 'NONE', #2115, 1.104900000000000200 ) ;
#7716 = CARTESIAN_POINT ( 'NONE',  ( 0.8509000000000003200, 0.08890000000000000700, 0.4952999999999996300 ) ) ;
#7717 = CARTESIAN_POINT ( 'NONE',  ( -2.374899999999999300, 0.6299199999999998100, -1.473200000000000300 ) ) ;
#7718 = CARTESIAN_POINT ( 'NONE',  ( -0.4190999999999962000, 0.03047999999999999000, 1.523925229381132100 ) ) ;
#7719 = VERTEX_POINT ( 'NONE', #5564 ) ;
#7720 = LINE ( 'NONE', #2288, #6090 ) ;
#7721 = DIRECTION ( 'NONE',  ( 0.0000000000000000000, 0.0000000000000000000, -1.000000000000000000 ) ) ;
#7722 = AXIS2_PLACEMENT_3D ( 'NONE', #3879, #221, #4491 ) ;
#7723 = CARTESIAN_POINT ( 'NONE',  ( -0.05234161262934886700, 0.7202887696139713700, -1.600183333470331300 ) ) ;
#7724 = ORIENTED_EDGE ( 'NONE', *, *, #1540, .T. ) ;
#7725 = CARTESIAN_POINT ( 'NONE',  ( 1.531987334760400300, 0.6604217792955353600, 0.4952923574342846800 ) ) ;
#7726 = LINE ( 'NONE', #1042, #4455 ) ;
#7727 = EDGE_CURVE ( 'NONE', #4782, #2711, #3553, .T. ) ;
#7728 = VERTEX_POINT ( 'NONE', #3119 ) ;
#7729 = DIRECTION ( 'NONE',  ( 0.0000000000000000000, 0.0000000000000000000, -1.000000000000000000 ) ) ;
#7730 = EDGE_LOOP ( 'NONE', ( #1517, #5177, #5597 ) ) ;
#7731 = CARTESIAN_POINT ( 'NONE',  ( -1.358900000000000200, 0.6299199999999998100, 0.9652000000000005000 ) ) ;
#7732 =( BOUNDED_SURFACE ( )  B_SPLINE_SURFACE ( 3, 3, (
 ( #7559, #7189, #7160, #7138 ),
 ( #7088, #6942, #6921, #6895 ),
 ( #6865, #6837, #6810, #6785 ),
 ( #6754, #6571, #6549, #6517 ) ),
 .UNSPECIFIED., .F., .F., .T. )
 B_SPLINE_SURFACE_WITH_KNOTS ( ( 4, 4 ),
 ( 4, 4 ),
 ( 0.0000000000000000000, 1.000000000000000000 ),
 ( 0.0000000000000000000, 1.000000000000000000 ),
 .UNSPECIFIED. )
 GEOMETRIC_REPRESENTATION_ITEM ( )  RATIONAL_B_SPLINE_SURFACE ( (
 ( 1.000000000000000000, 0.8047378541204121000, 0.8047378541204121000, 1.000000000000000000),
 ( 0.8047378541243658300, 0.6476030138575074000, 0.6476030138575074000, 0.8047378541243658300),
 ( 0.8047378541243658300, 0.6476030138575074000, 0.6476030138575074000, 0.8047378541243658300),
 ( 1.000000000000000000, 0.8047378541204121000, 0.8047378541204121000, 1.000000000000000000) ) )
 REPRESENTATION_ITEM ( '' )  SURFACE ( )  );
#7733 = VECTOR ( 'NONE', #2576, 1000.000000000000000 ) ;
#7734 = CARTESIAN_POINT ( 'NONE',  ( 0.4190999999999958600, 0.03048000000000017400, 1.569720000000000200 ) ) ;
#7735 = FACE_OUTER_BOUND ( 'NONE', #5071, .T. ) ;
#7736 = EDGE_CURVE ( 'NONE', #6690, #5705, #2121, .T. ) ;
#7737 = CARTESIAN_POINT ( 'NONE',  ( 1.600149602380977400, 7.512325129353056000, 0.01270000000000057900 ) ) ;
#7738 = CARTESIAN_POINT ( 'NONE',  ( 0.4495799999999962000, 0.0000000000000000000, 0.0000000000000000000 ) ) ;
#7739 = EDGE_LOOP ( 'NONE', ( #5638, #3830, #5852, #7850 ) ) ;
#7740 = DIRECTION ( 'NONE',  ( 1.000000000000000000, 0.0000000000000000000, -0.0000000000000000000 ) ) ;
#7741 = ORIENTED_EDGE ( 'NONE', *, *, #2922, .T. ) ;
#7742 = CIRCLE ( 'NONE', #3578, 0.03048000000000004900 ) ;
#7743 = ORIENTED_EDGE ( 'NONE', *, *, #5891, .T. ) ;
#7744 = AXIS2_PLACEMENT_3D ( 'NONE', #5427, #2990, #7287 ) ;
#7745 = CARTESIAN_POINT ( 'NONE',  ( -0.3886199999999958000, 0.7238999999999998800, -1.569720000000000000 ) ) ;
#7746 = CARTESIAN_POINT ( 'NONE',  ( -0.4495799999999959300, -3.388131789017201400E-018, 1.541780000000000400 ) ) ;
#7747 = ADVANCED_FACE ( 'NONE', ( #506 ), #2460, .F. ) ;
#7748 =( BOUNDED_SURFACE ( )  B_SPLINE_SURFACE ( 3, 3, (
 ( #781, #5665, #5616, #5030 ),
 ( #5004, #4429, #4404, #4377 ),
 ( #3792, #3767, #3216, #3193 ),
 ( #3164, #3137, #2566, #2536 ) ),
 .UNSPECIFIED., .F., .F., .T. )
 B_SPLINE_SURFACE_WITH_KNOTS ( ( 4, 4 ),
 ( 4, 4 ),
 ( 0.0000000000000000000, 1.000000000000000000 ),
 ( 0.0000000000000000000, 1.000000000000000000 ),
 .UNSPECIFIED. )
 GEOMETRIC_REPRESENTATION_ITEM ( )  RATIONAL_B_SPLINE_SURFACE ( (
 ( 1.000000000000000000, 0.3333333333333334300, 0.3333333333333334300, 1.000000000000000000),
 ( 0.8047378541243649400, 0.2682459513747884100, 0.2682459513747884100, 0.8047378541243649400),
 ( 0.8047378541243649400, 0.2682459513747884100, 0.2682459513747884100, 0.8047378541243649400),
 ( 1.000000000000000000, 0.3333333333333334300, 0.3333333333333334300, 1.000000000000000000) ) )
 REPRESENTATION_ITEM ( '' )  SURFACE ( )  );
#7749 = ORIENTED_EDGE ( 'NONE', *, *, #3331, .F. ) ;
#7750 = VECTOR ( 'NONE', #1635, 1000.000000000000000 ) ;
#7751 = CARTESIAN_POINT ( 'NONE',  ( 1.595545073662709700, 1.309485567015419100, -0.01269999999999998900 ) ) ;
#7752 = VERTEX_POINT ( 'NONE', #4982 ) ;
#7753 = CARTESIAN_POINT ( 'NONE',  ( 1.531404489643474900, 0.6603999959238824300, 0.4641453609236937900 ) ) ;
#7754 = AXIS2_PLACEMENT_3D ( 'NONE', #353, #325, #196 ) ;
#7755 = CARTESIAN_POINT ( 'NONE',  ( 0.0000000000000000000, 0.08890000000000000700, 0.0000000000000000000 ) ) ;
#7756 = ORIENTED_EDGE ( 'NONE', *, *, #3909, .T. ) ;
#7757 = EDGE_CURVE ( 'NONE', #4783, #5926, #5203, .T. ) ;
#7758 = CARTESIAN_POINT ( 'NONE',  ( 0.0000000000000000000, 4.572929130132065400, -1.104900000000000200 ) ) ;
#7759 = VERTEX_POINT ( 'NONE', #4386 ) ;
#7760 = DIRECTION ( 'NONE',  ( 0.0000000000000000000, 1.000000000000000000, 0.0000000000000000000 ) ) ;
#7761 = FACE_OUTER_BOUND ( 'NONE', #7730, .T. ) ;
#7762 = CARTESIAN_POINT ( 'NONE',  ( 0.4190999999999958600, 0.03048000000000004900, 1.569720000000000200 ) ) ;
#7763 = ORIENTED_EDGE ( 'NONE', *, *, #1732, .T. ) ;
#7764 = EDGE_CURVE ( 'NONE', #4391, #6946, #1922, .T. ) ;
#7765 = CARTESIAN_POINT ( 'NONE',  ( -0.4190999999903551900, 0.6605023053445272500, -1.570750303145080900 ) ) ;
#7766 = AXIS2_PLACEMENT_3D ( 'NONE', #6370, #2686, #1447 ) ;
#7767 = FACE_OUTER_BOUND ( 'NONE', #2308, .T. ) ;
#7768 = CARTESIAN_POINT ( 'NONE',  ( 0.4190999999939399300, 0.6610972815156126400, -1.568011569498744000 ) ) ;
#7769 =( BOUNDED_SURFACE ( )  B_SPLINE_SURFACE ( 3, 2, (
 ( #1816, #1706, #1605 ),
 ( #1581, #1552, #1226 ),
 ( #1195, #1167, #1144 ),
 ( #1118, #1093, #1067 ) ),
 .UNSPECIFIED., .F., .F., .T. )
 B_SPLINE_SURFACE_WITH_KNOTS ( ( 4, 4 ),
 ( 3, 3 ),
 ( 0.0000000000000000000, 2.370184178858314300E-005 ),
 ( 0.0000000000000000000, 1.000000000000000000 ),
 .UNSPECIFIED. )
 GEOMETRIC_REPRESENTATION_ITEM ( )  RATIONAL_B_SPLINE_SURFACE ( (
 ( 1.000000000000000000, 0.7071067811865487900, 1.000000000000000000),
 ( 1.000000000000000000, 0.7190828104055676500, 1.000000000000000000),
 ( 1.000000000000000000, 0.7304825694760332900, 1.000000000000000000),
 ( 1.000000000000000000, 0.7413783898880406100, 1.000000000000000000) ) )
 REPRESENTATION_ITEM ( '' )  SURFACE ( )  );
#7770 = ORIENTED_EDGE ( 'NONE', *, *, #1472, .F. ) ;
#7771 = VERTEX_POINT ( 'NONE', #701 ) ;
#7772 = FACE_OUTER_BOUND ( 'NONE', #785, .T. ) ;
#7773 = AXIS2_PLACEMENT_3D ( 'NONE', #4802, #1115, #5421 ) ;
#7774 = LINE ( 'NONE', #1630, #1430 ) ;
#7775 = EDGE_CURVE ( 'NONE', #259, #6300, #2106, .T. ) ;
#7776 = AXIS2_PLACEMENT_3D ( 'NONE', #544, #4836, #1145 ) ;
#7777 = CARTESIAN_POINT ( 'NONE',  ( 1.594603519116125000, 1.308069460885808800, -0.01270000000000009000 ) ) ;
#7778 = VERTEX_POINT ( 'NONE', #6859 ) ;
#7779 = CARTESIAN_POINT ( 'NONE',  ( 1.569106636948003300, 1.293233060663224700, -0.1070097897106649500 ) ) ;
#7780 = CARTESIAN_POINT ( 'NONE',  ( -1.321454821362894300, 0.6738412726536902000, 0.9196405909769097600 ) ) ;
#7781 = CARTESIAN_POINT ( 'NONE',  ( 2.247900000000000900, 0.6299199999999998100, 0.7493747706188675900 ) ) ;
#7782 = VECTOR ( 'NONE', #956, 1000.000000000000000 ) ;
#7783 = ORIENTED_EDGE ( 'NONE', *, *, #5115, .F. ) ;
#7784 = DIRECTION ( 'NONE',  ( 0.0000000000000000000, 0.0000000000000000000, 1.000000000000000000 ) ) ;
#7785 = ADVANCED_FACE ( 'NONE', ( #5027 ), #688, .T. ) ;
#7786 = DIRECTION ( 'NONE',  ( -1.000000000000000000, 1.604703943646771100E-016, 0.0000000000000000000 ) ) ;
#7787 = PLANE ( 'NONE',  #7371 ) ;
#7788 = AXIS2_PLACEMENT_3D ( 'NONE', #5765, #5791, #5818 ) ;
#7789 = CARTESIAN_POINT ( 'NONE',  ( -0.6604000000000001000, 1.447800000000000000, -8.436175169590751900E-017 ) ) ;
#7790 = EDGE_CURVE ( 'NONE', #7860, #7376, #3376, .T. ) ;
#7791 = B_SPLINE_CURVE_WITH_KNOTS ( 'NONE', 3,
 ( #5497, #6100, #7314, #4913, #4889, #4862 ),
 .UNSPECIFIED., .F., .F.,
 ( 4, 2, 4 ),
 ( 0.0000000000000000000, 0.5000000000000000000, 1.000000000000000000 ),
 .UNSPECIFIED. ) ;
#7792 = DIRECTION ( 'NONE',  ( -0.0000000000000000000, 1.000000000000000000, 0.0000000000000000000 ) ) ;
#7793 = DIRECTION ( 'NONE',  ( -0.0000000000000000000, -1.000000000000000000, -0.0000000000000000000 ) ) ;
#7794 = VERTEX_POINT ( 'NONE', #1393 ) ;
#7795 = ORIENTED_EDGE ( 'NONE', *, *, #5095, .T. ) ;
#7796 = B_SPLINE_CURVE_WITH_KNOTS ( 'NONE', 3,
 ( #4179, #4204, #7324, #3643, #1, #4260, #579, #4873, #1177, #5482, #1796, #6116, #2409, #6728, #2253, #1180 ),
 .UNSPECIFIED., .F., .F.,
 ( 4, 3, 3, 3, 3, 4 ),
 ( 0.0000000000000000000, 9.409179462579092600E-006, 1.883554765821929600E-005, 2.797377745099928100E-005, 3.661762213787015700E-005, 4.080771997139709400E-005 ),
 .UNSPECIFIED. ) ;
#7797 = CARTESIAN_POINT ( 'NONE',  ( 1.593554859196625500, 1.306745582473311000, -0.01270000000000009000 ) ) ;
#7798 = DIRECTION ( 'NONE',  ( -0.0000000000000000000, -1.000000000000000000, -0.0000000000000000000 ) ) ;
#7799 = CARTESIAN_POINT ( 'NONE',  ( -1.346727066632285000, 0.6728915161245091500, 0.8890000000000001200 ) ) ;
#7800 = ORIENTED_EDGE ( 'NONE', *, *, #2814, .T. ) ;
#7801 = CLOSED_SHELL ( 'NONE', ( #5015, #1495, #7223, #3395, #2320, #6332, #4518, #2705, #6582, #4757 ) ) ;
#7802 = DIRECTION ( 'NONE',  ( -1.000000000000000000, -0.0000000000000000000, 2.753879025871233800E-016 ) ) ;
#7803 = EDGE_LOOP ( 'NONE', ( #3105, #909 ) ) ;
#7804 = CARTESIAN_POINT ( 'NONE',  ( -0.4495799999999958700, 0.03047999999999999000, 1.600200000000000100 ) ) ;
#7805 = AXIS2_PLACEMENT_3D ( 'NONE', #3665, #2408, #25 ) ;
#7806 = VECTOR ( 'NONE', #6299, 1000.000000000000000 ) ;
#7807 = EDGE_CURVE ( 'NONE', #2024, #6306, #1727, .T. ) ;
#7808 = AXIS2_PLACEMENT_3D ( 'NONE', #2557, #4264, #2441 ) ;
#7809 = EDGE_CURVE ( 'NONE', #2562, #7395, #6654, .T. ) ;
#7810 = LINE ( 'NONE', #3566, #3103 ) ;
#7811 = CARTESIAN_POINT ( 'NONE',  ( -0.2920999999999991400, 1.417319999999999700, -0.01269999999999999400 ) ) ;
#7812 = ORIENTED_EDGE ( 'NONE', *, *, #1238, .T. ) ;
#7813 = DIRECTION ( 'NONE',  ( 0.0000000000000000000, 1.000000000000000000, -0.0000000000000000000 ) ) ;
#7814 = CIRCLE ( 'NONE', #6803, 0.03048000000000004900 ) ;
#7815 = CARTESIAN_POINT ( 'NONE',  ( -1.336377825953577700, 0.6604013537049185900, -0.9197672629794416700 ) ) ;
#7816 = AXIS2_PLACEMENT_3D ( 'NONE', #6693, #7867, #4830 ) ;
#7817 = ADVANCED_FACE ( 'NONE', ( #6846 ), #7869, .T. ) ;
#7818 = FACE_OUTER_BOUND ( 'NONE', #2532, .T. ) ;
#7819 = CARTESIAN_POINT ( 'NONE',  ( 1.592506418320575300, 1.305421980591734600, -0.01270000000000009000 ) ) ;
#7820 = UNCERTAINTY_MEASURE_WITH_UNIT (LENGTH_MEASURE( 1.000000000000000100E-005 ), #7859, 'distance_accuracy_value', 'NONE');
#7821 = CARTESIAN_POINT ( 'NONE',  ( -0.4340735501802627200, 0.6603999999999997600, -1.570792588589313500 ) ) ;
#7822 = VERTEX_POINT ( 'NONE', #2023 ) ;
#7823 = VERTEX_POINT ( 'NONE', #6347 ) ;
#7824 = FACE_OUTER_BOUND ( 'NONE', #4472, .T. ) ;
#7825 = VERTEX_POINT ( 'NONE', #2661 ) ;
#7826 = UNCERTAINTY_MEASURE_WITH_UNIT (LENGTH_MEASURE( 1.000000000000000100E-005 ), #2916, 'distance_accuracy_value', 'NONE');
#7827 = CARTESIAN_POINT ( 'NONE',  ( 2.247900000000000000, 0.6299199999999998100, 0.4952999999999996300 ) ) ;
#7828 = CARTESIAN_POINT ( 'NONE',  ( 2.247900000000000900, 0.6477747706188677900, 0.5153209175245271300 ) ) ;
#7829 = ORIENTED_EDGE ( 'NONE', *, *, #1109, .F. ) ;
#7830 = CARTESIAN_POINT ( 'NONE',  ( -0.4495799999999958700, 0.03048000000000004900, -1.600200000000000100 ) ) ;
#7831 = ORIENTED_EDGE ( 'NONE', *, *, #5752, .T. ) ;
#7832 = EDGE_CURVE ( 'NONE', #5077, #2056, #1542, .T. ) ;
#7833 = ORIENTED_EDGE ( 'NONE', *, *, #1721, .F. ) ;
#7834 = CARTESIAN_POINT ( 'NONE',  ( -1.321554598097102600, 1.435174770618867600, -0.9022934579439250100 ) ) ;
#7835 = EDGE_LOOP ( 'NONE', ( #396, #6216, #6308, #6612, #6531 ) ) ;
#7836 = CARTESIAN_POINT ( 'NONE',  ( -1.573138539705973600, 0.6603999999999998800, 0.7567956229250800700 ) ) ;
#7837 = ORIENTED_EDGE ( 'NONE', *, *, #5585, .F. ) ;
#7838 = CARTESIAN_POINT ( 'NONE',  ( 1.569125987930860800, 1.447800000000000000, -0.04318000000000001700 ) ) ;
#7839 = CIRCLE ( 'NONE', #7868, 0.3810000000000000100 ) ;
#7840 = PLANE ( 'NONE',  #5269 ) ;
#7841 = AXIS2_PLACEMENT_3D ( 'NONE', #105, #135, #1270 ) ;
#7842 = VERTEX_POINT ( 'NONE', #3274 ) ;
#7843 = DIRECTION ( 'NONE',  ( -0.0000000000000000000, -1.000000000000000000, 0.0000000000000000000 ) ) ;
#7844 = CARTESIAN_POINT ( 'NONE',  ( 1.591343725112722000, 1.304181489537523200, -0.01269999999999994900 ) ) ;
#7845 = CARTESIAN_POINT ( 'NONE',  ( 2.247900000000000000, 0.6603999999999998800, 0.4952999999999996300 ) ) ;
#7846 = FACE_OUTER_BOUND ( 'NONE', #1961, .T. ) ;
#7847 = EDGE_CURVE ( 'NONE', #5714, #6690, #6270, .T. ) ;
#7848 = EDGE_CURVE ( 'NONE', #908, #5724, #4814, .T. ) ;
#7849 = ADVANCED_FACE ( 'NONE', ( #3190 ), #2685, .F. ) ;
#7850 = ORIENTED_EDGE ( 'NONE', *, *, #4820, .T. ) ;
#7851 = VECTOR ( 'NONE', #4207, 1000.000000000000000 ) ;
#7852 = VECTOR ( 'NONE', #2072, 1000.000000000000000 ) ;
#7853 = VECTOR ( 'NONE', #1757, 1000.000000000000000 ) ;
#7854 = ORIENTED_EDGE ( 'NONE', *, *, #1397, .T. ) ;
#7855 = DIRECTION ( 'NONE',  ( 0.0000000000000000000, -1.000000000000000000, -0.0000000000000000000 ) ) ;
#7856 =( BOUNDED_SURFACE ( )  B_SPLINE_SURFACE ( 3, 3, (
 ( #6855, #3797, #1339, #5645 ),
 ( #1941, #6266, #2572, #6881 ),
 ( #3197, #7501, #3827, #158 ),
 ( #4433, #752, #5059, #1360 ) ),
 .UNSPECIFIED., .F., .F., .F. )
 B_SPLINE_SURFACE_WITH_KNOTS ( ( 4, 4 ),
 ( 4, 4 ),
 ( 0.0000000000000000000, 1.000000000000000000 ),
 ( 0.0000000000000000000, 1.000000000000000000 ),
 .UNSPECIFIED. )
 GEOMETRIC_REPRESENTATION_ITEM ( )  RATIONAL_B_SPLINE_SURFACE ( (
 ( 1.000000000000000000, 0.9233949522821429700, 0.9233949522821429700, 1.000000000000000000),
 ( 0.8047378541243649400, 0.7430908724088021200, 0.7430908724088021200, 0.8047378541243649400),
 ( 0.8047378541243649400, 0.7430908724088021200, 0.7430908724088021200, 0.8047378541243649400),
 ( 1.000000000000000000, 0.9233949522821429700, 0.9233949522821429700, 1.000000000000000000) ) )
 REPRESENTATION_ITEM ( '' )  SURFACE ( )  );
#7857 = CIRCLE ( 'NONE', #5751, 0.03048000000000003500 ) ;
#7858 = ORIENTED_EDGE ( 'NONE', *, *, #7030, .T. ) ;
#7859 =( LENGTH_UNIT ( ) NAMED_UNIT ( * ) SI_UNIT ( .MILLI., .METRE. ) );
#7860 = VERTEX_POINT ( 'NONE', #2051 ) ;
#7861 = SURFACE_STYLE_USAGE ( .BOTH. , #3581 ) ;
#7862 = EDGE_CURVE ( 'NONE', #756, #1654, #7241, .T. ) ;
#7863 = CARTESIAN_POINT ( 'NONE',  ( 1.590090683141725600, 1.303049660915157400, -0.01269999999999994900 ) ) ;
#7864 = CARTESIAN_POINT ( 'NONE',  ( -1.516380000000000300, 0.1117600000000007100, -0.4953000000000003000 ) ) ;
#7865 = ORIENTED_EDGE ( 'NONE', *, *, #2604, .F. ) ;
#7866 = CARTESIAN_POINT ( 'NONE',  ( -0.2285999999977199600, 1.439731320862911400, -0.6798994845511674400 ) ) ;
#7867 = DIRECTION ( 'NONE',  ( 1.000000000000000000, 0.0000000000000000000, 0.0000000000000000000 ) ) ;
#7868 = AXIS2_PLACEMENT_3D ( 'NONE', #3049, #5354, #4095 ) ;
#7869 = CYLINDRICAL_SURFACE ( 'NONE', #1787, 0.03048000000000004900 ) ;
#7870 = DIRECTION ( 'NONE',  ( 0.0000000000000000000, 0.0000000000000000000, -1.000000000000000000 ) ) ;
#7871 = ORIENTED_EDGE ( 'NONE', *, *, #4117, .F. ) ;
#7872 = CARTESIAN_POINT ( 'NONE',  ( 1.516380000000000500, 0.1117600000000006800, 0.4952999999999996300 ) ) ;
#7873 = B_SPLINE_CURVE_WITH_KNOTS ( 'NONE', 3,
 ( #3918, #3366, #3940, #3964, #4526, #4553, #4582, #5759 ),
 .UNSPECIFIED., .F., .F.,
 ( 4, 2, 2, 4 ),
 ( 0.0000000000000000000, 0.2500000000000007800, 0.5000000000000015500, 1.000000000000000000 ),
 .UNSPECIFIED. ) ;
#7874 = ADVANCED_FACE ( 'NONE', ( #7703 ), #3951, .F. ) ;
#7875 = CARTESIAN_POINT ( 'NONE',  ( -1.674842215535154100, 0.6623081229941341100, 0.4953000000000084000 ) ) ;
#7876 = LINE ( 'NONE', #1353, #4257 ) ;
#7877 = LINE ( 'NONE', #1980, #1551 ) ;
#7878 = CARTESIAN_POINT ( 'NONE',  ( 0.9310423555380169500, 1.447799999999999800, -1.587574770618868100 ) ) ;
#7879 = CARTESIAN_POINT ( 'NONE',  ( -1.782306548403440200, 1.447799999999999800, 0.3150438456690249900 ) ) ;
#7880 = CARTESIAN_POINT ( 'NONE',  ( 1.587557947272586700, 1.300761929924547400, -0.01269999999999994900 ) ) ;
#7881 = CARTESIAN_POINT ( 'NONE',  ( 1.397074770618876900, 0.03048000000000004900, 1.569720000000000000 ) ) ;
#7882 = ORIENTED_EDGE ( 'NONE', *, *, #3664, .T. ) ;
#7883 = LINE ( 'NONE', #2867, #4835 ) ;
#7884 = DIRECTION ( 'NONE',  ( 0.0000000000000000000, 0.0000000000000000000, -1.000000000000000000 ) ) ;
#7885 = CARTESIAN_POINT ( 'NONE',  ( 1.526689624153546400, 0.6603999999999999900, 0.5200230879780284300 ) ) ;
#7886 = EDGE_CURVE ( 'NONE', #3974, #2057, #5811, .T. ) ;
#7887 =( GEOMETRIC_REPRESENTATION_CONTEXT ( 3 ) GLOBAL_UNCERTAINTY_ASSIGNED_CONTEXT ( ( #7826 ) ) GLOBAL_UNIT_ASSIGNED_CONTEXT ( ( #2916, #2944, #2971 ) ) REPRESENTATION_CONTEXT ( 'NONE', 'WORKASPACE' ) );
#7888 = ORIENTED_EDGE ( 'NONE', *, *, #5451, .F. ) ;
#7889 = DIRECTION ( 'NONE',  ( 1.000000000000000000, -0.0000000000000000000, 0.0000000000000000000 ) ) ;
#7890 = CIRCLE ( 'NONE', #5298, 0.03048000000000004900 ) ;
#7891 = CARTESIAN_POINT ( 'NONE',  ( -1.866900000000000000, 0.6603999999999997600, -0.9347199999999993300 ) ) ;
#7892 = CARTESIAN_POINT ( 'NONE',  ( -2.217420000000000200, 5.421010862427522200E-017, -1.569719999999999600 ) ) ;
#7893 = CARTESIAN_POINT ( 'NONE',  ( 1.572260000000000900, 0.05587999999999969400, 0.4952999999999996300 ) ) ;
#7894 = CARTESIAN_POINT ( 'NONE',  ( 0.8509000000000003200, 0.08890000000000000700, -0.4953000000000003000 ) ) ;
#7895 = ORIENTED_EDGE ( 'NONE', *, *, #2493, .F. ) ;
#7896 = CARTESIAN_POINT ( 'NONE',  ( 2.247900000000000900, 0.6603999999999998800, 0.7493747706188677000 ) ) ;
#7897 = CARTESIAN_POINT ( 'NONE',  ( -2.247900000000000000, 0.03048000000000004900, 1.600200000000000100 ) ) ;
#7898 = LINE ( 'NONE', #3040, #3021 ) ;
#7899 = CARTESIAN_POINT ( 'NONE',  ( -2.217420000000000200, 0.6603999999999997600, -0.4953000000000004100 ) ) ;
#7900 = LINE ( 'NONE', #1813, #172 ) ;
#7901 = AXIS2_PLACEMENT_3D ( 'NONE', #4968, #1269, #5579 ) ;
#7902 = DIRECTION ( 'NONE',  ( -1.000000000000000000, -1.604703943646771100E-016, 0.0000000000000000000 ) ) ;
#7903 = EDGE_CURVE ( 'NONE', #6977, #4302, #1352, .T. ) ;
#7904 = CARTESIAN_POINT ( 'NONE',  ( -1.680905913091854400, 0.6607505494388081800, 0.4953000000000084000 ) ) ;
#7905 = EDGE_LOOP ( 'NONE', ( #1543, #1188, #1927, #3455, #3077, #4937, #6882, #822 ) ) ;
#7906 = ORIENTED_EDGE ( 'NONE', *, *, #6368, .T. ) ;
#7907 = VERTEX_POINT ( 'NONE', #4598 ) ;
ENDSEC;
END-ISO-10303-21;
